frb_id,tsne_1,tsne_2,label
FRB20180725A,48.56582,-31.10241,0
FRB20180727A,23.915197,-13.908967,0
FRB20180729A,72.35626,-21.697403,0
FRB20180729B,2.141238,-41.408676,0
FRB20180730A,55.537506,16.126253,0
FRB20180801A,-4.4033346,-0.27866766,0
FRB20180806A,33.6563,-19.911612,0
FRB20180810A,-22.671211,-8.341555,0
FRB20180810B,69.84799,-31.68177,0
FRB20180812A,22.83268,15.610677,0
FRB20180814A,-70.823975,-9.033551,1
FRB20180814B,43.067604,-0.4978495,0
FRB20180817A,31.159695,38.512283,0
FRB20180904A,65.54801,-19.803171,0
FRB20180906A,19.657167,-21.586588,0
FRB20180906B,4.806413,12.25292,0
FRB20180907A,-8.255509,-30.69602,0
FRB20180907B,26.997782,-9.665893,0
FRB20180907C,-26.26986,-7.612586,0
FRB20180907D,7.099984,6.846589,0
FRB20180907E,-15.626304,19.705662,0
FRB20180908B,-67.83202,-11.895693,1
FRB20180909A,5.9337344,3.5540082,0
FRB20180910A,60.186005,-15.949524,1
FRB20180911A,33.621586,0.18108216,0
FRB20180911C,-41.38849,12.963379,1
FRB20180912A,-19.320719,47.32157,0
FRB20180915A,34.052814,-6.083537,0
FRB20180915B,-24.200739,-11.87444,0
FRB20180916A,25.181234,-40.216255,0
FRB20180916B,-53.000145,-6.0182977,1
FRB20180916C,-24.707073,-0.9961753,0
FRB20180917A,-85.5185,-3.735585,1
FRB20180917B,33.093044,14.148707,0
FRB20180918A,40.551147,-16.454481,0
FRB20180919A,-70.86048,17.063568,1
FRB20180919B,24.161528,-29.487389,0
FRB20180920A,-0.6125911,25.04965,0
FRB20180920B,-35.30067,20.722195,0
FRB20180921A,19.662708,-8.242577,0
FRB20180922A,-16.72902,39.052116,0
FRB20180923A,5.2371254,-39.754917,0
FRB20180923C,2.4062378,-36.564045,0
FRB20180923D,65.08626,-26.806065,0
FRB20180924A,39.27611,-20.154953,0
FRB20180925A,9.269093,23.48591,0
FRB20180925B,0.36327988,-32.203075,0
FRB20180928A,-12.241928,-29.156939,0
FRB20181012B,-10.714505,-1.1966515,0
FRB20181013A,26.11328,-39.340652,0
FRB20181013B,-6.5568547,37.02456,0
FRB20181013C,21.259188,-4.1394186,0
FRB20181013E,-13.866549,10.420819,0
FRB20181014A,-18.830233,-22.071453,0
FRB20181014B,51.263824,-4.500783,0
FRB20181014C,24.059202,-13.67185,0
FRB20181014D,34.996494,0.6049245,0
FRB20181015A,19.42689,-13.254621,0
FRB20181017A,-32.068928,30.721504,1
FRB20181017B,-28.766563,17.615088,0
FRB20181018A,16.507915,19.739964,0
FRB20181018B,61.46554,-22.396826,1
FRB20181018C,22.95848,-43.88477,0
FRB20181019A,-67.87821,-8.030543,1
FRB20181019B,17.469448,-9.1645355,0
FRB20181019C,17.038633,-17.07131,0
FRB20181020A,21.267128,6.2487617,0
FRB20181022A,3.92209,-22.751892,0
FRB20181022C,24.215528,-7.862302,0
FRB20181022D,50.200745,-29.102242,0
FRB20181022E,-2.3993142,-32.609756,0
FRB20181022F,10.870027,-25.635435,0
FRB20181025A,28.363428,-28.815636,0
FRB20181027A,6.6639495,19.44581,0
FRB20181028A,-89.0357,-13.816233,1
FRB20181030A,-33.410168,10.9108515,1
FRB20181030B,-62.89791,-8.995929,1
FRB20181030C,21.618187,-23.588507,0
FRB20181030D,42.21131,-14.738745,0
FRB20181030E,-0.63580906,-4.5088277,0
FRB20181101A,-72.11148,22.071985,0
FRB20181102A,4.1903915,-7.0392413,0
FRB20181104A,-57.511494,-14.606144,1
FRB20181104B,-50.800217,19.174221,1
FRB20181104C,70.79637,-13.692138,0
FRB20181115A,-34.98676,-1.2031119,0
FRB20181116A,21.313572,-44.753937,0
FRB20181116B,-30.29902,5.37102,0
FRB20181117A,30.167439,15.31308,0
FRB20181117B,22.197718,18.63581,0
FRB20181117C,48.69084,-29.04508,0
FRB20181118A,6.0834785,13.3620615,0
FRB20181118B,37.237846,-12.711853,0
FRB20181118C,-78.027176,11.73471,1
FRB20181119A,-72.18219,4.306553,1
FRB20181119B,36.376526,39.81354,0
FRB20181119C,22.932325,-43.819504,0
FRB20181119D,-28.094103,22.461521,0
FRB20181119E,13.034242,-26.760967,0
FRB20181120B,-46.92249,7.1471095,1
FRB20181120C,-43.775887,11.080786,1
FRB20181122A,20.295536,-8.928827,0
FRB20181122B,71.41059,-17.698307,0
FRB20181123A,10.237329,-39.428345,0
FRB20181124A,-0.41078782,4.5595717,0
FRB20181124B,44.428284,-12.622658,0
FRB20181125A,-46.53214,1.7245377,0
FRB20181126A,64.54356,-31.41417,0
FRB20181127A,40.060856,-28.187359,0
FRB20181128A,-37.813393,12.996681,1
FRB20181128B,29.555058,-19.184721,0
FRB20181128C,-39.154057,15.778133,0
FRB20181128D,57.535126,1.9699503,0
FRB20181129A,67.47308,-38.07835,0
FRB20181129B,-24.669,-14.964144,0
FRB20181129C,40.435013,14.803893,0
FRB20181130A,4.897169,-38.638554,0
FRB20181201A,-11.173788,43.77374,0
FRB20181201B,39.010246,-8.821741,0
FRB20181201D,2.2111018,-26.963236,1
FRB20181202A,44.537632,18.145374,0
FRB20181202B,6.894596,18.46343,0
FRB20181202C,23.773998,27.808207,0
FRB20181203A,34.982456,0.4298553,0
FRB20181203B,44.630383,-28.928957,0
FRB20181203C,36.926716,12.629831,0
FRB20181208A,49.63709,-10.245691,0
FRB20181208C,-16.195972,51.95594,0
FRB20181209A,60.634113,-33.275604,0
FRB20181213A,41.446564,-7.7236924,0
FRB20181213B,17.512543,5.8390775,0
FRB20181213C,30.286907,-8.208056,0
FRB20181214A,-24.105907,-13.095724,0
FRB20181214B,11.913263,-10.687092,0
FRB20181214C,43.879143,14.326563,0
FRB20181214D,27.544582,32.088005,0
FRB20181214F,-23.122955,3.212204,0
FRB20181215A,19.912497,-6.5937424,0
FRB20181215B,55.848263,-20.141977,0
FRB20181216A,23.965517,-8.683523,0
FRB20181217A,39.64106,-20.295252,0
FRB20181218A,-21.701704,-14.946736,0
FRB20181218B,17.956491,2.9023452,0
FRB20181218C,-1.3225347,7.1651626,0
FRB20181219A,-5.1260056,23.885761,1
FRB20181219B,4.7201324,18.728579,0
FRB20181219C,36.58564,14.423265,0
FRB20181220A,60.090687,-33.645863,0
FRB20181220B,23.539953,-39.06514,0
FRB20181221A,52.987724,7.997063,0
FRB20181221B,67.38012,1.4655674,0
FRB20181222A,-84.449684,-15.863603,1
FRB20181222B,5.557387,-16.071001,0
FRB20181222C,30.332392,-7.87158,0
FRB20181222D,-7.226254,25.212717,0
FRB20181222E,54.53376,-25.373674,0
FRB20181223A,-49.634163,-9.598254,1
FRB20181223B,-40.981243,11.1597595,0
FRB20181223C,49.9285,-16.533352,0
FRB20181224A,69.35001,-15.880315,0
FRB20181224B,27.349367,27.995232,0
FRB20181224C,16.53024,38.845226,0
FRB20181224D,22.546888,-6.751278,0
FRB20181224E,58.98033,-18.715488,0
FRB20181225A,-53.835316,0.97704774,1
FRB20181225B,46.414608,-5.2302403,0
FRB20181226A,-45.598938,2.3295774,1
FRB20181226B,54.277985,19.466484,0
FRB20181226D,50.11301,-20.606525,0
FRB20181226E,-18.492937,-11.036703,0
FRB20181226G,50.6174,-5.825627,0
FRB20181227A,15.860247,-23.791407,0
FRB20181228A,29.620638,-10.794055,0
FRB20181228B,-8.35018,17.903036,0
FRB20181228C,19.659048,-29.443796,0
FRB20181229A,41.658382,13.093815,0
FRB20181229B,-12.844724,27.95236,0
FRB20181230A,-4.8292904,37.78338,0
FRB20181230B,32.476566,13.132692,0
FRB20181230C,32.70915,-24.33654,0
FRB20181230D,32.056213,-0.6308881,0
FRB20181230E,24.315506,20.649576,0
FRB20181231A,60.266846,-21.430462,0
FRB20181231B,45.664375,-12.586577,0
FRB20181231C,41.48874,-22.057323,0
FRB20190101A,14.279475,41.15226,0
FRB20190101B,-19.39344,-20.972055,0
FRB20190102A,-4.51752,-0.58474606,0
FRB20190102B,65.50351,-40.770336,0
FRB20190103A,-40.793148,10.559955,1
FRB20190103B,14.436395,34.085686,0
FRB20190103C,45.989025,14.865179,0
FRB20190103D,29.92884,-8.9060335,0
FRB20190103E,22.243141,3.7489324,0
FRB20190104A,46.03199,-19.373856,0
FRB20190104B,7.4767284,12.494264,0
FRB20190105A,17.314198,19.405603,0
FRB20190106A,-21.206484,15.906591,0
FRB20190106B,52.564606,-31.700245,0
FRB20190107A,-21.540247,42.21911,0
FRB20190107B,19.446638,-38.409218,0
FRB20190109A,29.88912,-5.9307246,0
FRB20190109B,11.236891,19.24794,0
FRB20190110A,-12.715464,-29.148958,0
FRB20190110B,19.739864,19.207535,0
FRB20190110C,-7.001638,-26.634382,1
FRB20190111A,58.660652,16.425253,0
FRB20190111B,49.377346,-9.927531,0
FRB20190112A,44.48483,23.11299,0
FRB20190113A,-22.892012,16.07021,1
FRB20190114A,-19.961325,0.41025868,0
FRB20190115A,19.887087,-20.407955,0
FRB20190115B,40.965954,-8.053052,0
FRB20190116A,-69.83649,9.546886,1
FRB20190116B,-43.057888,16.515238,1
FRB20190116C,-57.649708,-14.571698,0
FRB20190116D,18.716333,21.959322,0
FRB20190116E,24.17351,-12.9625845,0
FRB20190116F,32.9643,-21.153156,0
FRB20190117A,-57.338963,-15.410227,1
FRB20190117C,7.281323,-20.012117,0
FRB20190117D,-4.5225983,7.004215,0
FRB20190118A,71.11024,-22.104189,0
FRB20190118B,5.2968793,34.362507,0
FRB20190121A,47.953983,15.873912,0
FRB20190122A,-4.098474,39.051113,0
FRB20190122B,15.751635,-8.774588,0
FRB20190122C,37.72607,36.74216,0
FRB20190124A,20.429274,36.184616,0
FRB20190124B,35.569748,32.16622,0
FRB20190124C,54.566566,22.129967,0
FRB20190124D,-9.174927,-14.640471,0
FRB20190124E,3.1315212,14.035609,0
FRB20190124F,62.57684,-19.76703,0
FRB20190125A,-16.804651,44.09671,0
FRB20190125B,51.905834,7.320909,0
FRB20190126A,-69.15724,-11.338595,1
FRB20190127B,-2.921746,39.153492,0
FRB20190128A,22.833364,1.027536,0
FRB20190128B,18.259214,-38.893276,0
FRB20190128C,-37.68427,16.891768,0
FRB20190128D,25.764437,-9.020394,0
FRB20190129A,-2.791894,18.84682,0
FRB20190130A,3.9043195,31.027378,0
FRB20190130B,67.619446,-0.7311511,0
FRB20190131B,33.990654,-18.768589,0
FRB20190131C,26.588465,-33.580574,0
FRB20190131D,69.52009,-34.64507,0
FRB20190131E,49.545067,-26.031063,0
FRB20190201A,19.125383,-31.222061,1
FRB20190201B,43.368942,-2.2998295,0
FRB20190202A,64.379974,-30.634512,0
FRB20190202B,51.42506,-30.010138,0
FRB20190203A,67.52083,1.82488,0
FRB20190203B,14.878663,-25.99379,0
FRB20190203C,31.573845,-13.556868,0
FRB20190204A,-9.19771,-4.4335537,0
FRB20190204B,55.956482,-0.45259577,0
FRB20190205A,-3.223889,-8.949853,0
FRB20190206A,44.00219,21.73532,0
FRB20190206B,-5.528435,24.95157,0
FRB20190206C,34.313812,16.50111,0
FRB20190208A,-76.76427,1.6388352,1
FRB20190208B,-16.952995,39.48709,0
FRB20190208C,9.826408,-40.754333,1
FRB20190209A,-52.98822,1.184378,1
FRB20190210A,-74.78057,-0.83815044,1
FRB20190210B,68.36227,-33.34756,0
FRB20190210C,50.609116,-18.910486,0
FRB20190210D,69.70518,-1.3439288,0
FRB20190210E,1.4359331,-23.576612,0
FRB20190211A,34.755203,14.00448,0
FRB20190211B,17.952978,-27.279652,0
FRB20190212A,-34.45433,21.557133,1
FRB20190212B,44.631123,-7.8948116,0
FRB20190212C,27.96126,36.18804,0
FRB20190212D,16.74564,32.30282,0
FRB20190213A,-66.54504,18.435223,1
FRB20190213B,-64.140564,-1.6747923,1
FRB20190213C,13.224918,-20.158283,0
FRB20190213D,-33.034904,0.10296521,0
FRB20190214A,21.748335,32.830738,0
FRB20190214C,33.51323,14.590546,0
FRB20190215B,70.68837,-32.433304,0
FRB20190216A,-24.835371,32.01619,1
FRB20190217A,32.323685,15.554407,0
FRB20190217B,19.597282,22.954985,0
FRB20190218A,34.411694,-9.794754,0
FRB20190218B,12.772609,32.634296,0
FRB20190218C,67.37538,-21.962904,0
FRB20190219A,46.717022,-5.7059894,0
FRB20190219B,32.0717,34.69754,0
FRB20190219C,16.08851,-6.231989,0
FRB20190220A,1.4654787,-23.0609,0
FRB20190221A,19.902042,-34.241837,0
FRB20190221B,14.134062,4.8068666,0
FRB20190221C,25.053125,26.639528,0
FRB20190221D,6.224603,-19.111412,0
FRB20190222A,-51.18429,-6.897449,1
FRB20190222B,4.8492293,37.810368,0
FRB20190222C,3.016575,-32.570198,0
FRB20190222D,-1.0345453,-15.6512575,0
FRB20190223A,-0.36321166,-30.912306,0
FRB20190223B,18.596478,-12.719832,0
FRB20190224A,11.440046,28.000067,0
FRB20190224B,24.78583,-27.92198,0
FRB20190224C,-0.8459257,19.902903,0
FRB20190224D,57.207684,-17.366165,1
FRB20190224E,71.66961,-32.28727,0
FRB20190226A,50.286335,-17.072832,0
FRB20190226B,-45.82994,10.465304,1
FRB20190226C,-15.347004,-11.085909,0
FRB20190227A,62.264866,10.879636,0
FRB20190227B,14.789939,-20.294361,0
FRB20190228A,33.05238,41.13442,0
FRB20190228B,31.998215,38.63663,0
FRB20190301A,-76.825516,-16.742548,1
FRB20190301B,-13.838537,-2.7815409,0
FRB20190301C,14.85996,23.91165,0
FRB20190301D,-4.005581,-16.582415,0
FRB20190302A,-7.886995,42.648495,0
FRB20190303A,-67.76113,-8.107195,1
FRB20190303B,62.15428,13.528378,0
FRB20190303C,39.285934,5.6498346,0
FRB20190303D,20.181896,-10.128217,0
FRB20190304A,-25.846693,-15.54797,0
FRB20190304B,38.671776,-13.700588,0
FRB20190304C,-15.379171,-10.99592,0
FRB20190307A,-6.5035205,-3.437107,0
FRB20190307B,8.519215,25.802185,0
FRB20190308B,-6.302561,-25.819965,0
FRB20190308C,-6.866885,-0.9434242,0
FRB20190309A,10.022786,-14.643271,0
FRB20190313A,-3.5579605,15.237006,1
FRB20190313B,6.550748,15.013674,0
FRB20190316A,26.232645,-19.850222,0
FRB20190317A,13.430925,-10.598688,0
FRB20190317B,-2.0972621,-21.147957,0
FRB20190317C,-0.28334147,25.908924,0
FRB20190317D,45.2869,22.658815,0
FRB20190317E,38.915882,-9.822714,0
FRB20190318A,31.144884,31.733772,0
FRB20190319A,39.975475,16.921688,0
FRB20190320A,30.441874,-8.411128,0
FRB20190320B,27.25982,-22.079592,0
FRB20190320C,19.660305,-9.793249,0
FRB20190320D,-4.899159,37.56454,0
FRB20190320E,57.262722,-0.33882692,1
FRB20190322A,20.904644,33.6474,0
FRB20190322B,0.2603244,-12.04616,0
FRB20190322C,73.889755,-32.174713,0
FRB20190323A,32.185394,-24.192177,0
FRB20190323B,66.91079,-15.448312,0
FRB20190323C,-9.543601,-4.739205,0
FRB20190323D,-12.014789,12.367883,0
FRB20190325A,18.385635,15.188484,0
FRB20190325B,20.52387,3.0079584,0
FRB20190325C,14.355004,12.537592,0
FRB20190326A,12.977651,-24.067116,0
FRB20190326B,6.552402,15.034849,0
FRB20190327A,53.46929,-16.701353,0
FRB20190328A,4.759812,9.148063,0
FRB20190328B,1.4696445,-17.39344,0
FRB20190328C,39.477047,-8.245692,0
FRB20190329A,-75.909904,17.655874,1
FRB20190329B,41.387966,9.29643,0
FRB20190329C,47.634098,-4.0531006,0
FRB20190330A,13.412372,-10.599285,0
FRB20190330B,70.22114,-32.557995,0
FRB20190401A,29.064621,29.761442,0
FRB20190402A,17.610466,24.654865,0
FRB20190403A,-4.4192843,41.799732,0
FRB20190403B,41.811058,18.916903,0
FRB20190403C,5.4215975,-1.9359313,0
FRB20190403D,13.555855,-12.212547,0
FRB20190403E,42.891224,26.215036,0
FRB20190403F,21.043882,28.573925,0
FRB20190403G,-6.695998,-23.112772,0
FRB20190404A,42.190575,8.801014,0
FRB20190404B,71.438995,-17.08758,0
FRB20190405A,4.2329183,30.292675,0
FRB20190405B,-3.6595507,-2.5729759,0
FRB20190406A,-56.216377,-3.995052,1
FRB20190408A,-23.440788,-7.6659036,0
FRB20190409A,38.9582,-16.028881,0
FRB20190409B,-27.436495,25.661537,0
FRB20190409C,24.184153,-13.028423,0
FRB20190409D,-3.161622,-5.45379,0
FRB20190410A,-16.448208,42.614437,0
FRB20190410B,10.336211,-40.246777,0
FRB20190411A,-7.839797,-7.588608,0
FRB20190411B,31.089207,-9.003799,0
FRB20190411C,61.1343,1.3217763,0
FRB20190412A,57.704006,0.16860206,0
FRB20190412B,-0.3672257,40.7835,0
FRB20190414A,10.113286,-2.640953,0
FRB20190414B,17.887043,24.060917,0
FRB20190415A,13.003333,9.274619,0
FRB20190415B,11.276105,43.820038,0
FRB20190416A,16.068542,16.96181,0
FRB20190416B,17.714596,14.997416,0
FRB20190417A,-55.62982,-9.854481,1
FRB20190417B,10.465462,38.537437,0
FRB20190417C,66.21863,-20.020689,0
FRB20190418A,57.013985,-35.601173,0
FRB20190419A,-13.791672,-3.3604734,0
FRB20190419B,62.51827,-33.227356,0
FRB20190420A,-18.67285,-21.207468,0
FRB20190420B,44.261078,17.62888,0
FRB20190420C,15.933757,21.557007,0
FRB20190421A,-86.531364,0.76504,1
FRB20190421B,63.988663,12.266389,0
FRB20190422A,-33.93923,30.555927,0
FRB20190423A,56.40831,18.702744,0
FRB20190423B,48.19038,4.3992443,0
FRB20190423C,18.749119,20.218248,0
FRB20190423D,41.368477,18.901066,0
FRB20190424A,27.254885,-28.86935,0
FRB20190425A,74.71613,-17.267132,0
FRB20190425B,8.1648035,-35.315296,0
FRB20190426A,20.361986,-42.188576,0
FRB20190427A,50.36244,-17.646414,0
FRB20190428A,70.06717,1.4989707,0
FRB20190429A,18.908812,-21.103235,0
FRB20190429B,-45.34662,20.588543,0
FRB20190430A,2.7074904,34.373386,0
FRB20190430B,5.6196895,3.1076288,0
FRB20190430C,-46.699253,-2.169094,1
FRB20190501B,42.058712,-8.810727,0
FRB20190502A,59.305756,10.497003,0
FRB20190502B,58.43542,10.854678,0
FRB20190502C,43.6145,-15.804211,0
FRB20190515A,15.528307,40.193687,0
FRB20190515B,54.29427,-4.5355964,0
FRB20190515C,-53.336563,11.2301655,1
FRB20190515D,67.803795,-1.4042732,0
FRB20190516B,25.398298,15.626121,0
FRB20190517B,-70.98097,10.924988,1
FRB20190517C,57.51564,-35.570316,0
FRB20190518A,-34.644505,22.026157,1
FRB20190518B,22.191282,-28.041256,0
FRB20190518C,71.351295,-30.514812,0
FRB20190518D,28.063385,-30.818634,0
FRB20190518E,-33.29424,5.542866,1
FRB20190518G,10.4006815,-39.353573,0
FRB20190519A,-75.8456,-10.028365,1
FRB20190519B,-81.15876,3.2574604,1
FRB20190519C,-58.314884,-6.38859,1
FRB20190519D,-16.068756,47.866047,0
FRB20190519E,1.9991131,-42.6618,0
FRB20190519F,-9.583844,19.535078,0
FRB20190519G,33.265404,34.271065,0
FRB20190519H,57.95891,-15.255078,0
FRB20190519J,-12.641522,-0.98477465,0
FRB20190520A,59.005493,-34.118496,0
FRB20190527A,-51.965595,19.53434,0
FRB20190527B,-47.112576,12.041739,1
FRB20190527C,52.658764,20.762589,0
FRB20190529A,-19.285662,2.9411616,0
FRB20190530A,-9.038762,-19.478458,0
FRB20190531A,21.105219,-23.073502,0
FRB20190531B,66.64217,-20.428005,0
FRB20190531C,-28.9757,12.989399,0
FRB20190531E,15.715075,-11.179655,0
FRB20190601A,36.215816,-23.417759,0
FRB20190601B,29.515823,24.248873,0
FRB20190601C,-29.258877,14.848445,0
FRB20190601D,4.8907948,24.936184,0
FRB20190603A,-57.803844,7.432077,1
FRB20190603B,8.474002,4.6428785,0
FRB20190604A,-44.45331,1.3238655,1
FRB20190604C,44.551136,26.466257,0
FRB20190604D,39.00616,-16.147436,0
FRB20190604E,28.028233,-27.671225,0
FRB20190604F,-55.316494,-15.939215,1
FRB20190604G,45.20628,-1.988281,0
FRB20190605A,-50.958683,-8.774164,1
FRB20190605B,-47.357647,-5.8903947,1
FRB20190605C,25.248983,-43.23222,0
FRB20190605D,-26.283659,-7.429388,0
FRB20190606A,-52.69849,-2.1593184,1
FRB20190606B,44.37395,17.64628,0
FRB20190607A,61.152077,14.777955,0
FRB20190607B,34.04638,-25.533539,0
FRB20190607C,-29.033907,11.988339,0
FRB20190608A,18.121237,-27.9732,0
FRB20190609A,-2.101081,25.17854,0
FRB20190609B,63.622887,-19.216833,0
FRB20190609C,-26.83945,36.468285,1
FRB20190609D,-13.995018,-11.744122,0
FRB20190611A,-56.110687,-7.6222878,1
FRB20190612A,10.5994215,38.87779,0
FRB20190612B,-28.222363,-13.885986,0
FRB20190612C,58.115124,-0.5172357,0
FRB20190613A,23.510637,16.61106,0
FRB20190613B,53.279827,-21.421017,0
FRB20190614A,-15.530404,-1.8736494,0
FRB20190614B,71.59626,-31.210794,0
FRB20190614C,-19.056688,0.9999918,0
FRB20190616A,13.695321,-23.047903,0
FRB20190617A,54.147457,7.556597,0
FRB20190617B,-22.900429,2.8275332,0
FRB20190617C,8.708946,23.29898,0
FRB20190618A,12.983696,-42.26847,0
FRB20190618B,65.83188,-15.378738,0
FRB20190619A,30.88982,0.5747728,0
FRB20190619B,27.071281,-31.152817,0
FRB20190619C,-8.061675,6.1489553,0
FRB20190619D,3.143437,38.994774,0
FRB20190621A,-60.56613,5.6307774,1
FRB20190621B,-9.960995,-1.1816063,0
FRB20190621C,2.31569,-37.773506,0
FRB20190621D,-0.12895729,23.41166,0
FRB20190622A,-1.2020308,-11.040426,0
FRB20190623A,-2.8009543,-11.527735,0
FRB20190623B,48.852905,-29.594107,0
FRB20190623C,25.077879,-10.463877,0
FRB20190624A,31.868134,8.473732,0
FRB20190624B,54.29553,-29.113249,0
FRB20190625A,-21.883509,29.176971,0
FRB20190625C,21.356373,-31.879683,0
FRB20190625D,50.967777,-31.822233,0
FRB20190625E,-50.747665,18.214008,1
FRB20190626A,-22.48998,41.24186,1
FRB20190627A,0.07385635,-31.994402,0
FRB20190627B,74.21315,-31.457552,0
FRB20190627C,68.21235,-35.28981,0
FRB20190627D,22.027851,23.106924,0
FRB20190628A,21.2314,-29.508493,0
FRB20190628B,20.156515,-6.3911867,0
FRB20190628C,6.988853,29.511747,0
FRB20190629A,-25.264603,-8.653224,0
FRB20190630A,-82.324036,-8.809801,1
FRB20190630B,36.534233,38.489,0
FRB20190630C,15.998921,-1.0953536,0
FRB20190630D,19.054714,-37.236794,0
FRB20190701A,20.880972,-14.866358,0
FRB20190701B,25.24138,-30.775545,0
FRB20190701C,-4.9945908,-15.35476,0
FRB20190701D,35.915104,30.74677,0
FRB20190701E,29.745035,-15.61832,0
FRB20190702A,-36.055527,8.782125,1
FRB20190702B,-87.44166,-15.2857275,1
FRB20190702C,31.211855,-4.597496,0
FRB20190708A,61.607788,-30.794346,0
FRB20190710A,45.58144,-33.41182,0
FRB20190710B,-29.855213,2.0642757,0
FRB20190710C,78.01919,-23.253878,0
FRB20190712A,18.270393,-29.494864,0
FRB20190712B,63.75526,10.195781,0
FRB20190712C,7.616065,25.385292,0
FRB20190713A,-19.749247,7.5268855,0
FRB20190713B,-18.61787,-7.2375407,0
FRB20190714B,30.616734,12.199575,0
FRB20190714C,22.505959,11.227534,0
FRB20190714D,14.454055,12.493193,0
FRB20190715A,-23.978918,1.5880327,0
FRB20190715B,68.801506,-15.656013,0
FRB20190715C,19.978617,26.232275,0
FRB20190716A,-3.3771229,-9.091416,0
FRB20190716B,33.919235,29.445139,0
FRB20190716C,-12.267681,5.375596,1
FRB20190716D,31.42317,-33.64867,0
FRB20190718A,-32.084694,18.385485,1
FRB20190720A,71.823616,-32.195023,0
FRB20190720B,-7.312366,-10.340319,0
FRB20190721A,65.183495,-28.53579,0
FRB20190721C,14.370191,9.489512,0
FRB20190721D,54.987934,15.065986,0
FRB20190722A,-49.341328,19.012213,0
FRB20190722B,69.55854,-35.216755,0
FRB20190723A,-8.614609,-4.101414,0
FRB20190724A,-17.507849,54.68418,0
FRB20190725A,21.882523,-21.798203,0
FRB20190726A,63.371643,-14.766629,0
FRB20190727A,52.79975,1.9326987,0
FRB20190727B,14.885307,-24.655241,0
FRB20190728A,14.627024,-17.985376,0
FRB20190729A,-31.935612,-4.024241,0
FRB20190729B,-21.840483,41.66724,0
FRB20190804B,16.399475,-20.44215,0
FRB20190804C,-3.4350803,17.886103,0
FRB20190804D,14.371713,-1.5097338,0
FRB20190804E,-68.46189,-4.6795516,1
FRB20190805A,-18.65141,-9.162773,0
FRB20190805B,-52.17379,19.672905,1
FRB20190805C,23.981308,31.026588,0
FRB20190805D,-45.649136,12.448644,0
FRB20190805E,-7.9722457,15.533267,0
FRB20190806A,-71.848114,13.707748,1
FRB20190806B,-32.828606,0.7421296,0
FRB20190806C,-33.961254,32.77404,0
FRB20190807A,13.907703,20.970448,0
FRB20190807B,1.7446313,29.5691,0
FRB20190808A,-13.777704,12.057889,0
FRB20190809A,-64.773766,-6.7026052,1
FRB20190809B,-18.062984,12.8913145,0
FRB20190809C,11.522947,13.054753,0
FRB20190810A,-86.91811,-16.690706,1
FRB20190810B,-14.921471,10.452818,1
FRB20190810C,-25.214188,-13.378048,0
FRB20190810D,23.518885,17.859087,0
FRB20190810F,26.72977,-34.310383,0
FRB20190811A,20.017628,-21.665127,0
FRB20190811B,2.5818968,25.568556,0
FRB20190811C,32.75334,-21.460878,0
FRB20190811D,-22.468851,17.366646,0
FRB20190812A,59.78445,10.001415,0
FRB20190812B,37.603867,-8.414014,0
FRB20190812C,72.86779,-22.42088,0
FRB20190813A,56.058155,-4.185802,0
FRB20190813B,54.93952,15.937701,0
FRB20190813C,13.510001,9.422673,0
FRB20190813D,-17.042782,40.91607,0
FRB20190814A,22.74073,-34.34147,0
FRB20190814B,32.373318,16.063183,0
FRB20190815A,-42.76978,0.35525006,1
FRB20190815B,59.37107,10.850938,0
FRB20190815C,54.978695,-3.1587124,0
FRB20190815D,67.46578,-15.516616,0
FRB20190816A,52.577297,15.030102,0
FRB20190816B,62.505974,14.173237,0
FRB20190817A,-76.54246,8.819418,1
FRB20190817B,-7.0298862,25.313631,0
FRB20190817C,28.892977,-11.062341,0
FRB20190817E,-2.4001079,17.417137,0
FRB20190818A,-22.23296,14.683599,0
FRB20190818B,38.334843,-12.295863,0
FRB20190818C,66.00799,-39.02252,0
FRB20190818D,-0.9704009,7.143102,0
FRB20190819A,36.330883,-23.802252,0
FRB20190819B,44.75802,23.898272,0
FRB20190820A,26.041811,34.738873,0
FRB20190820B,27.33977,-28.566841,0
FRB20190821A,37.820896,32.723156,0
FRB20190821B,23.879282,-43.523895,0
FRB20190821C,57.326206,2.0401232,0
FRB20190821D,26.13209,-32.326134,0
FRB20190821E,45.828793,-1.2433614,0
FRB20190822A,-33.676228,6.0292535,0
FRB20190823A,15.3585,18.68164,0
FRB20190824A,-23.84582,16.450783,1
FRB20190824B,16.286963,37.293716,0
FRB20190824C,41.138668,-20.366491,0
FRB20190824D,25.96365,-9.895489,0
FRB20190824E,28.40383,30.104546,0
FRB20190824I,18.9534,-37.524136,0
FRB20190825A,-54.63967,-15.11028,1
FRB20190825B,-51.12533,16.542236,1
FRB20190825C,-47.10718,6.8474016,1
FRB20190825D,-30.616552,26.682156,0
FRB20190825E,48.765034,-24.232676,0
FRB20190825G,7.2595234,-6.23288,0
FRB20190826A,6.6689878,24.781017,0
FRB20190826B,78.39412,-25.16067,0
FRB20190827A,16.458696,21.373224,0
FRB20190829A,-2.2791445,-3.8476567,0
FRB20190829B,5.553224,5.2996564,0
FRB20190829C,18.418205,-24.084538,0
FRB20190901A,-0.41608217,-33.06472,0
FRB20190901B,69.713326,-14.963027,0
FRB20190902A,-8.007116,-4.719678,0
FRB20190902B,-5.1316414,-24.786427,0
FRB20190902C,14.444201,-24.754639,0
FRB20190902D,10.629075,-15.184642,0
FRB20190902E,29.403423,-22.14969,0
FRB20190903A,70.30551,-15.852233,0
FRB20190903B,-23.484701,-5.0616083,0
FRB20190903C,58.476456,-17.465311,0
FRB20190903D,16.367624,-12.0217905,0
FRB20190903E,69.43072,-0.37820432,0
FRB20190904A,7.7994804,33.552593,0
FRB20190905A,-47.715935,6.983275,1
FRB20190905B,-4.838894,-23.14597,0
FRB20190906A,-17.798878,45.926525,0
FRB20190907A,-65.6991,10.465048,1
FRB20190907B,34.492596,-20.645433,0
FRB20190907C,61.057526,11.915763,0
FRB20190908A,15.12934,40.856056,0
FRB20190910B,9.938955,-12.88939,0
FRB20190912A,-22.774113,-3.5256028,0
FRB20190912B,51.72491,9.226901,0
FRB20190912C,18.425375,-24.613176,0
FRB20190912D,20.37155,-20.381166,0
FRB20190912E,30.656925,-11.2750025,0
FRB20190912F,-33.816547,9.443569,0
FRB20190913A,52.88573,-3.364008,0
FRB20190913B,-7.6494446,26.409454,0
FRB20190913D,9.802033,34.58273,0
FRB20190913E,23.123943,-3.416352,0
FRB20190914A,-51.566505,0.19330423,0
FRB20190914B,42.226154,4.1523185,0
FRB20190915A,-67.2468,-4.5212893,1
FRB20190915B,21.979439,-32.38485,0
FRB20190915C,-12.253077,18.90427,0
FRB20190915D,47.921387,21.959208,1
FRB20190915E,40.39896,26.093864,0
FRB20190915F,21.411547,-16.9487,0
FRB20190916A,24.841867,-13.697156,0
FRB20190917A,18.360697,26.718048,0
FRB20190917B,-16.262146,52.07315,0
FRB20190918A,39.17155,-20.595833,0
FRB20190918B,28.71096,23.10021,0
FRB20190918C,-2.893435,28.751917,0
FRB20190918D,23.937119,-31.189884,0
FRB20190918E,7.1528482,39.773216,0
FRB20190918F,16.028887,-3.5940726,0
FRB20190919A,66.58126,-40.289265,0
FRB20190919B,53.29578,-1.1479431,0
FRB20190919C,30.618893,31.128817,0
FRB20190919D,-19.08189,-20.028864,0
FRB20190920A,65.29152,6.4413857,0
FRB20190922A,22.274374,-37.627934,0
FRB20190923A,-4.397731,8.268038,0
FRB20190924A,-2.65727,-24.612125,0
FRB20190925A,-55.201283,16.158129,1
FRB20190925B,79.394424,-20.928537,0
FRB20190925C,66.71306,-0.21198314,1
FRB20190925E,-7.4829454,-12.770694,0
FRB20190926A,-2.9925587,36.796375,1
FRB20190926C,18.081501,-11.262277,0
FRB20190926D,20.208048,-11.619183,0
FRB20190927A,26.900152,-34.44039,0
FRB20190927B,7.1573896,6.1458006,0
FRB20190927C,66.58116,-40.742195,0
FRB20190927D,50.663914,-28.995462,0
FRB20190928A,-7.418367,-13.481923,0
FRB20190929A,-3.4814334,15.649275,1
FRB20190929B,20.08418,-21.858366,0
FRB20190929C,-87.01957,1.0162868,1
FRB20190929D,28.94048,-33.322437,0
FRB20190929E,-46.18232,15.755949,1
FRB20191009A,-22.841007,-4.3607745,0
FRB20191010A,8.66112,23.027143,0
FRB20191010B,-28.778341,-18.087801,0
FRB20191012B,25.182247,-25.263943,0
FRB20191013A,-74.93896,0.42679322,1
FRB20191013C,-2.4182782,-4.0716963,0
FRB20191013D,-43.93019,10.609214,1
FRB20191014A,7.5430975,24.6394,0
FRB20191014B,-13.416617,-1.3877267,0
FRB20191015A,36.14753,17.839012,0
FRB20191015B,-6.444811,-4.14929,0
FRB20191016A,-3.0498877,7.943172,0
FRB20191017A,14.660663,-7.428561,0
FRB20191018A,25.497965,-28.295046,0
FRB20191018B,0.022352684,-33.497528,0
FRB20191018C,56.96741,17.091158,0
FRB20191018D,18.715134,-24.11341,0
FRB20191019A,-19.552193,-20.887297,0
FRB20191019B,34.44075,14.020827,0
FRB20191019C,29.19791,35.91837,0
FRB20191019D,8.847883,-16.69214,0
FRB20191019E,2.1529744,-7.4964867,0
FRB20191019F,2.7139747,40.40933,0
FRB20191019G,14.808909,33.305515,0
FRB20191020A,-62.84251,-10.690045,1
FRB20191020C,21.494387,-14.076816,0
FRB20191021A,71.33478,-15.886469,0
FRB20191021B,6.340774,-39.535564,0
FRB20191021C,60.250298,10.31478,0
FRB20191023A,-9.8391075,-10.677802,0
FRB20191023B,39.93803,6.164925,0
FRB20191023C,66.06702,-35.804253,0
FRB20191024A,-17.671263,40.456055,0
FRB20191024B,-59.90773,0.6365096,1
FRB20191024C,6.521083,1.3723193,0
FRB20191025A,15.944299,32.979153,0
FRB20191025B,38.418846,17.814533,0
FRB20191025C,-26.124788,10.154441,0
FRB20191025D,65.50822,0.9322002,0
FRB20191026A,-36.13754,14.22402,1
FRB20191026B,-66.50576,12.838841,1
FRB20191028A,-25.135527,-5.4983273,0
FRB20191028B,-56.353832,10.982988,1
FRB20191029A,-67.00166,-6.6371927,1
FRB20191029C,-39.58961,8.788452,0
FRB20191029D,22.551231,26.918161,0
FRB20191030A,-74.52658,12.046686,1
FRB20191030B,-55.72701,2.1605396,1
FRB20191030C,47.07081,-29.826353,0
FRB20191030D,51.630676,8.061831,0
FRB20191030E,-2.8195927,37.059177,0
FRB20191101A,71.35682,-19.287264,0
FRB20191101B,-16.318096,0.22415836,0
FRB20191101C,25.842701,-13.022794,0
FRB20191101D,39.49865,-14.852938,0
FRB20191101E,-21.538963,9.978686,0
FRB20191102A,-40.68366,14.985729,0
FRB20191102B,16.887785,20.229465,0
FRB20191102C,17.904253,26.965605,0
FRB20191103A,-8.357742,-28.336521,0
FRB20191103B,-42.47844,11.007789,0
FRB20191103C,-0.34609163,-15.204109,0
FRB20191103D,-3.448097,-9.518436,0
FRB20191103E,1.8905867,22.455423,0
FRB20191103F,24.261852,-26.56271,0
FRB20191104A,9.870389,-15.139402,0
FRB20191104B,14.929482,-21.288572,0
FRB20191104C,3.3118737,-32.411728,0
FRB20191104D,-25.91281,4.7116723,0
FRB20191104E,10.038204,-40.94749,0
FRB20191105A,58.740875,6.5164185,0
FRB20191105B,40.802193,-21.045412,0
FRB20191106A,49.282528,-5.2790246,0
FRB20191106B,-2.2358487,26.909771,0
FRB20191106C,-53.42322,9.515898,1
FRB20191107A,-28.063541,37.857895,1
FRB20191107C,-56.823162,-0.047090854,1
FRB20191108B,18.482967,-38.751755,0
FRB20191108C,-17.72887,2.7497957,0
FRB20191108D,-27.834538,13.069319,0
FRB20191109B,8.127182,-13.696882,0
FRB20191109C,-5.4898305,-21.876787,0
FRB20191110A,-83.370445,-17.514118,1
FRB20191110B,-17.987286,44.687813,0
FRB20191110C,-24.253304,-3.3621237,0
FRB20191110D,15.542166,-6.8271174,0
FRB20191111A,-67.585464,-10.505493,1
FRB20191113A,-78.46189,-16.93149,1
FRB20191113B,18.053255,18.03896,0
FRB20191113C,-61.936535,9.2585945,1
FRB20191113D,12.097655,-13.394636,0
FRB20191114A,-75.172356,17.912067,1
FRB20191114B,5.0895534,8.541133,0
FRB20191114C,10.8424835,2.9043314,0
FRB20191114D,53.39186,21.49069,0
FRB20191114E,46.0901,15.685152,0
FRB20191114F,-5.282584,37.272247,0
FRB20191115B,65.16464,-35.51185,0
FRB20191116A,-49.90094,-6.948029,1
FRB20191117A,-75.471085,17.827461,1
FRB20191117B,18.42636,-12.260911,0
FRB20191118A,-34.20741,29.520607,0
FRB20191118B,-30.122923,22.219854,0
FRB20191202B,70.37456,-14.224941,0
FRB20191202C,60.992523,-30.906446,0
FRB20191202D,29.358013,12.3536,0
FRB20191205A,-27.945168,25.335693,1
FRB20191205D,56.27052,-0.11021577,0
FRB20191205F,-11.05347,-12.078099,0
FRB20191205G,11.346273,19.861652,0
FRB20191206A,-9.718971,-30.035732,0
FRB20191206B,-7.580238,-27.672295,0
FRB20191206C,27.83917,29.369337,0
FRB20191206D,-38.645264,-0.580994,0
FRB20191207A,70.39791,-33.086903,0
FRB20191207B,14.455541,23.109974,0
FRB20191208A,-22.587593,-16.884892,0
FRB20191209A,33.565075,9.794369,0
FRB20191209B,40.199528,-22.243883,0
FRB20191209C,-19.268377,40.114693,0
FRB20191209D,3.6615798,38.037037,0
FRB20191210A,69.78527,-15.403003,0
FRB20191210B,64.39716,-3.5402231,0
FRB20191210C,9.995551,32.977184,0
FRB20191211A,18.484667,-39.54598,0
FRB20191212A,-12.604961,-7.0668926,0
FRB20191212B,17.100391,31.890413,0
FRB20191212C,48.322563,-28.73203,0
FRB20191212D,48.87288,-12.844504,0
FRB20191212E,15.445589,-7.4307847,0
FRB20191212F,52.187725,7.1413293,0
FRB20191213A,56.88277,-1.0442159,0
FRB20191213B,53.55708,16.52209,0
FRB20191213C,35.762547,35.133938,0
FRB20191213D,-14.537428,0.5235983,0
FRB20191214A,19.972137,19.134657,0
FRB20191214B,60.873722,10.698016,0
FRB20191215A,-45.766647,-5.456285,1
FRB20191215B,-6.939281,-28.454424,0
FRB20191215C,0.3100228,-15.038858,0
FRB20191216A,52.895176,-7.028601,0
FRB20191217A,-79.48601,-15.901795,1
FRB20191217B,0.32066324,2.5624108,0
FRB20191217D,15.84703,-9.959056,0
FRB20191217E,14.047767,-10.186982,0
FRB20191218A,-68.74901,14.757056,1
FRB20191218B,-31.997314,16.379103,0
FRB20191218D,-2.9464684,6.456787,0
FRB20191218E,10.588693,-12.665037,0
FRB20191219A,-34.927975,20.037224,1
FRB20191219B,-61.63573,-10.021237,1
FRB20191219F,76.501366,-19.051071,0
FRB20191219G,2.2776792,-41.389828,0
FRB20191219H,-16.810194,-21.275627,0
FRB20191220A,-38.27714,25.058788,1
FRB20191220B,9.490965,24.726501,0
FRB20191220C,53.29121,20.942587,0
FRB20191220E,34.862083,-26.183449,0
FRB20191221B,34.397884,-19.960732,0
FRB20191221D,64.74202,4.581391,0
FRB20191222A,75.07882,-18.177305,0
FRB20191223A,-74.92998,-12.299988,1
FRB20191223C,61.79258,-20.254938,0
FRB20191223D,-40.422367,13.807401,0
FRB20191223E,39.48323,-16.228956,0
FRB20191224A,50.211327,-20.941824,0
FRB20191224B,-5.8780184,5.3522077,0
FRB20191225A,73.35149,-22.807327,0
FRB20191225B,26.577152,30.054543,0
FRB20191226A,17.85361,-29.884169,0
FRB20191226B,-52.384766,-2.9160678,0
FRB20191226C,70.93742,-34.360764,0
FRB20191226D,32.458427,-11.17975,0
FRB20191227A,0.123796165,-37.232716,0
FRB20191227B,-20.782106,17.471514,0
FRB20191227C,-27.53751,-13.466012,0
FRB20191227D,-14.237485,40.88682,0
FRB20191227E,3.8707268,-28.03164,0
FRB20191228B,15.782457,-10.374877,0
FRB20191228C,-5.671326,6.8638906,0
FRB20191228D,32.730515,38.456676,0
FRB20191229A,-14.134515,-20.696352,0
FRB20191229B,-6.6207714,-20.870161,0
FRB20191230A,46.352512,15.034779,0
FRB20191230B,74.1189,-31.01617,0
FRB20191230C,32.631462,12.388395,0
FRB20191230D,31.873621,34.7607,0
FRB20191231A,-67.700066,-6.312264,1
FRB20191231B,67.76933,-38.978565,0
FRB20200102A,35.16455,11.634481,0
FRB20200105A,57.361706,4.580288,0
FRB20200106A,51.68372,-5.4191356,0
FRB20200106B,15.250098,-8.073602,0
FRB20200106C,53.451504,-7.1135798,0
FRB20200106E,25.90372,-35.197205,0
FRB20200107A,52.324078,-20.05988,0
FRB20200107B,-30.314547,28.370762,0
FRB20200109A,-20.768766,16.96489,0
FRB20200109B,24.20056,18.102432,1
FRB20200109C,6.846306,33.416054,0
FRB20200109E,-5.1262674,28.357119,0
FRB20200109F,18.487085,-7.571217,0
FRB20200110A,-0.38395748,-17.952803,0
FRB20200110B,47.142822,-20.184263,0
FRB20200111A,21.706116,12.248435,0
FRB20200111B,7.6542015,21.559994,0
FRB20200111D,31.168344,39.44439,0
FRB20200112A,-63.545464,-5.245906,1
FRB20200112B,48.489456,-6.7952695,0
FRB20200112C,-30.708216,2.2934883,0
FRB20200112D,-4.8774786,-2.2972214,0
FRB20200112E,70.1952,-1.1308692,0
FRB20200113A,26.707438,-12.1567955,0
FRB20200113B,27.461288,-39.85698,0
FRB20200113C,36.556107,-9.637945,0
FRB20200114A,59.0883,8.302414,0
FRB20200114B,64.43485,-3.5813003,0
FRB20200114C,43.603794,-4.6156807,0
FRB20200115A,-16.052809,54.706593,0
FRB20200115B,0.8399888,-14.013405,0
FRB20200115C,7.9170003,36.73341,0
FRB20200115D,-3.2185266,-11.912274,0
FRB20200116A,3.7734528,2.5454636,0
FRB20200116B,37.917515,37.5594,0
FRB20200116D,5.7828403,-9.881599,0
FRB20200116E,66.00405,-24.833181,0
FRB20200117A,20.558653,-37.833645,0
FRB20200117B,47.102757,17.932894,0
FRB20200117C,8.951336,8.228508,0
FRB20200118A,24.17581,-28.454023,0
FRB20200118B,-46.295624,-3.1893666,1
FRB20200118C,-19.327564,-6.025114,0
FRB20200118D,-47.300667,15.952863,1
FRB20200118E,15.805974,-6.084088,0
FRB20200118F,16.716917,32.758774,0
FRB20200118G,0.7106934,14.642678,0
FRB20200119A,-17.84284,41.143085,0
FRB20200119B,-4.8513193,-1.6693829,0
FRB20200119C,10.054232,24.850529,0
FRB20200119D,14.900106,0.8602264,0
FRB20200119E,-19.090513,43.641556,0
FRB20200120A,-53.43471,-6.7429504,1
FRB20200120E,-35.944466,4.933115,1
FRB20200120F,-28.510801,17.763464,0
FRB20200120G,27.325926,-26.832985,0
FRB20200120I,32.597553,10.02985,0
FRB20200121A,-1.2511897,27.76342,1
FRB20200122A,-38.418026,21.124212,1
FRB20200122B,-8.201579,-28.295744,1
FRB20200122C,-56.186092,17.05726,1
FRB20200122D,-19.005642,3.535145,1
FRB20200122E,-20.174877,7.686852,1
FRB20200122F,-13.0400505,-9.090969,1
FRB20200122G,-27.276213,-3.2376845,1
FRB20200122K,10.051388,3.8201535,0
FRB20200122L,12.354271,-22.302767,0
FRB20200123A,11.68025,9.603313,0
FRB20200124A,-71.94501,16.539684,1
FRB20200124B,-59.909874,11.7356825,1
FRB20200124C,7.5940504,24.385624,0
FRB20200124D,-33.554573,27.979086,0
FRB20200124E,-48.551083,13.106532,0
FRB20200125B,68.93367,-13.962089,0
FRB20200125C,-37.83406,19.136395,0
FRB20200125D,-36.134457,20.261208,0
FRB20200125E,11.748892,8.833206,0
FRB20200126A,-35.005924,8.726996,0
FRB20200126B,19.75622,-13.086629,0
FRB20200126C,22.639982,16.236952,0
FRB20200126D,19.413338,23.642878,0
FRB20200127A,26.536703,36.257168,0
FRB20200127B,52.288284,-19.697578,1
FRB20200127C,10.542067,-27.24117,0
FRB20200128A,54.942398,0.49884522,0
FRB20200128B,69.038376,-15.001304,0
FRB20200128C,1.1191899,34.198742,0
FRB20200129A,46.43126,-19.017036,0
FRB20200129B,22.129126,29.983614,0
FRB20200130A,74.38918,-17.360254,0
FRB20200130B,1.7176465,-22.76223,0
FRB20200131A,48.02192,-8.525965,0
FRB20200131B,-15.580115,42.94451,0
FRB20200201A,18.486885,-14.686634,0
FRB20200201B,-5.5580654,-4.156334,0
FRB20200202A,-86.13274,-14.4267235,1
FRB20200202B,74.107216,-19.300568,0
FRB20200203A,-45.591045,11.46715,1
FRB20200203B,52.84437,18.639294,0
FRB20200203C,9.331216,4.4265366,0
FRB20200203D,-34.327328,-0.83695453,0
FRB20200203E,24.730886,-27.112818,0
FRB20200203H,19.186377,-10.806217,0
FRB20200204A,-16.755524,-1.1275483,0
FRB20200204B,-42.59741,22.14699,1
FRB20200204C,-49.62766,-7.1528645,1
FRB20200204D,-57.36789,9.85437,1
FRB20200204E,-55.684784,8.830095,1
FRB20200204F,55.90903,-20.237421,0
FRB20200204G,54.734924,-10.223523,0
FRB20200204H,-10.057681,6.07978,0
FRB20200204I,38.85647,31.771784,0
FRB20200204K,2.274854,26.011932,0
FRB20200205A,-18.020784,28.376688,0
FRB20200205B,-17.941368,43.247997,0
FRB20200205C,28.88584,-11.670222,0
FRB20200205D,73.19741,-32.649258,0
FRB20200206A,64.82396,-17.742096,0
FRB20200206B,22.399454,7.0465045,0
FRB20200207A,76.66857,-25.182049,0
FRB20200208A,-16.724552,-13.494079,0
FRB20200209A,2.484412,1.8038452,0
FRB20200210B,-33.62492,32.492207,0
FRB20200212A,73.21045,-30.585423,0
FRB20200213B,-78.185265,-1.6732711,1
FRB20200213C,-48.770077,20.548231,1
FRB20200213D,73.12765,-29.107132,0
FRB20200213E,17.687656,-30.502361,0
FRB20200214A,-81.84576,-5.1324997,1
FRB20200214B,-46.851654,3.1394448,1
FRB20200214C,-25.6643,-7.989209,0
FRB20200215A,-72.74452,19.372982,1
FRB20200215B,-33.392033,16.743128,0
FRB20200216B,-7.799679,-22.97403,0
FRB20200217A,17.391237,41.4648,0
FRB20200218A,-8.783175,-5.7157283,0
FRB20200218B,20.361078,35.0916,0
FRB20200218C,44.23966,22.64769,0
FRB20200218D,14.305981,-19.577782,0
FRB20200219B,52.68745,-22.45192,1
FRB20200219C,51.95035,-22.2788,0
FRB20200220A,-68.1493,15.173249,1
FRB20200220E,26.25272,-9.068323,0
FRB20200220F,21.732388,-20.56181,0
FRB20200220G,-3.7208889,-15.706562,0
FRB20200220H,-23.137606,-8.361005,0
FRB20200220I,-1.244353,20.200356,0
FRB20200221A,-46.56966,1.2463801,1
FRB20200221B,-7.5735703,2.5341456,0
FRB20200222A,-31.426552,13.439045,0
FRB20200222B,57.251965,10.548102,0
FRB20200222C,20.38983,-31.612238,0
FRB20200222D,74.66878,-19.790628,0
FRB20200222E,16.578451,-19.275286,0
FRB20200223A,21.333845,-15.254304,0
FRB20200223B,-65.56873,5.5699973,1
FRB20200223C,-49.492992,21.658407,0
FRB20200223D,76.82865,-25.147173,0
FRB20200223E,68.56346,-22.541431,0
FRB20200223F,2.6314452,-29.282213,0
FRB20200224A,-53.44406,17.141275,1
FRB20200224C,-8.017859,2.0978692,0
FRB20200224D,-12.833572,14.163868,0
FRB20200224E,-42.217937,8.832157,0
FRB20200225A,36.478054,37.777336,0
FRB20200225B,-7.0594645,42.70479,0
FRB20200227A,20.63128,-22.06533,0
FRB20200227B,16.966042,16.229046,0
FRB20200227C,39.442448,26.555872,0
FRB20200229A,-13.9605,28.356838,0
FRB20200229B,21.433073,-21.592855,0
FRB20200229C,9.18604,34.730396,0
FRB20200229D,-12.529048,28.666624,0
FRB20200301A,23.966778,27.136772,0
FRB20200302A,-54.49913,20.312176,1
FRB20200302B,-23.817856,3.6455536,0
FRB20200302C,48.896534,-31.620821,0
FRB20200302E,21.63424,28.944519,0
FRB20200302F,23.738604,31.002645,0
FRB20200302G,22.231653,14.85604,0
FRB20200302H,23.021275,-28.235388,0
FRB20200304A,31.124456,13.638117,0
FRB20200304B,8.115048,-13.627708,0
FRB20200305A,-60.793797,6.6992297,1
FRB20200305B,66.24281,-19.947472,0
FRB20200306A,45.459583,-29.19971,0
FRB20200306B,-0.75446904,44.00012,0
FRB20200306C,27.918427,-12.655703,0
FRB20200307B,-33.494526,6.135533,0
FRB20200307C,68.518776,-12.855819,0
FRB20200308A,50.45294,-7.5076447,0
FRB20200308B,21.599102,24.358727,1
FRB20200308C,0.7993041,-34.14075,0
FRB20200308D,18.777382,-12.118957,0
FRB20200309A,-32.972397,32.084816,0
FRB20200309B,68.4754,-3.7092862,0
FRB20200310A,27.089159,-11.082638,0
FRB20200311A,51.407917,-6.484284,0
FRB20200311B,45.402405,17.99806,0
FRB20200311C,-4.999716,22.874863,0
FRB20200311D,-22.60721,15.98706,0
FRB20200311E,-5.68285,29.40089,0
FRB20200312A,-71.7322,-0.8101883,1
FRB20200313A,0.77893823,18.067055,0
FRB20200313C,-86.21846,-16.295973,1
FRB20200314A,-87.11861,-11.559851,1
FRB20200314B,27.415422,-24.102316,0
FRB20200314D,46.5765,19.656767,0
FRB20200314E,47.480873,-31.97893,0
FRB20200314F,33.511868,-9.8003435,0
FRB20200314G,-14.961951,-0.36415204,0
FRB20200314H,-28.189144,7.7402525,0
FRB20200315A,56.631233,22.601444,0
FRB20200315C,-37.591824,22.128073,0
FRB20200315D,59.12617,-0.14944129,0
FRB20200316A,-7.623092,6.8043394,0
FRB20200316B,19.960047,12.556828,0
FRB20200316C,8.264234,-41.01737,0
FRB20200317A,-1.3115208,-4.743991,0
FRB20200317B,67.7841,-17.748478,0
FRB20200317C,-30.265999,-13.104587,0
FRB20200317D,-2.6216784,30.532526,1
FRB20200317E,7.176332,6.849418,0
FRB20200317F,42.90109,14.472265,0
FRB20200317G,9.161647,-14.299984,0
FRB20200317H,17.117357,-9.683374,0
FRB20200318A,4.25855,-41.896416,0
FRB20200318B,38.169044,26.657808,0
FRB20200319A,16.131248,-27.338406,0
FRB20200319B,42.292953,-9.119231,0
FRB20200320A,55.64881,19.329748,0
FRB20200320B,69.58485,-37.434708,0
FRB20200320C,13.27698,29.299551,0
FRB20200320D,6.610083,-24.099295,0
FRB20200320E,27.588726,-23.381054,0
FRB20200321B,8.617275,22.576876,0
FRB20200321C,69.90528,-3.8779762,0
FRB20200321D,23.709282,13.059839,0
FRB20200321E,-40.11071,8.653121,0
FRB20200321F,-11.61593,12.768683,0
FRB20200321G,-59.85383,-4.7856407,1
FRB20200322C,29.04782,12.2066555,0
FRB20200323F,-34.62217,1.5570673,0
FRB20200323G,31.023527,10.880496,0
FRB20200324A,-60.22799,4.527316,1
FRB20200324E,-13.885772,-16.021667,0
FRB20200324F,25.463614,18.24573,0
FRB20200324G,22.601883,10.013564,0
FRB20200324H,29.334131,-11.272058,0
FRB20200325A,1.4607733,-11.891128,0
FRB20200326A,3.0599036,-38.00417,0
FRB20200327A,21.429153,27.200552,0
FRB20200327B,71.821304,-15.734596,0
FRB20200327C,-26.48865,14.6529255,0
FRB20200327D,73.18664,-14.580361,0
FRB20200327E,60.532734,-17.849041,0
FRB20200327F,1.8996496,-22.41463,0
FRB20200327G,6.5682726,-15.409214,0
FRB20200328A,61.749992,-15.30808,0
FRB20200328C,67.43646,-17.422375,0
FRB20200329A,67.19555,-24.622389,0
FRB20200330A,-14.973685,47.814034,0
FRB20200330B,22.578949,-11.541817,0
FRB20200401A,28.597448,30.5747,0
FRB20200401B,56.764805,17.147902,0
FRB20200402A,70.90843,-21.958147,1
FRB20200405B,24.902851,-9.483969,0
FRB20200412A,-0.84467894,-23.462564,0
FRB20200412B,55.747597,0.9107592,0
FRB20200412C,66.958176,2.5610528,0
FRB20200412D,32.964947,-34.024113,0
FRB20200415A,-27.754555,-2.1505497,0
FRB20200415B,27.313105,-28.865133,0
FRB20200416A,39.722767,27.725748,0
FRB20200416B,58.458305,-16.894848,0
FRB20200416C,27.676582,-32.650547,0
FRB20200416D,-1.7438413,20.305988,0
FRB20200417A,-12.4025755,43.61032,0
FRB20200417B,12.929415,-26.72756,0
FRB20200417C,3.4003863,-29.133894,0
FRB20200418A,-68.002205,-11.764536,1
FRB20200418B,52.31077,-15.814926,0
FRB20200419B,14.049304,25.198605,0
FRB20200419C,40.47549,26.76313,0
FRB20200420A,-86.06727,-1.3183432,1
FRB20200420B,-16.67003,38.929756,0
FRB20200420C,12.614982,-12.399479,0
FRB20200421A,11.936246,-40.043724,0
FRB20200421B,-4.0239663,39.1309,0
FRB20200421C,49.363644,-8.763618,0
FRB20200422A,-56.839157,9.605411,1
FRB20200422B,-17.161016,46.66019,0
FRB20200422C,65.458405,-29.749468,0
FRB20200422D,-19.363691,-0.8155524,0
FRB20200423B,-46.97747,-2.2757337,1
FRB20200423C,3.5451486,31.93284,0
FRB20200423D,33.06846,-24.482391,0
FRB20200423E,5.5281305,-11.247709,0
FRB20200424A,-56.55881,-2.841595,1
FRB20200424B,3.0675473,2.2550652,0
FRB20200424C,15.553494,-13.156365,0
FRB20200427A,54.50715,-28.873947,0
FRB20200427B,-8.028923,8.6308975,0
FRB20200427C,18.851942,16.564705,0
FRB20200428A,4.785068,1.9426938,0
FRB20200428B,7.3529305,-0.8751896,0
FRB20200428C,12.749486,-22.669348,0
FRB20200428D,-37.237144,-6.2127557,0
FRB20200428E,-13.219773,-12.803888,0
FRB20200429A,-0.44841066,2.075445,0
FRB20200429B,66.48229,-12.28468,0
FRB20200429C,31.3291,14.037268,0
FRB20200429D,49.17493,-28.819172,0
FRB20200430B,31.338379,39.418556,0
FRB20200430C,12.966486,20.956799,0
FRB20200430D,-40.854744,15.813422,0
FRB20200501A,8.642606,8.823232,0
FRB20200501B,-3.5338242,16.850384,0
FRB20200501C,14.517422,3.7039921,0
FRB20200502A,50.657883,3.9198117,0
FRB20200503A,20.46493,0.44768387,0
FRB20200503B,-5.9039307,-28.72862,0
FRB20200504A,-33.383266,-0.4205695,0
FRB20200505A,-4.9952207,-1.024177,0
FRB20200505B,15.786729,-41.74422,0
FRB20200506A,17.891016,22.040714,0
FRB20200506B,7.984185,21.969498,0
FRB20200506C,16.545,-13.257073,0
FRB20200506D,-35.925987,3.00735,0
FRB20200506E,20.58773,-3.6052694,0
FRB20200507A,70.64492,-24.44137,0
FRB20200508B,14.145486,-20.12934,0
FRB20200508C,20.606277,-10.50364,0
FRB20200508D,28.11397,27.80702,0
FRB20200508E,38.79076,-9.482358,0
FRB20200508F,-17.4756,47.475338,0
FRB20200508G,26.541946,-23.642586,0
FRB20200509A,15.107845,23.680677,0
FRB20200509B,27.477104,17.571804,0
FRB20200509C,24.336424,33.66687,0
FRB20200510A,61.47007,12.844398,1
FRB20200511A,1.140339,-24.545925,0
FRB20200511B,-21.909101,16.276651,0
FRB20200511C,-22.270912,15.847771,0
FRB20200512A,-55.599224,-7.534231,1
FRB20200512B,37.33301,19.1997,0
FRB20200512C,-18.089182,-18.14322,0
FRB20200512D,-9.333388,12.100743,0
FRB20200512E,-1.1695633,19.95786,0
FRB20200513A,-60.275005,4.2360353,1
FRB20200513B,-39.44476,8.9288025,1
FRB20200514C,-1.8849356,39.711422,0
FRB20200514D,26.804182,16.229116,0
FRB20200514E,26.952583,16.881823,0
FRB20200515A,29.506987,36.901707,1
FRB20200516B,65.80948,-37.220333,0
FRB20200516C,-18.3451,-10.759193,0
FRB20200516D,-28.223524,-18.20773,0
FRB20200516E,45.36853,14.0421715,0
FRB20200516F,-17.335772,52.36516,0
FRB20200516G,52.834137,-20.982256,0
FRB20200516H,12.106945,31.520311,0
FRB20200518B,-8.636609,6.8188744,0
FRB20200519A,71.00155,-15.799504,0
FRB20200519B,56.934055,-18.965595,0
FRB20200519C,6.035234,-11.348832,0
FRB20200520A,32.293724,15.180811,0
FRB20200520B,25.407232,-37.156384,0
FRB20200521A,45.264683,-29.413342,0
FRB20200521B,40.21517,9.163537,0
FRB20200521C,37.600006,20.032269,0
FRB20200521D,29.343216,36.378227,0
FRB20200522A,64.33287,-16.678143,0
FRB20200522B,27.718378,30.566248,0
FRB20200523B,60.433815,0.9797923,0
FRB20200523C,-5.652286,-15.74232,0
FRB20200523D,23.803543,7.988023,0
FRB20200523E,20.300083,-17.07172,0
FRB20200524A,-17.412119,-17.32443,0
FRB20200525A,71.132614,-30.45593,0
FRB20200525B,-55.02693,-6.5351105,0
FRB20200525C,27.109272,-38.917244,0
FRB20200530A,20.808401,2.1513658,0
FRB20200530B,21.299362,-2.627458,0
FRB20200530C,5.0981894,33.967026,0
FRB20200530D,-18.535414,43.580177,0
FRB20200603A,25.800314,31.412397,0
FRB20200603B,32.618446,34.72718,0
FRB20200606A,36.959568,34.588997,0
FRB20200606B,6.1445255,34.99616,0
FRB20200607B,12.89406,18.177862,0
FRB20200607C,-20.161854,44.060234,0
FRB20200607D,36.614197,12.630437,0
FRB20200607E,-14.079279,-3.1379616,0
FRB20200608A,26.48238,-28.025236,0
FRB20200609A,73.345764,-18.611538,0
FRB20200609B,-6.283598,3.0328586,0
FRB20200609C,0.0046317144,36.884583,0
FRB20200609D,27.237062,-21.004263,0
FRB20200610A,3.5288212,-38.30209,0
FRB20200610B,22.481512,2.6951914,0
FRB20200610C,1.0027009,34.282776,1
FRB20200612A,-30.080942,22.233461,0
FRB20200613A,-63.814846,15.412882,1
FRB20200613B,-4.68754,20.361523,0
FRB20200613C,-58.798958,17.506586,1
FRB20200613D,0.59609085,40.5398,0
FRB20200614A,-49.390537,-5.541466,1
FRB20200614B,-49.122883,15.70784,1
FRB20200615A,9.035807,-39.406685,0
FRB20200615B,24.915129,-29.083197,0
FRB20200615C,-56.23175,-16.044456,0
FRB20200615D,-8.4935,26.059494,0
FRB20200616B,50.19926,-29.291016,0
FRB20200617A,68.03602,-1.3091627,0
FRB20200617B,1.1166637,-19.609804,0
FRB20200617C,-79.22329,16.28372,1
FRB20200618A,42.38446,-30.512205,0
FRB20200619A,-50.290665,15.9309635,1
FRB20200620A,17.255905,14.284314,0
FRB20200620B,-16.97695,47.645073,0
FRB20200620C,14.172634,-6.724167,0
FRB20200620D,42.498276,-27.241789,0
FRB20200621A,-52.238304,-4.0659504,1
FRB20200621B,44.497196,16.498571,0
FRB20200621C,-60.17648,6.5601287,1
FRB20200621D,35.451424,32.308044,1
FRB20200622A,-65.69203,5.4813175,1
FRB20200623A,43.662796,-19.580305,0
FRB20200623B,-4.7415905,37.61461,0
FRB20200624A,33.449535,-24.010607,0
FRB20200624B,27.920727,-11.169424,0
FRB20200624C,33.962406,-12.36254,0
FRB20200624D,23.566252,-27.352371,0
FRB20200625A,16.556637,39.155884,0
FRB20200626A,18.62691,-8.653652,0
FRB20200626B,-33.096626,2.0235372,0
FRB20200627B,32.88761,35.287743,0
FRB20200627C,10.54646,-13.977538,0
FRB20200627D,-6.9687886,-17.644838,0
FRB20200627E,69.13909,-16.021915,0
FRB20200627F,8.263515,-13.810608,0
FRB20200628A,-26.92726,5.651345,1
FRB20200628B,-15.7507715,-15.326487,0
FRB20200628C,19.57433,28.655283,0
FRB20200628D,29.000603,-7.4718757,0
FRB20200629A,-27.985638,22.465528,0
FRB20200629B,44.1119,-3.9066038,0
FRB20200629C,-53.025715,-6.833902,1
FRB20200629D,25.202414,-10.244029,0
FRB20200629E,30.09842,-32.178085,0
FRB20200701A,-5.270266,-0.46245,1
FRB20200701C,18.90228,41.63177,0
FRB20200701D,12.260375,31.475105,0
FRB20200701E,-1.3540198,-0.025401162,0
FRB20200701F,12.196824,-14.196532,0
FRB20200701G,-11.342706,7.215386,0
FRB20200701H,-20.103737,2.3040166,0
FRB20200702A,8.710444,-15.749045,0
FRB20200702B,-53.01694,4.9312177,1
FRB20200702C,-70.951,-12.531513,1
FRB20200702D,43.12889,-32.588078,0
FRB20200703A,4.4863095,30.600592,0
FRB20200704A,34.21747,29.679598,0
FRB20200705A,20.27255,-19.399117,0
FRB20200705B,-23.128864,48.875645,0
FRB20200705C,5.2854977,5.636091,0
FRB20200705D,-36.786877,8.3512945,0
FRB20200706A,32.427338,35.569126,0
FRB20200707A,42.536934,9.305376,1
FRB20200708A,9.45383,38.18243,0
FRB20200708B,20.245579,22.729883,0
FRB20200708C,-24.966764,26.135313,0
FRB20200708D,44.296177,8.551983,0
FRB20200709A,29.077435,-5.707711,0
FRB20200709B,-16.11636,30.341047,0
FRB20200709C,-53.501633,17.840631,1
FRB20200710A,25.999733,31.063923,0
FRB20200710B,14.111971,30.67738,0
FRB20200710C,47.342644,13.781865,0
FRB20200710D,61.942932,12.180572,0
FRB20200711A,50.095875,-8.062902,0
FRB20200711B,17.71523,20.59156,0
FRB20200711C,-0.5062191,-16.000103,0
FRB20200711D,60.52372,-32.686256,0
FRB20200711E,0.3430193,17.961527,0
FRB20200711F,74.685104,-17.99305,0
FRB20200712A,-30.390718,16.698547,0
FRB20200713A,48.92603,-19.817678,0
FRB20200713B,32.2348,34.9173,0
FRB20200713C,77.45845,-22.709179,0
FRB20200714A,71.21927,-30.441008,0
FRB20200714B,-3.7856605,39.851315,0
FRB20200714C,7.7625003,39.654198,0
FRB20200715A,72.92263,-17.210747,0
FRB20200715B,49.75378,-31.832394,0
FRB20200715C,-46.849365,10.148021,0
FRB20200716A,70.74202,-19.104467,0
FRB20200717A,60.74231,1.0817589,0
FRB20200717B,76.714615,-21.7121,0
FRB20200717C,-60.56043,-5.0720115,1
FRB20200717D,-46.362602,15.56055,1
FRB20200717E,-21.84564,15.935889,0
FRB20200718A,-47.96499,11.659607,1
FRB20200718B,55.90935,-16.371605,0
FRB20200718C,-13.492951,-7.495309,0
FRB20200718D,-3.3296492,37.058823,0
FRB20200719B,-33.74598,-3.8579905,0
FRB20200720A,4.524375,5.1642623,0
FRB20200720B,1.9566019,32.146484,0
FRB20200721A,-19.86335,0.68033046,0
FRB20200721B,22.972343,-15.139309,0
FRB20200721C,24.389252,-36.07135,0
FRB20200721D,28.644688,-16.910269,0
FRB20200721E,8.518809,-6.590774,0
FRB20200722A,-7.027767,17.457981,0
FRB20200722B,29.722755,-21.980423,0
FRB20200722C,8.120903,-6.4801335,0
FRB20200723A,-28.223518,-16.86244,0
FRB20200723B,-14.837484,52.50425,0
FRB20200724A,-21.217178,8.723636,1
FRB20200724B,-14.087287,41.412613,0
FRB20200724C,-6.8599186,25.402308,0
FRB20200725A,16.001524,32.902733,0
FRB20200725B,-42.453854,18.730455,1
FRB20200726A,-18.712374,-11.922862,0
FRB20200726B,-0.61090267,-9.826982,0
FRB20200726C,67.93041,-39.982727,0
FRB20200726D,-65.82877,-6.145081,1
FRB20200726E,48.389565,3.5646312,0
FRB20200726F,35.41343,32.076332,0
FRB20200727A,38.878326,-10.424716,0
FRB20200728A,1.7191591,39.921448,0
FRB20200729A,-37.505573,13.348329,1
FRB20200729B,19.667883,-10.485214,0
FRB20200801A,-60.976204,4.1137114,1
FRB20200801B,63.385567,-22.003172,0
FRB20200801C,-71.37249,19.31409,1
FRB20200801D,-10.845895,10.960843,0
FRB20200804A,26.103945,-42.631702,0
FRB20200805A,24.14621,-35.54636,0
FRB20200806A,7.1269507,24.802544,0
FRB20200806B,9.565924,22.161373,0
FRB20200806C,-23.164917,46.900116,0
FRB20200807A,-23.773504,30.649664,0
FRB20200807B,18.735611,17.766287,0
FRB20200807C,27.737745,-12.492412,0
FRB20200808A,50.761032,-20.04961,0
FRB20200808B,52.202625,-5.299636,0
FRB20200809A,9.356435,32.589714,0
FRB20200809B,14.381339,-0.85127395,0
FRB20200809C,20.439962,-15.544775,0
FRB20200809D,-5.707756,28.532978,0
FRB20200809E,-56.58752,1.5507371,1
FRB20200809F,13.713068,8.630162,0
FRB20200809G,-61.726986,-10.6085005,1
FRB20200810A,21.607487,-12.303409,0
FRB20200810B,-2.2187989,4.5183673,0
FRB20200811A,-10.306929,19.437008,0
FRB20200812A,14.881265,33.141735,0
FRB20200812B,14.94275,22.949009,0
FRB20200813A,28.342968,-36.110405,0
FRB20200813B,-19.763803,-8.443366,0
FRB20200813C,-11.058193,13.530048,0
FRB20200813D,64.96869,-31.505499,0
FRB20200814A,66.08834,-15.383563,0
FRB20200814B,46.891685,2.011664,0
FRB20200814C,4.2767296,5.7397413,0
FRB20200814D,21.529766,-13.429288,0
FRB20200814E,49.441513,3.8471727,0
FRB20200814F,-13.911168,47.13713,0
FRB20200814G,30.117645,-4.6309743,1
FRB20200814H,7.111376,7.4174304,0
FRB20200815A,8.501079,34.08758,0
FRB20200816A,-3.8422902,22.304934,0
FRB20200816B,28.210697,-2.4311516,0
FRB20200817A,8.4076605,-15.85587,0
FRB20200819A,27.625639,-40.002476,0
FRB20200820A,66.096016,-0.24302909,1
FRB20200821A,-23.384363,30.302542,0
FRB20200821B,-55.137634,8.826888,1
FRB20200822A,14.014892,-31.516155,0
FRB20200823A,60.513058,-30.656057,0
FRB20200823B,60.730637,-22.266272,0
FRB20200824A,-20.974382,-15.900998,0
FRB20200824B,38.563587,-19.625261,0
FRB20200824C,-13.807688,2.1142046,0
FRB20200824D,10.4846,-9.107408,0
FRB20200825A,27.73222,-4.7319994,0
FRB20200826A,-25.741314,5.468232,0
FRB20200826B,-29.9217,-14.342909,0
FRB20200826C,30.30743,-31.790815,0
FRB20200828A,13.23191,11.890138,0
FRB20200828B,11.756472,13.191872,0
FRB20200828C,-26.197586,18.603216,0
FRB20200828D,30.668324,33.2026,0
FRB20200828E,23.849003,13.439061,0
FRB20200829A,1.5079905,-7.3090277,1
FRB20200830A,9.050866,-14.675716,0
FRB20200830B,26.277678,36.38228,0
FRB20200831A,28.19714,38.239456,0
FRB20200901A,-35.50362,24.65361,0
FRB20200902A,52.562626,-1.6899471,0
FRB20200902B,24.906788,-15.170976,0
FRB20200902C,2.9360528,27.723742,0
FRB20200903A,-42.731533,11.095802,1
FRB20200903B,-62.47131,-2.9727833,1
FRB20200903C,-7.735744,-17.938951,0
FRB20200903D,13.255148,12.785898,0
FRB20200904A,53.188614,-20.93227,0
FRB20200904B,-49.864437,9.511934,1
FRB20200904C,-28.03636,18.701235,0
FRB20200905A,13.555988,-20.244816,0
FRB20200905B,-72.8613,-15.000471,1
FRB20200905C,-65.55286,-5.8362284,1
FRB20200908A,11.24143,32.87648,0
FRB20200908B,45.680603,-18.454466,0
FRB20200909A,-63.97799,18.743853,1
FRB20200909B,56.461716,20.436272,0
FRB20200909C,7.0171833,-37.247864,0
FRB20200910A,-17.884752,2.4949603,0
FRB20200910B,40.566418,9.336322,0
FRB20200912A,-13.497597,12.363225,0
FRB20200913A,51.885445,-15.211704,0
FRB20200913B,5.199697,2.7716944,0
FRB20200913C,-29.194138,-14.167437,1
FRB20200914A,-0.6521445,-15.127957,0
FRB20200914B,30.606266,-6.314727,0
FRB20200914C,13.88539,-24.467886,1
FRB20200915B,-3.7008586,39.371128,0
FRB20200915C,37.92932,32.03441,0
FRB20200915D,21.175776,-2.2518091,0
FRB20200916A,-37.349983,17.386755,0
FRB20200916B,-31.435846,-16.174091,0
FRB20200916C,7.577819,-40.98922,0
FRB20200917A,49.997856,5.7054667,0
FRB20200917B,28.977486,22.339329,0
FRB20200917C,-3.4932868,-8.887477,0
FRB20200918A,21.331848,-40.723904,0
FRB20200918B,-14.475504,30.184063,0
FRB20200918C,5.5832057,-2.0415716,0
FRB20200919A,-28.324816,2.0626426,0
FRB20200919B,-75.152756,12.820855,1
FRB20200919C,61.039562,-22.045908,0
FRB20200920A,31.477873,-35.029804,0
FRB20200920B,36.024242,11.654015,0
FRB20200921A,68.314186,-13.257272,0
FRB20200921B,70.83044,-33.96965,0
FRB20200921C,-3.0657265,-31.4125,0
FRB20200922A,23.4859,-19.18557,0
FRB20200922B,-1.1457855,37.469257,0
FRB20200922C,21.987787,-28.053833,0
FRB20200923A,15.96688,-2.0894465,0
FRB20200923B,-20.24269,39.04094,0
FRB20200923C,21.537561,-38.209137,0
FRB20200924A,-0.71461964,36.608017,0
FRB20200925A,-6.551186,-17.901997,0
FRB20200925B,9.080701,-17.079638,0
FRB20200926A,-59.567356,20.00329,1
FRB20200927A,7.831298,-7.4652395,0
FRB20200927B,21.510897,-30.436089,0
FRB20200927C,37.555172,-15.273847,0
FRB20200927D,27.28664,30.69842,0
FRB20200928A,55.706093,-1.6034688,0
FRB20200928B,69.323006,1.3351018,0
FRB20200929A,29.868546,-20.633684,0
FRB20200929B,-4.278686,-12.317968,0
FRB20200929C,-82.5462,-11.710565,1
FRB20200929E,-19.214037,39.993233,0
FRB20200930A,3.9631646,-33.05311,0
FRB20201001A,14.124563,-6.0617647,0
FRB20201001B,-29.556248,-14.009834,0
FRB20201002A,11.674022,11.511535,0
FRB20201002B,-4.9976273,-20.840544,0
FRB20201003A,-5.122311,-1.6870834,0
FRB20201003B,44.10412,14.056852,0
FRB20201004A,51.22516,14.660428,0
FRB20201004B,-76.11394,0.13374072,1
FRB20201007A,-26.938633,-3.2575014,0
FRB20201008A,77.149635,-22.534365,0
FRB20201009A,52.352314,-15.8656645,0
FRB20201010A,9.371023,38.04759,0
FRB20201010B,79.536835,-22.311335,0
FRB20201010C,9.042191,33.748417,0
FRB20201010D,2.5817451,2.539035,0
FRB20201011A,-38.563457,-0.22591634,0
FRB20201013A,7.3474646,36.73692,0
FRB20201014A,68.964645,-4.090028,0
FRB20201014B,-87.39742,-16.232347,1
FRB20201015A,-22.64227,16.558952,0
FRB20201015B,79.048134,-21.457888,0
FRB20201016A,-14.328736,-6.7179713,0
FRB20201017A,-14.684691,-20.016996,0
FRB20201017B,-10.147461,5.3147225,0
FRB20201017C,43.93472,11.040246,0
FRB20201017D,11.279167,19.692173,0
FRB20201017E,1.5393044,-6.994073,0
FRB20201017F,36.35004,-8.812009,0
FRB20201017G,56.69202,-1.6561495,0
FRB20201018A,26.401936,26.937935,0
FRB20201018B,-45.69717,12.332398,1
FRB20201018C,-54.964657,-4.9776053,1
FRB20201018D,-13.978761,-11.960617,0
FRB20201018E,51.07641,-3.4136255,0
FRB20201019A,19.98592,30.462982,0
FRB20201019B,-1.3553017,-29.3595,0
FRB20201022A,20.982094,-45.06967,0
FRB20201022C,-22.726524,-7.747523,0
FRB20201022D,-68.045494,15.210313,1
FRB20201023A,16.203993,32.145283,0
FRB20201023B,-29.377993,37.34002,1
FRB20201023D,74.52042,-30.684534,0
FRB20201024A,-16.757643,2.507568,0
FRB20201026A,26.018322,-23.88646,0
FRB20201026B,-8.584727,17.673029,0
FRB20201026C,61.640728,10.507779,0
FRB20201026D,30.137121,-37.09083,0
FRB20201026E,-33.93443,-0.12560722,0
FRB20201026F,31.825619,-5.822864,0
FRB20201027A,16.735796,-19.09999,0
FRB20201028A,65.68508,-29.472794,0
FRB20201029A,49.70362,1.4722047,0
FRB20201029B,-20.990164,-0.10811854,0
FRB20201029C,61.91024,10.816559,0
FRB20201030A,68.293236,-15.123572,0
FRB20201030B,60.939384,-31.911129,1
FRB20201030C,5.6798134,-10.8203335,0
FRB20201031A,31.706043,-9.136034,0
FRB20201031B,61.017937,12.629985,0
FRB20201031C,19.111029,-38.482018,0
FRB20201031D,-8.888313,4.210929,0
FRB20201101A,7.9170394,-29.857529,0
FRB20201101B,3.6358743,-31.756546,0
FRB20201102A,-14.019961,-3.8299243,0
FRB20201102B,38.945576,33.96885,0
FRB20201102C,55.197067,-22.282043,0
FRB20201103A,-66.441925,4.9621377,1
FRB20201103B,-15.920287,45.771996,0
FRB20201103C,33.55741,40.837284,0
FRB20201104A,-34.027542,-2.045493,0
FRB20201104B,25.589241,-29.564589,0
FRB20201105A,14.943555,-12.2342,0
FRB20201105B,-56.362137,6.3243113,0
FRB20201105C,20.513494,-15.231105,0
FRB20201105D,67.54576,2.0796595,0
FRB20201107A,57.10645,-35.696274,0
FRB20201107B,-14.79606,-6.46798,0
FRB20201108A,72.38946,-32.95141,0
FRB20201108B,38.000694,-14.019943,0
FRB20201108C,25.52514,-15.460351,0
FRB20201109A,8.288292,-15.802269,0
FRB20201109B,47.660442,-1.5339409,0
FRB20201110A,-19.989838,0.5961476,0
FRB20201110B,-17.163746,30.749495,0
FRB20201111A,-0.22694173,-28.767792,1
FRB20201111B,-2.3095753,-34.836758,0
FRB20201112A,24.274794,-8.224003,0
FRB20201112B,-35.83458,3.1013756,0
FRB20201113A,-32.45582,21.118341,0
FRB20201113B,31.098352,-36.37859,0
FRB20201114A,-67.36677,4.4218946,1
FRB20201115A,51.586914,16.044653,0
FRB20201115B,13.923911,21.503347,0
FRB20201116A,35.86233,-34.221996,0
FRB20201117A,13.688261,-12.041557,0
FRB20201118A,25.328337,16.017506,0
FRB20201118B,25.673056,-41.10422,0
FRB20201118C,-1.1804898,2.476782,0
FRB20201119A,-25.051374,-4.52148,0
FRB20201120A,58.41218,-13.77427,0
FRB20201120B,25.243254,31.71226,0
FRB20201120C,36.496674,39.957283,0
FRB20201121A,3.4819248,18.176027,0
FRB20201122A,32.209045,-0.6247354,0
FRB20201123B,16.690626,33.709167,0
FRB20201123C,22.912827,-16.46284,0
FRB20201123D,-45.79941,-5.957517,1
FRB20201123E,-33.67535,21.321869,0
FRB20201123F,-10.944711,-7.6478977,0
FRB20201124A,-80.03492,13.072803,1
FRB20201124B,-63.804207,9.872779,1
FRB20201124C,58.635513,-0.44236124,0
FRB20201124D,55.804718,16.559057,0
FRB20201124E,-32.472782,28.674852,1
FRB20201125A,34.11648,-6.0503616,0
FRB20201125B,-23.58433,48.998432,1
FRB20201126A,31.61068,-18.246052,0
FRB20201126B,32.76493,-34.04243,0
FRB20201126C,70.556305,-22.16313,0
FRB20201127A,44.560036,10.848013,0
FRB20201127B,18.55992,19.720104,0
FRB20201127C,-36.1353,26.623022,0
FRB20201128A,8.587757,1.3177658,0
FRB20201128B,72.73131,-17.12807,0
FRB20201128C,64.67074,-38.20068,0
FRB20201128D,59.32969,8.044826,0
FRB20201128E,61.496655,9.353924,0
FRB20201129A,20.223782,-26.261456,1
FRB20201129B,43.65406,-2.233348,0
FRB20201129C,-41.964684,13.676013,0
FRB20201129D,-24.608707,25.816795,0
FRB20201130A,-59.871292,10.034727,1
FRB20201130B,-20.43576,-9.797489,0
FRB20201201A,-71.77484,23.354631,1
FRB20201201B,-36.890812,26.370905,1
FRB20201202A,57.498238,-15.312308,0
FRB20201202B,-23.785208,12.195867,0
FRB20201202C,-2.0727925,-15.634884,0
FRB20201202D,-29.890425,11.176071,0
FRB20201203A,-10.183714,-15.872814,0
FRB20201203B,16.559792,36.766712,0
FRB20201203C,-62.01056,2.8669803,1
FRB20201204A,-1.2505995,39.84473,0
FRB20201204B,-6.0299244,26.48985,0
FRB20201204C,22.517555,-22.283367,0
FRB20201204D,-45.375984,12.532157,1
FRB20201205A,10.554968,37.45022,0
FRB20201205B,26.058062,-20.351347,0
FRB20201205C,-5.648678,9.386378,0
FRB20201205D,-14.283945,27.841824,0
FRB20201206B,1.8581878,3.9698155,0
FRB20201206C,-24.126951,3.8448193,0
FRB20201206D,-22.359314,-4.9811873,0
FRB20201206E,50.904366,-6.6959476,0
FRB20201207A,-12.744431,28.316233,0
FRB20201207B,48.250767,-17.137842,0
FRB20201207C,44.467533,14.917779,0
FRB20201207D,70.062065,-34.399612,0
FRB20201207E,67.34458,-4.367371,0
FRB20201207F,4.7568936,2.5228097,0
FRB20201208A,-0.98472375,41.43716,0
FRB20201209A,50.52199,-7.3357115,0
FRB20201210A,-68.00725,-17.710169,1
FRB20201210B,-57.980206,-4.3851304,1
FRB20201210C,68.65681,-23.153322,0
FRB20201210D,29.12443,-33.801384,0
FRB20201212A,-7.9557166,18.555618,0
FRB20201212B,40.136665,-12.410183,0
FRB20201212C,51.610744,-7.240177,0
FRB20201212D,10.83018,-41.59118,0
FRB20201212E,32.518803,-9.983594,0
FRB20201212F,-57.283092,8.953775,1
FRB20201213A,4.4853954,4.357735,0
FRB20201214A,-22.717691,-7.681045,0
FRB20201214B,27.96151,20.458687,0
FRB20201215A,43.51943,20.256445,0
FRB20201215B,45.32614,22.857986,0
FRB20201215C,-34.67484,30.137993,1
FRB20201215D,44.50163,-3.9240365,0
FRB20201215E,-9.22313,1.8884227,0
FRB20201216A,-30.99265,28.374893,0
FRB20201216B,-30.166428,20.30878,0
FRB20201216C,-57.084583,10.919994,1
FRB20201216D,-7.2899327,-15.427156,0
FRB20201216E,-74.6206,6.998583,0
FRB20201217A,30.479603,38.617252,0
FRB20201217B,-2.3017058,41.07128,0
FRB20201218A,68.57178,-3.3689504,0
FRB20201218B,66.69186,-14.649325,0
FRB20201218C,-30.292816,0.5311779,0
FRB20201218D,-7.07585,1.8897433,0
FRB20201219A,-54.3444,-8.328952,1
FRB20201219B,-18.782711,-21.39348,0
FRB20201220A,4.3075123,-5.395186,0
FRB20201220B,63.2808,-30.848885,0
FRB20201220C,56.40037,2.3667235,0
FRB20201221A,-14.418369,30.049065,0
FRB20201221B,-55.386547,16.161194,1
FRB20201222A,-18.634026,-1.8569126,0
FRB20201223A,-62.157864,2.8012633,1
FRB20201223B,20.81789,36.005016,0
FRB20201223C,6.2314196,35.408623,0
FRB20201224A,57.233585,-2.3508348,1
FRB20201224B,46.475098,16.60893,0
FRB20201225A,64.556946,-27.74908,0
FRB20201225B,-54.198975,-9.880112,1
FRB20201225C,-1.471787,40.658237,0
FRB20201225D,-37.01569,14.315073,1
FRB20201225E,19.942612,-3.9568946,0
FRB20201225F,21.265461,1.2681297,0
FRB20201225G,9.031633,34.11951,0
FRB20201226A,34.18372,12.379825,0
FRB20201226B,-29.888517,27.750843,0
FRB20201226C,-0.90996736,27.821222,0
FRB20201227A,-16.7061,46.26875,1
FRB20201228A,-86.67289,-0.9080215,1
FRB20201228B,14.660942,41.281403,0
FRB20201228C,-17.167799,30.614761,0
FRB20201228D,-14.047316,15.143694,0
FRB20201228E,-26.060232,0.35905468,0
FRB20201229A,-31.82094,-4.5839696,0
FRB20201229B,37.875423,14.036389,0
FRB20201229C,-80.95091,0.47416264,1
FRB20201229D,-10.295956,16.35907,0
FRB20201230A,32.436356,-7.2005916,0
FRB20201230B,71.209915,-22.810362,0
FRB20201230C,16.791502,-4.2327747,0
FRB20201230D,30.982952,1.6781298,0
FRB20201230E,-3.6114852,16.854012,0
FRB20201231A,-7.9077716,43.262016,0
FRB20201231B,-30.066492,37.78081,0
FRB20210101A,78.86807,-20.39734,0
FRB20210101B,13.222876,33.22273,0
FRB20210101C,12.710086,-11.317925,0
FRB20210101D,35.07981,31.001144,0
FRB20210101E,42.504284,15.249555,0
FRB20210102A,23.04181,25.072416,0
FRB20210103A,19.601698,24.611591,0
FRB20210103B,20.279787,-10.3836,0
FRB20210103C,1.1988856,29.167078,0
FRB20210103D,-13.30679,42.108803,0
FRB20210104B,-1.8863755,19.426926,0
FRB20210104C,3.8762188,24.470821,0
FRB20210104D,28.18924,-34.958534,0
FRB20210104E,66.94266,-40.273087,0
FRB20210104F,15.588733,-3.220317,0
FRB20210105A,-37.686375,8.848676,0
FRB20210105B,-8.279739,-27.204039,0
FRB20210105C,44.484055,-16.726467,0
FRB20210105D,25.757128,7.998484,0
FRB20210105E,28.542597,-15.783823,0
FRB20210105F,-36.889458,-4.908904,0
FRB20210105G,-50.926956,-4.3563,1
FRB20210106A,38.7521,17.849678,0
FRB20210106B,18.820625,-29.215734,0
FRB20210106C,41.9165,14.80766,0
FRB20210107A,19.476488,24.08337,0
FRB20210108A,44.602543,16.46317,0
FRB20210109A,5.0720067,2.8338451,0
FRB20210109B,15.177284,22.10993,0
FRB20210110A,20.076267,-24.31347,0
FRB20210110B,30.37043,-9.510889,0
FRB20210110C,19.746597,-14.63471,0
FRB20210111A,-24.821676,7.100168,0
FRB20210111B,27.436565,24.009073,0
FRB20210111C,-37.040363,27.439703,0
FRB20210111D,-45.374046,-3.4949036,0
FRB20210111E,-43.465744,14.106962,1
FRB20210111F,13.198875,17.511839,0
FRB20210112A,-31.47241,-9.362821,0
FRB20210112B,-2.3649194,-16.94851,0
FRB20210113A,18.244146,20.661732,0
FRB20210113B,50.989777,-14.529699,0
FRB20210113C,43.470978,20.058786,0
FRB20210113D,-29.025179,1.2176378,1
FRB20210113E,35.028797,38.318684,0
FRB20210114A,-20.729687,41.94621,0
FRB20210114B,-33.07514,2.8763833,1
FRB20210114C,59.64928,-15.693999,0
FRB20210114D,2.436631,-7.837451,0
FRB20210115A,56.410267,1.7176938,0
FRB20210115B,-29.92161,11.636344,0
FRB20210115C,-69.827,-11.6173,1
FRB20210115D,-18.222033,40.64482,0
FRB20210116A,-70.84004,20.363007,0
FRB20210116B,-18.954065,44.808487,0
FRB20210117B,7.572584,14.0080385,0
FRB20210117C,-29.706463,15.393401,0
FRB20210117D,-27.38113,-17.86559,0
FRB20210117E,-55.390923,19.7141,1
FRB20210117F,-67.278885,-5.225468,1
FRB20210118A,33.75289,30.254816,0
FRB20210118B,-51.060894,10.77525,1
FRB20210118C,-18.434284,49.38518,0
FRB20210119A,1.6337681,-30.028925,0
FRB20210119B,-25.333488,5.6770244,0
FRB20210120A,15.02618,21.583935,0
FRB20210121A,69.032036,-16.69475,0
FRB20210122A,10.7206745,38.80291,0
FRB20210122B,-14.692577,-12.257958,0
FRB20210123A,21.379297,28.468767,0
FRB20210123B,29.720135,36.10785,0
FRB20210123C,65.76027,0.86134887,0
FRB20210123D,-12.11886,19.020939,0
FRB20210123E,-0.2623709,1.7289547,0
FRB20210124B,-0.7438249,43.867813,0
FRB20210124C,-57.746994,11.929182,0
FRB20210124D,-10.860115,23.255386,0
FRB20210125A,-43.600956,18.343332,1
FRB20210125B,14.772976,41.49984,0
FRB20210125C,3.4908512,33.537983,0
FRB20210125D,-10.387522,19.458141,0
FRB20210125E,7.180251,-3.3305604,0
FRB20210126A,65.82544,-37.427605,0
FRB20210126B,12.046522,-13.551623,0
FRB20210127B,55.079533,-22.355871,0
FRB20210127C,65.46282,-23.927162,0
FRB20210127D,20.709791,-17.996256,0
FRB20210127E,-33.460976,1.7560632,1
FRB20210128A,26.865435,-11.109211,0
FRB20210128B,-35.30073,25.54473,1
FRB20210129A,-14.3875065,-7.211819,0
FRB20210129B,24.421818,-27.394733,0
FRB20210129C,-58.805656,9.961494,1
FRB20210129D,32.926067,-0.5107456,0
FRB20210129E,-60.080635,15.36274,1
FRB20210130A,-0.3778136,-16.06034,0
FRB20210130B,-20.105104,-11.640589,0
FRB20210130C,41.47678,3.7604299,0
FRB20210130D,44.50634,22.252192,0
FRB20210130E,-49.562782,16.73371,1
FRB20210130F,49.68113,-29.35157,0
FRB20210130G,31.953468,-22.966694,0
FRB20210130H,-71.93919,-15.118798,1
FRB20210130I,-55.071224,0.64342225,1
FRB20210131A,-55.062656,1.915171,1
FRB20210131B,13.365833,-17.173164,0
FRB20210201A,6.8001757,19.177874,0
FRB20210202A,37.977245,33.300835,0
FRB20210202B,12.439736,-11.683449,0
FRB20210202C,12.951623,17.254826,0
FRB20210203A,27.532696,-4.590208,0
FRB20210203B,-46.809395,10.348787,1
FRB20210203C,-66.86298,-5.010062,1
FRB20210203D,9.121916,-30.973574,0
FRB20210203E,-7.300081,42.778397,0
FRB20210204A,-16.509172,-13.077603,0
FRB20210204B,-23.784145,-4.7515717,0
FRB20210204C,9.918247,-7.117503,0
FRB20210204D,-20.11341,7.711586,0
FRB20210205A,13.458008,40.610332,0
FRB20210205B,7.058857,-37.130913,0
FRB20210205C,-27.491234,9.225877,0
FRB20210205D,-17.572311,15.049574,1
FRB20210206A,34.514584,37.193073,0
FRB20210206B,28.100819,-22.904312,0
FRB20210207A,-67.23458,-4.2595725,1
FRB20210207B,23.832792,-28.828066,0
FRB20210207C,34.64362,39.308716,0
FRB20210207D,-1.648942,-13.087653,0
FRB20210207E,-23.69829,-3.3686903,0
FRB20210207F,11.569778,-9.685917,0
FRB20210207G,7.9229445,2.0693667,0
FRB20210208A,-16.741457,-16.436264,0
FRB20210208B,-80.498634,-4.9618444,1
FRB20210208C,-3.3898208,12.374112,0
FRB20210208D,3.3162,35.36066,0
FRB20210209A,-8.911957,18.8875,0
FRB20210209B,-47.44284,6.0700607,1
FRB20210209C,-83.839325,-14.048726,1
FRB20210209D,7.741984,33.085545,0
FRB20210210A,-14.021484,10.397137,0
FRB20210211A,-84.63469,-17.106592,1
FRB20210211B,-70.205956,-12.06974,0
FRB20210211C,-3.5353122,7.5867586,0
FRB20210211D,-31.64819,17.863035,0
FRB20210211E,-5.6463327,8.591793,0
FRB20210212A,39.962143,16.717207,0
FRB20210212B,42.978,13.229054,0
FRB20210212C,-78.0642,15.671839,1
FRB20210212D,43.69584,18.149723,0
FRB20210212E,54.961956,-22.46864,0
FRB20210212F,-7.6373215,-12.702081,0
FRB20210213A,2.4555492,36.985096,0
FRB20210213B,41.38943,-20.65477,0
FRB20210213C,-17.006115,-14.953533,0
FRB20210213D,13.726595,42.662594,0
FRB20210213E,35.107613,-9.412098,0
FRB20210213F,-62.71521,-4.518482,1
FRB20210213G,-22.837572,11.50138,0
FRB20210213H,30.349545,33.67165,0
FRB20210214A,-22.681282,28.09023,0
FRB20210214B,65.08778,-24.330204,0
FRB20210214C,22.67135,-6.6460195,0
FRB20210214D,-59.48762,7.786352,1
FRB20210214E,1.3752385,-13.513944,0
FRB20210214F,30.4681,2.8468218,0
FRB20210215A,50.79243,-17.593813,0
FRB20210215B,-34.122803,6.4643407,0
FRB20210215C,-87.9083,-0.28250796,1
FRB20210215E,-3.457372,15.115345,0
FRB20210216A,5.6847115,22.11499,0
FRB20210216B,-48.917786,19.302204,1
FRB20210216C,-35.144268,19.416483,0
FRB20210216D,74.868004,-17.67025,0
FRB20210216E,36.031742,-17.833542,0
FRB20210216F,-37.55084,-4.4832554,0
FRB20210216G,5.611075,-10.560262,0
FRB20210217A,62.12272,-32.91024,0
FRB20210217B,15.667601,-10.320293,0
FRB20210217C,29.46709,-35.73139,0
FRB20210218A,-21.035042,-16.667543,0
FRB20210218B,34.02541,16.035736,0
FRB20210218C,68.80092,-36.18263,0
FRB20210218D,2.8023903,-0.35161164,0
FRB20210218E,-22.605656,44.181644,1
FRB20210218F,-13.507236,-11.433537,0
FRB20210218G,10.676303,20.225538,0
FRB20210219A,12.540661,-15.112919,0
FRB20210219B,3.0657032,13.75779,0
FRB20210219C,-22.769577,-3.6326098,1
FRB20210220A,-32.44459,29.87703,1
FRB20210220B,-37.067387,24.656498,0
FRB20210220C,-10.002147,3.317392,0
FRB20210220D,-10.682991,-6.783205,0
FRB20210220E,-53.213295,17.258343,1
FRB20210221A,63.539112,-21.905504,0
FRB20210221B,-35.75699,0.11567864,0
FRB20210221C,26.966661,-39.133453,0
FRB20210222A,10.847372,31.795166,0
FRB20210222B,42.76761,27.554752,0
FRB20210222C,-8.92302,8.959956,0
FRB20210223A,50.11189,-22.94828,0
FRB20210223B,-18.295218,49.578445,0
FRB20210223C,-57.686092,8.906745,1
FRB20210223D,-12.525089,11.637803,0
FRB20210224A,-69.88912,11.285446,1
FRB20210224B,31.826445,-11.152528,0
FRB20210224C,2.0771778,24.12639,0
FRB20210225A,55.934566,15.051845,0
FRB20210225B,9.71822,3.435784,0
FRB20210226A,71.561905,-16.549206,0
FRB20210226B,-70.48598,-0.8401624,1
FRB20210226C,-64.4248,8.169842,1
FRB20210227A,7.235672,-12.8316765,0
FRB20210227B,19.19373,-9.153686,0
FRB20210228A,-71.64232,21.23078,0
FRB20210228B,-71.18408,17.638273,1
FRB20210301A,-86.82225,-11.551512,1
FRB20210301B,-18.615032,-8.762619,1
FRB20210301C,44.292355,22.47377,0
FRB20210301D,-23.307564,14.153693,0
FRB20210302A,-52.64761,-7.562425,1
FRB20210302B,21.696112,-42.631294,0
FRB20210302C,-49.601967,-9.861949,1
FRB20210302D,30.97501,1.5369763,0
FRB20210302E,-76.21941,-14.183274,1
FRB20210302F,79.15961,-19.712833,0
FRB20210302G,-66.14292,-2.6694467,1
FRB20210302H,-17.634588,-7.247368,0
FRB20210302I,-25.49887,30.89451,0
FRB20210302J,-33.596786,17.882378,0
FRB20210303B,-54.28345,0.6098339,1
FRB20210303C,7.933971,2.1896722,0
FRB20210303D,-7.5775533,24.223425,0
FRB20210303E,-1.4027836,11.68635,0
FRB20210303F,-67.68095,-17.565195,1
FRB20210303G,3.4553568,25.310522,0
FRB20210303H,37.47204,19.90516,0
FRB20210303I,54.920876,-2.6101267,0
FRB20210303J,20.847403,-9.539235,0
FRB20210303K,-3.5788474,-14.355197,0
FRB20210304A,-57.2985,0.09284412,1
FRB20210304B,-47.140167,1.8020703,1
FRB20210304C,27.56435,-4.5275426,0
FRB20210304D,27.29029,38.399006,0
FRB20210304E,69.55625,-12.068241,0
FRB20210304F,15.945543,-27.743992,0
FRB20210304G,14.671461,-26.02955,0
FRB20210304H,0.56025153,24.820894,0
FRB20210305A,-30.1823,1.1889968,1
FRB20210305B,-9.207132,42.796997,0
FRB20210305C,18.397589,-23.806335,0
FRB20210305D,15.694679,18.177727,0
FRB20210305E,-18.438324,48.013832,0
FRB20210306A,-27.53025,-16.696861,0
FRB20210307A,14.851013,34.617958,0
FRB20210307B,-11.093789,10.283515,0
FRB20210307C,-1.4672256,7.393993,0
FRB20210307D,-9.40991,-14.224502,0
FRB20210308A,58.39068,-1.8977953,0
FRB20210308B,-26.742758,36.746166,0
FRB20210308C,-58.938755,10.786848,1
FRB20210309A,74.12357,-31.968493,0
FRB20210309B,-8.527693,-3.9100966,0
FRB20210309C,-2.4947665,21.34497,0
FRB20210309D,72.80549,-16.537926,0
FRB20210309E,13.183363,43.447765,0
FRB20210309F,-6.2469172,-13.194717,0
FRB20210310A,42.39297,-30.854992,0
FRB20210310B,-33.34287,-3.5595489,0
FRB20210311A,-31.371851,15.297857,0
FRB20210311B,6.728499,-24.184858,0
FRB20210311C,51.03379,0.012935733,0
FRB20210311D,-27.351274,-14.140552,0
FRB20210311E,-22.431807,-2.7509058,0
FRB20210312A,40.69965,-20.601877,0
FRB20210312B,14.414665,-1.9844614,0
FRB20210312C,28.003029,-37.62099,0
FRB20210313A,2.434953,-20.817142,0
FRB20210313B,-67.53036,-11.938706,1
FRB20210313C,48.443806,-20.698412,0
FRB20210313D,65.53337,-29.540895,0
FRB20210313E,-68.884224,1.3939573,1
FRB20210314A,-56.69837,0.64739245,1
FRB20210314B,45.186893,-32.924263,0
FRB20210314C,23.935614,-39.111095,0
FRB20210314D,53.200405,-6.3902917,0
FRB20210314E,5.2905273,33.177868,0
FRB20210314F,2.1748683,30.99716,0
FRB20210315A,-30.355566,21.565084,0
FRB20210315B,32.350365,-32.410046,0
FRB20210316A,40.478786,17.7777,0
FRB20210316B,-34.45547,1.9570951,0
FRB20210316C,-80.92862,4.047877,1
FRB20210320A,-44.677742,18.139738,1
FRB20210320B,3.6907623,-38.21232,0
FRB20210321A,-49.206253,2.1487582,1
FRB20210321B,-59.90832,9.688125,1
FRB20210321C,10.079706,-25.636673,0
FRB20210322A,-65.54241,-4.860507,1
FRB20210322B,-24.058508,41.91343,0
FRB20210322C,-9.417993,-17.821938,0
FRB20210322D,17.017824,-42.383484,0
FRB20210322E,-28.920963,27.965954,0
FRB20210322F,-70.478,13.08188,1
FRB20210323A,-67.0105,-7.6243596,1
FRB20210323B,32.246468,-32.39665,0
FRB20210323C,-57.49984,-3.6337502,1
FRB20210323D,5.759997,-19.830696,0
FRB20210323E,-73.97941,-7.8129582,1
FRB20210324A,-1.9429404,41.796967,0
FRB20210325A,-21.304253,42.329163,0
FRB20210325B,1.6585786,39.944233,0
FRB20210326A,-83.061485,-5.4810944,1
FRB20210326B,-64.61991,-10.4292,1
FRB20210326C,34.79563,-26.1312,0
FRB20210326D,31.475052,12.121546,0
FRB20210326E,3.9510138,-8.690989,0
FRB20210327A,-57.15078,-8.795434,1
FRB20210327C,-67.13038,4.0323105,1
FRB20210327D,14.52754,22.395323,0
FRB20210327E,23.93268,-18.558401,0
FRB20210327F,46.781357,22.692131,1
FRB20210328A,-73.283554,9.880358,1
FRB20210328B,22.120401,-14.160799,0
FRB20210328C,17.132414,42.430317,0
FRB20210328D,49.690006,17.301142,0
FRB20210328E,38.04061,-12.30777,0
FRB20210328F,8.336955,-4.3115215,0
FRB20210329A,-53.375053,3.2807987,1
FRB20210329B,15.759903,35.648632,0
FRB20210329C,0.6627976,-1.4657602,0
FRB20210330A,33.84771,-1.853459,0
FRB20210330B,-67.90633,1.6933081,1
FRB20210330C,40.79552,18.179329,0
FRB20210330D,5.8723993,-5.644543,0
FRB20210330E,6.4078383,5.412838,0
FRB20210331A,-36.043133,14.659679,1
FRB20210331B,-36.00492,14.132459,1
FRB20210331C,-82.63482,-4.273725,1
FRB20210331D,-64.594925,13.40735,1
FRB20210331E,53.58885,1.3732394,0
FRB20210331F,-55.241215,-16.193045,1
FRB20210331G,18.112251,-19.763014,0
FRB20210331H,16.690863,-18.959988,0
FRB20210402B,-66.93769,-6.0799685,1
FRB20210402C,-21.77061,-4.285748,0
FRB20210402D,55.63716,-1.8394353,0
FRB20210402E,39.22961,-16.15039,0
FRB20210402F,30.871952,1.1430377,0
FRB20210402G,-2.3417525,41.58635,0
FRB20210403C,19.126095,-41.262524,0
FRB20210403D,16.855698,-20.508673,0
FRB20210403E,23.398405,-29.173725,0
FRB20210403F,-18.630733,44.06873,0
FRB20210404A,-78.48939,14.789683,1
FRB20210404D,53.99165,-29.65362,0
FRB20210404E,-63.741497,5.804856,1
FRB20210405A,-83.97194,-5.8174686,1
FRB20210405B,-50.792473,-11.706455,1
FRB20210406A,-56.627052,-3.0668135,1
FRB20210406B,7.286384,-16.117065,0
FRB20210406C,0.36227596,-22.48186,0
FRB20210406D,22.260746,-19.98276,0
FRB20210406E,77.267845,-16.682512,0
FRB20210406F,0.9346446,2.5801299,0
FRB20210407D,-3.599109,-14.1730385,0
FRB20210408A,18.441711,15.365427,0
FRB20210408B,25.60072,13.889783,0
FRB20210408C,21.119223,-19.29971,0
FRB20210408D,49.889515,17.195112,0
FRB20210408E,22.94457,21.914267,0
FRB20210408F,-28.675306,40.608116,0
FRB20210408G,-21.70768,47.427258,0
FRB20210409A,-34.555878,29.371765,0
FRB20210409B,-43.674072,11.552065,1
FRB20210409C,65.039955,-24.485859,0
FRB20210409D,-27.290154,13.55667,0
FRB20210410A,24.35075,-22.075064,0
FRB20210410B,33.733326,-12.438479,0
FRB20210410C,-52.21561,-2.6850183,1
FRB20210410E,-4.533905,40.57226,0
FRB20210411A,-77.964,12.158254,1
FRB20210411B,-79.45531,15.224892,1
FRB20210411C,-17.760086,13.335793,0
FRB20210411D,64.13765,5.881329,0
FRB20210411E,-48.049824,2.872373,0
FRB20210412A,-73.123695,19.289623,1
FRB20210412B,36.330963,37.054337,0
FRB20210412C,13.19124,12.219241,0
FRB20210412D,16.942268,18.649841,0
FRB20210412E,-45.789963,15.289493,0
FRB20210413A,67.81164,1.939039,0
FRB20210413B,-17.206882,50.531536,0
FRB20210413C,31.26484,-18.264189,0
FRB20210413D,-8.367054,-23.87896,0
FRB20210413E,77.299385,-21.939522,0
FRB20210413F,-11.501151,2.0385096,0
FRB20210414A,42.614517,-17.768734,0
FRB20210414B,-29.123642,16.59919,0
FRB20210414C,31.008276,32.78017,0
FRB20210414D,34.509865,-22.186983,0
FRB20210414E,3.5047748,-20.07553,0
FRB20210415A,-15.774472,0.85018754,0
FRB20210415B,35.08971,38.439114,0
FRB20210415C,57.554173,21.783623,1
FRB20210415D,-16.90836,50.178356,0
FRB20210415E,-25.870539,0.5384346,0
FRB20210415F,18.55181,-13.890064,0
FRB20210416A,22.873615,14.887603,0
FRB20210416B,46.477768,-37.680435,0
FRB20210416C,23.2406,-33.371246,0
FRB20210416D,8.6340685,-15.918252,0
FRB20210416E,5.445763,1.505416,0
FRB20210417A,67.913055,-23.023586,0
FRB20210418A,-5.5060005,21.942804,0
FRB20210418B,66.42923,-18.480427,0
FRB20210418C,-1.1861874,31.845127,0
FRB20210418D,31.44992,-13.369788,0
FRB20210419A,43.970257,13.911156,0
FRB20210419B,8.817358,24.689411,0
FRB20210419C,-23.752028,45.18942,0
FRB20210421A,-7.574503,25.579231,0
FRB20210421B,39.181503,-5.3693056,0
FRB20210421C,14.302471,23.243649,0
FRB20210421D,2.1646206,-0.44089115,0
FRB20210421E,-56.70439,16.040237,1
FRB20210421F,-28.819506,27.352688,0
FRB20210422A,-20.806452,-10.73468,0
FRB20210422B,65.36404,3.5490696,0
FRB20210423A,6.7036877,-38.729866,0
FRB20210423B,-2.119329,41.719357,0
FRB20210423C,37.17022,10.605125,0
FRB20210423D,-33.630375,-0.8979657,0
FRB20210423E,25.18932,34.634335,0
FRB20210423F,45.305492,-38.306843,0
FRB20210423G,51.423798,-18.482157,1
FRB20210423H,-9.424213,25.815516,0
FRB20210424A,28.148548,23.756222,0
FRB20210424B,-8.220798,-6.585489,0
FRB20210424C,-76.21414,-1.7639177,1
FRB20210425A,-2.0004983,-12.5546465,0
FRB20210426A,49.12025,-19.025652,0
FRB20210426B,-75.729355,-14.726746,1
FRB20210427A,78.61295,-20.382992,0
FRB20210427B,8.947616,26.384895,0
FRB20210427C,-22.534027,47.658012,0
FRB20210428A,26.190725,8.035524,0
FRB20210428B,3.2322397,24.876839,0
FRB20210428C,-11.442548,12.901302,0
FRB20210429A,-28.110878,3.3366466,0
FRB20210429B,-14.131234,-25.218254,0
FRB20210429C,63.072502,-19.151323,0
FRB20210430A,24.85572,-21.024714,0
FRB20210430B,-26.929258,5.6138473,0
FRB20210430C,22.485315,-11.387493,0
FRB20210430D,43.260918,-0.6967615,0
FRB20210430E,35.851116,-17.752943,0
FRB20210430F,20.135029,21.059172,0
FRB20210430G,-48.579227,7.978454,1
FRB20210430H,-20.044134,54.2087,0
FRB20210430I,2.7961583,-20.883347,0
FRB20210430J,-2.978352,18.71869,0
FRB20210501A,69.72973,-32.265137,0
FRB20210501B,-5.3661,-1.3176514,0
FRB20210501C,-7.388796,27.12096,0
FRB20210501D,-1.3142991,39.33999,0
FRB20210502A,28.885355,-10.442089,0
FRB20210502B,4.381313,-21.170736,0
FRB20210503A,-16.562525,2.114437,0
FRB20210504A,-66.838234,9.470081,1
FRB20210504B,44.34964,-23.09279,0
FRB20210504C,-29.198938,15.900032,0
FRB20210504D,62.174667,11.806744,1
FRB20210504E,48.19679,13.257895,0
FRB20210504F,26.480267,24.8549,0
FRB20210505A,50.665825,1.6697979,0
FRB20210505B,61.43748,12.639434,0
FRB20210505C,-18.753637,-20.939623,0
FRB20210505D,-1.9375874,11.719369,0
FRB20210505E,35.33188,-15.60601,0
FRB20210505F,13.444337,-15.893827,0
FRB20210505G,-34.08163,9.511341,1
FRB20210506A,-0.77703696,-23.461851,0
FRB20210506B,4.8999143,-36.000896,0
FRB20210506C,0.19205335,2.9599912,0
FRB20210506D,58.346245,-18.254904,0
FRB20210506E,22.381031,-4.141983,0
FRB20210507A,-28.681673,11.349642,0
FRB20210507B,-15.260972,-12.493917,0
FRB20210507C,45.027466,-12.780389,0
FRB20210508A,24.618021,15.972304,0
FRB20210508B,0.6585527,11.019728,0
FRB20210508C,-18.827955,48.990643,0
FRB20210509A,64.916885,-40.114155,0
FRB20210510A,-60.372482,7.2002287,1
FRB20210511A,76.69351,-23.433758,1
FRB20210512A,12.23015,21.06107,0
FRB20210512B,52.25063,-14.818861,0
FRB20210512C,-16.584812,10.421674,0
FRB20210513A,21.360779,-36.293835,0
FRB20210513B,45.821747,-20.03035,0
FRB20210513C,-24.602364,24.674994,0
FRB20210514A,23.750608,17.994343,0
FRB20210514B,-19.18039,45.191597,0
FRB20210514C,-66.800064,-3.2212799,1
FRB20210518A,-78.96768,15.5378065,1
FRB20210518B,-70.118286,-11.99472,1
FRB20210518D,-37.65988,21.539541,0
FRB20210520A,-77.230934,17.16784,1
FRB20210521A,-59.21904,14.296159,1
FRB20210521B,28.229052,-2.6590269,0
FRB20210521C,-50.906208,10.302441,1
FRB20210521D,-5.6470127,9.969885,0
FRB20210521E,-36.29968,22.424952,0
FRB20210521F,5.772421,-16.32936,0
FRB20210521G,-12.734262,5.50093,0
FRB20210522A,18.586393,-41.993183,0
FRB20210522B,-79.694244,11.643097,1
FRB20210522C,5.559375,-9.380734,0
FRB20210523A,-55.47542,18.028389,1
FRB20210523B,39.594864,20.402609,0
FRB20210523C,-85.72181,-15.010505,0
FRB20210523D,24.990837,-37.619488,0
FRB20210523E,-72.294914,-7.5986743,1
FRB20210523F,16.039762,-28.47113,0
FRB20210523G,-16.131784,0.10022313,0
FRB20210524A,34.407524,-19.48913,0
FRB20210524B,57.36473,-13.897174,0
FRB20210524C,-16.383379,49.83325,0
FRB20210524D,19.080116,-4.9592295,0
FRB20210525A,-60.378933,17.065027,1
FRB20210525B,54.400272,-17.518074,0
FRB20210525C,-25.196169,30.703358,1
FRB20210526A,59.657707,-18.876572,0
FRB20210526B,-33.336426,6.3412924,1
FRB20210526C,-45.03016,14.377224,0
FRB20210526D,-84.71168,-6.278327,1
FRB20210526E,-55.868782,12.387194,1
FRB20210527A,28.665792,30.123806,0
FRB20210527B,22.345095,21.65484,0
FRB20210527C,-51.503887,16.132662,0
FRB20210527D,-58.93158,12.295165,1
FRB20210527E,-37.7337,22.825565,0
FRB20210528A,-26.063692,0.58002824,0
FRB20210528B,13.812541,-28.697626,0
FRB20210529A,-1.4021777,-5.1059804,0
FRB20210529B,46.035076,-13.369805,0
FRB20210530B,71.008484,-35.08188,0
FRB20210530C,56.220715,-1.0718125,0
FRB20210530D,15.076457,41.59015,0
FRB20210530E,-27.16905,9.186472,0
FRB20210531A,26.380575,-36.57254,0
FRB20210531B,67.9389,-15.837224,0
FRB20210531C,12.300805,-29.737635,0
FRB20210531E,53.367664,-6.059685,0
FRB20210601A,-62.68106,18.413416,1
FRB20210601C,-56.056744,-15.834501,1
FRB20210601D,-48.592968,7.6221027,1
FRB20210601E,-63.612404,-5.517868,1
FRB20210601F,-78.59327,0.8738131,1
FRB20210601G,-65.32424,-7.8964972,1
FRB20210601H,-73.13078,-15.883307,1
FRB20210601I,-73.789986,-15.888263,1
FRB20210601J,-71.54802,9.287685,1
FRB20210603A,77.01486,-21.87182,0
FRB20210603B,-17.882975,28.70201,0
FRB20210603C,48.101597,22.541916,0
FRB20210603D,48.417038,-28.399185,0
FRB20210603E,-59.964886,11.0868435,1
FRB20210604A,66.64793,-29.892557,0
FRB20210604B,-9.972432,25.690144,0
FRB20210605B,-18.726976,-10.165767,0
FRB20210605C,0.47068912,10.891289,0
FRB20210606A,-5.5725174,-15.872759,0
FRB20210606B,-10.666484,17.359747,0
FRB20210606C,19.091969,-40.587143,0
FRB20210606D,-76.79011,-14.8950615,1
FRB20210606E,-22.666727,2.9083142,0
FRB20210607A,49.703075,-31.962278,0
FRB20210607B,66.22644,-21.407919,0
FRB20210607C,13.315331,-13.44918,0
FRB20210607D,19.429995,-18.929998,0
FRB20210608A,-10.903034,11.233759,0
FRB20210608B,-56.017498,-7.863721,1
FRB20210609A,25.499126,-16.015112,0
FRB20210609B,-7.0792923,-5.4832783,0
FRB20210609C,-59.107086,-0.4079187,0
FRB20210609D,67.053215,-38.67317,0
FRB20210609E,18.786774,-11.2674265,0
FRB20210610A,-58.814445,2.2066448,1
FRB20210610B,43.994442,-4.235062,0
FRB20210610C,28.113405,39.270554,0
FRB20210610D,48.08669,-23.34331,0
FRB20210612A,-4.402952,-22.582212,0
FRB20210612B,-35.537346,27.85999,1
FRB20210612C,10.847564,19.058804,0
FRB20210613A,12.89703,42.93168,0
FRB20210614A,45.439198,-38.288208,0
FRB20210614B,48.74219,-6.6231294,0
FRB20210614C,39.95734,20.55487,0
FRB20210614D,-59.340534,2.0397298,1
FRB20210615A,14.100513,-8.234853,0
FRB20210616A,17.71582,-22.55868,0
FRB20210616B,7.47975,-26.398348,0
FRB20210616C,10.931992,31.637394,0
FRB20210616D,-28.71406,7.09385,0
FRB20210617A,-70.31961,22.836578,1
FRB20210618A,-30.096447,14.668937,0
FRB20210618B,7.157135,1.1304535,0
FRB20210619A,56.417404,0.48024264,0
FRB20210619B,-1.2283702,-35.55895,0
FRB20210619C,64.752785,7.4251184,0
FRB20210619D,31.22177,-30.73891,0
FRB20210620A,23.8636,-24.313345,0
FRB20210620B,45.47016,-13.000766,0
FRB20210620C,27.179981,-31.198921,0
FRB20210621A,-2.8489907,31.5579,0
FRB20210621B,-26.500547,31.770727,0
FRB20210622A,66.62552,-39.07547,0
FRB20210622B,-13.872996,-28.769476,0
FRB20210623A,5.428558,-22.3785,0
FRB20210624A,-83.55507,-14.034352,1
FRB20210624B,-72.780426,-15.834313,1
FRB20210625A,-49.577354,15.377376,1
FRB20210626A,-27.303051,9.654127,1
FRB20210627A,75.21605,-20.148796,0
FRB20210627B,57.991158,17.228554,0
FRB20210706A,30.921558,-35.598396,0
FRB20210706B,8.705182,42.0178,0
FRB20210706C,-31.58052,-3.5404038,0
FRB20210706D,-14.675202,-21.822304,0
FRB20210708A,21.385908,-9.011412,0
FRB20210708B,70.00786,-31.858377,0
FRB20210708C,76.15762,-24.33192,0
FRB20210709A,48.484562,-33.718838,0
FRB20210709B,-6.774464,24.743858,0
FRB20210709C,-18.769344,-21.348526,0
FRB20210709D,42.52336,-20.974348,0
FRB20210710A,-14.009104,47.00195,0
FRB20210710B,-9.577832,43.72521,0
FRB20210711A,-62.039394,-7.2708488,1
FRB20210711B,-66.442444,4.92876,1
FRB20210712A,-65.93072,-12.697693,1
FRB20210712B,-24.784817,41.705425,1
FRB20210712C,64.35836,6.846217,0
FRB20210712D,-8.573746,-19.832079,0
FRB20210713A,50.29699,-17.76936,0
FRB20210713B,-29.806276,-8.982478,0
FRB20210713C,-27.5105,37.100163,1
FRB20210714A,50.797573,-18.849894,0
FRB20210717A,-28.074015,3.9623742,0
FRB20210717B,-1.4782667,-35.059467,0
FRB20210718A,-16.615154,52.59202,0
FRB20210719A,59.26878,-34.53052,0
FRB20210719B,22.173676,6.928157,0
FRB20210720A,-12.447359,-9.049494,0
FRB20210720B,21.547573,13.511397,0
FRB20210720C,14.486142,-13.657476,0
FRB20210720D,25.839487,15.248259,0
FRB20210720E,23.452448,3.6368625,0
FRB20210720H,-41.2969,19.196737,0
FRB20210721A,9.807079,-35.404728,0
FRB20210721B,13.81656,42.26993,0
FRB20210722A,-28.212227,37.534027,1
FRB20210722B,31.184107,12.011171,0
FRB20210722C,-16.925138,43.798836,0
FRB20210722D,57.708847,-15.692904,0
FRB20210723A,-17.257559,54.51571,0
FRB20210724A,52.745296,21.283163,0
FRB20210725A,27.29314,-11.609512,0
FRB20210726A,17.946287,-37.66244,0
FRB20210729A,-24.212946,-4.7266135,0
FRB20210729B,-29.845556,-8.902332,0
FRB20210729C,3.096021,-33.566505,1
FRB20210803A,60.93651,9.980714,0
FRB20210803B,61.32571,18.134212,0
FRB20210803C,26.409475,-37.669067,0
FRB20210805A,-64.84407,-1.2162273,1
FRB20210805B,3.5556161,20.465382,0
FRB20210806A,-4.585332,26.38815,0
FRB20210807A,67.69191,-3.9389832,0
FRB20210807B,44.900944,-17.417551,0
FRB20210807C,24.105017,-33.61531,0
FRB20210808A,20.684628,-32.2047,0
FRB20210808B,53.675476,-17.867752,0
FRB20210808E,34.044743,40.600845,0
FRB20210809A,60.472298,10.802304,0
FRB20210809B,-16.550825,53.745678,0
FRB20210810A,1.2693479,-39.24139,0
FRB20210810B,3.8879216,17.918095,0
FRB20210810C,47.939846,3.3957212,0
FRB20210810D,-55.07572,0.38625416,1
FRB20210810E,67.60065,-23.13846,0
FRB20210811A,46.63296,20.32273,0
FRB20210811B,0.8754526,-34.88049,0
FRB20210811C,-12.540199,-5.9562135,0
FRB20210813A,76.03215,-24.674734,0
FRB20210813B,0.17826886,-16.943161,0
FRB20210814A,20.765755,-4.6422615,0
FRB20210814B,-27.11258,8.929582,1
FRB20210814C,-63.604477,-10.269289,1
FRB20210815A,-33.181442,-3.466072,0
FRB20210815B,18.499207,22.797098,0
FRB20210816A,15.108509,1.0454053,0
FRB20210816B,-53.136208,11.182081,1
FRB20210816C,22.345701,2.3153396,0
FRB20210816D,-7.8698883,2.937751,0
FRB20210817A,54.096893,-30.064272,0
FRB20210817B,38.037632,-14.869614,0
FRB20210818A,-13.522109,-5.7777505,0
FRB20210819A,78.693756,-20.552973,0
FRB20210820A,11.329545,-32.14099,0
FRB20210821A,20.820284,-2.7929745,0
FRB20210821B,11.812486,0.24161126,0
FRB20210822A,-71.0938,14.218783,1
FRB20210822B,43.222965,25.743788,0
FRB20210822C,72.34092,-15.44237,0
FRB20210822D,1.4838492,6.7453346,0
FRB20210822E,-54.640297,5.2871375,1
FRB20210823A,61.27718,17.180658,0
FRB20210823B,61.016953,9.395968,0
FRB20210823C,-55.784653,8.79423,1
FRB20210823D,9.5095,11.346734,0
FRB20210824A,25.905115,-31.28832,0
FRB20210825A,16.526148,21.280497,0
FRB20210825B,31.42609,8.896099,0
FRB20210826A,-8.199819,-17.783966,0
FRB20210826B,-1.5623158,-4.5925746,0
FRB20210827A,74.583664,-29.96127,0
FRB20210827B,-42.08164,8.811884,0
FRB20210827C,14.627723,21.898203,0
FRB20210827D,-9.002459,4.5992703,0
FRB20210827E,-70.23169,2.272381,0
FRB20210828A,78.76464,-23.416302,0
FRB20210828B,31.386297,-35.64094,0
FRB20210829A,-19.711227,40.179344,0
FRB20210829B,1.7672716,-39.61391,0
FRB20210829C,10.884462,-16.895685,0
FRB20210829D,-14.169962,12.074592,0
FRB20210829E,-61.688835,-1.5048165,1
FRB20210830A,41.047905,11.872064,1
FRB20210830B,-71.95571,21.448858,0
FRB20210830C,18.602741,-29.064808,0
FRB20210830D,-32.175568,-6.0738654,0
FRB20210830E,9.748014,-2.8306887,0
FRB20210830F,41.282734,12.784712,0
FRB20210830G,47.985546,-32.475025,0
FRB20210830H,49.8125,15.366383,1
FRB20210831A,2.039755,-42.78614,0
FRB20210901A,41.89096,16.026123,0
FRB20210901B,-14.991875,13.131435,0
FRB20210901C,-29.002775,2.654106,0
FRB20210901D,-27.31155,-5.2365365,0
FRB20210902A,15.7352085,-41.670467,0
FRB20210903A,21.45008,2.7320695,0
FRB20210903B,21.526278,13.544868,0
FRB20210903C,-2.0451503,-21.074173,0
FRB20210903D,-78.97643,1.9769851,1
FRB20210905A,-29.969402,-19.0782,0
FRB20210905B,-17.448957,51.20506,0
FRB20210906A,16.141033,18.631805,0
FRB20210906B,43.094624,-12.249877,0
FRB20210906C,-1.4500607,29.329124,0
FRB20210907A,16.556705,41.26677,0
FRB20210907B,9.270421,-5.48604,0
FRB20210908A,62.489166,-33.1033,0
FRB20210908B,73.86242,-22.681055,0
FRB20210908C,44.297142,8.173399,0
FRB20210909A,29.624125,-19.189756,0
FRB20210909B,75.16502,-19.798267,0
FRB20210910A,8.821502,26.093025,0
FRB20210910B,68.351814,-36.86156,0
FRB20210910C,39.249027,-5.290907,0
FRB20210911A,-19.88961,-6.687945,0
FRB20210911B,-37.45319,17.600445,0
FRB20210911C,29.259815,-34.34659,0
FRB20210911D,10.134264,-39.468468,0
FRB20210912B,37.183952,34.42417,0
FRB20210913A,7.494174,23.386889,0
FRB20210913B,-2.1022997,-10.199651,0
FRB20210914A,23.330235,-37.412167,0
FRB20210914B,-2.1478655,-25.403812,0
FRB20210914C,30.564707,-32.775005,0
FRB20210915A,4.713192,29.206766,0
FRB20210916A,8.25014,10.16993,0
FRB20210916B,1.3846583,-37.443924,0
FRB20210917A,1.0025133,-15.578449,0
FRB20210917B,-15.532012,11.296207,0
FRB20210919A,-21.115236,47.078148,0
FRB20210919B,-70.5877,21.230646,1
FRB20210920A,30.62994,2.7940485,0
FRB20210920B,19.141844,-33.69016,0
FRB20210920C,-47.216663,0.122578524,1
FRB20210920D,16.031448,21.962986,0
FRB20210920E,-18.83678,47.430298,0
FRB20210921A,-59.724155,15.942988,1
FRB20210921B,-1.5635399,2.4957638,0
FRB20210921C,0.05447372,0.8197885,0
FRB20210922A,-16.710253,-10.278709,0
FRB20210922B,24.13829,14.110724,0
FRB20210922C,34.89512,42.38112,0
FRB20210922D,37.336227,33.991413,0
FRB20210922E,58.219997,16.99242,0
FRB20210923A,56.2245,20.444935,0
FRB20210923B,62.107742,-30.817404,0
FRB20210923C,3.4509022,28.775993,0
FRB20210924A,65.302086,6.3869424,0
FRB20210924B,-63.77487,-4.2063937,1
FRB20210924C,-49.476074,7.7138095,1
FRB20210925A,72.70481,-20.845583,0
FRB20210925B,-24.965359,-11.945316,0
FRB20210925C,-56.863,3.531459,1
FRB20210925E,-14.098552,2.316088,0
FRB20210925F,-35.31978,28.470097,0
FRB20210926A,65.80607,2.3945775,0
FRB20210926B,38.143173,32.808197,0
FRB20210927A,-13.223438,-11.640231,0
FRB20210927B,-25.457018,42.298607,0
FRB20210927C,-1.1853943,-9.609269,0
FRB20210928A,31.212074,1.507672,0
FRB20210928B,-19.458138,-6.060991,0
FRB20210929A,-36.337914,15.068373,0
FRB20210929B,77.94693,-23.64295,0
FRB20210929C,-31.722279,33.648243,1
FRB20210929D,-14.734208,-4.8202853,0
FRB20210930A,-39.784557,16.44301,1
FRB20210930B,23.506159,22.508036,0
FRB20210930C,22.65384,-22.584623,0
FRB20210930D,-70.98508,12.0826435,1
FRB20210930E,-55.838898,15.416584,1
FRB20210930F,64.3402,9.938007,0
FRB20211001B,75.4117,-19.024137,0
FRB20211001C,-9.110064,12.241985,0
FRB20211001D,-8.120495,-6.478106,0
FRB20211001E,-3.0283556,-12.138405,0
FRB20211001F,-0.85297585,-14.154125,0
FRB20211002A,27.703016,-31.143297,0
FRB20211002B,-18.356647,40.777718,0
FRB20211003A,49.471817,-23.719053,0
FRB20211003B,28.158886,-39.635662,0
FRB20211003C,-34.487495,21.248634,0
FRB20211003D,68.71677,-36.16203,0
FRB20211003E,26.822412,-30.27312,0
FRB20211003F,-11.282279,7.4823055,0
FRB20211003G,28.454098,-35.978546,0
FRB20211004A,21.324255,-25.72833,0
FRB20211004B,6.521645,-12.506022,0
FRB20211004C,17.869135,4.0978994,0
FRB20211004D,-62.899418,18.485674,1
FRB20211004E,58.213596,2.9324915,0
FRB20211005A,77.27408,-18.876228,0
FRB20211005B,20.180754,40.54109,0
FRB20211005C,-27.283627,-9.151791,0
FRB20211006A,62.26079,12.946319,0
FRB20211006B,56.809937,-17.641232,0
FRB20211006C,-20.482307,38.15963,0
FRB20211006D,-21.079557,46.486217,0
FRB20211006E,-26.847694,-11.68251,0
FRB20211006F,22.083055,3.0011795,0
FRB20211006G,-61.977234,18.002382,0
FRB20211007A,-18.742023,10.244342,0
FRB20211008A,-10.78198,15.722617,0
FRB20211008B,2.3019083,38.781837,0
FRB20211008C,5.2219114,-41.351967,0
FRB20211008D,-28.110723,-15.807451,0
FRB20211008E,20.087755,-42.218,0
FRB20211008F,-0.3796932,11.011283,0
FRB20211009A,20.864996,-32.79837,0
FRB20211009B,-58.77609,-0.9463056,1
FRB20211010A,68.67015,-32.697536,0
FRB20211010B,-12.048167,8.043565,0
FRB20211010C,-42.682728,16.588612,1
FRB20211011A,-19.200874,27.55212,0
FRB20211011B,1.43434,7.2873726,0
FRB20211011C,22.3854,-3.9855022,0
FRB20211011D,-9.176346,2.426986,0
FRB20211012A,-38.87166,14.085476,0
FRB20211012B,69.097305,1.8055954,0
FRB20211012C,17.794308,3.4656048,0
FRB20211012D,-82.86634,-5.9638586,0
FRB20211013A,-47.697178,1.4809778,0
FRB20211013B,1.321975,24.91972,0
FRB20211013C,45.481224,-12.415756,0
FRB20211013D,-6.81305,3.1029131,0
FRB20211014A,-29.586193,-13.665816,0
FRB20211014B,-67.55354,-9.160414,1
FRB20211014C,-0.30972776,-1.4295299,0
FRB20211015A,32.73862,10.357356,0
FRB20211015B,18.796888,41.71989,0
FRB20211015C,36.378784,-9.943506,0
FRB20211015D,-38.23975,17.113852,1
FRB20211020A,9.986711,-36.263184,0
FRB20211021A,67.75914,-4.1446085,0
FRB20211021B,9.095186,-25.07172,0
FRB20211021C,-48.0935,17.434967,1
FRB20211022A,37.465435,-9.671106,0
FRB20211022B,14.878287,36.361485,0
FRB20211022C,47.136765,-21.127092,0
FRB20211023A,-29.651333,27.531113,0
FRB20211024A,15.014011,0.3010692,0
FRB20211025A,-24.122187,-12.2199745,0
FRB20211025B,4.158279,29.819685,0
FRB20211026A,-3.4951563,11.292397,0
FRB20211027A,-17.155396,12.529259,0
FRB20211028A,57.129574,-15.235306,0
FRB20211029A,27.077135,8.499851,1
FRB20211030A,12.330391,-29.56493,1
FRB20211030B,-22.55052,-5.1840262,0
FRB20211031A,-22.904789,49.06344,0
FRB20211031B,-43.71925,12.1871195,0
FRB20211101A,-24.811054,31.703615,0
FRB20211101B,-49.71594,-6.3481865,1
FRB20211101C,-55.429432,-14.668381,1
FRB20211101D,-68.90702,-4.1715198,1
FRB20211102A,46.62502,-17.216484,0
FRB20211102B,-24.492203,-12.722922,0
FRB20211102C,69.64326,-22.446438,0
FRB20211102D,71.47747,-12.286994,0
FRB20211102E,-7.060535,18.169489,0
FRB20211103A,20.609653,36.506554,0
FRB20211103B,-49.669163,14.257623,1
FRB20211103C,14.438869,-12.045521,0
FRB20211103D,8.040869,8.943343,0
FRB20211103E,14.789558,-14.814099,0
FRB20211104A,-28.291994,-2.3691716,0
FRB20211104B,-52.706116,23.58224,1
FRB20211104C,-23.158098,12.146364,0
FRB20211104D,56.036835,15.461891,0
FRB20211104E,0.19500513,5.0312357,0
FRB20211104F,-21.34482,42.98524,0
FRB20211105A,71.59688,-12.349368,0
FRB20211105B,24.212725,-35.18646,0
FRB20211105C,52.02236,-14.79903,0
FRB20211105D,-5.3907914,6.8912625,0
FRB20211105E,-24.93016,40.43604,0
FRB20211105F,-85.62338,-3.2533865,1
FRB20211106A,41.309338,7.484043,0
FRB20211106B,1.7131995,-34.03558,0
FRB20211107A,63.996864,2.4165072,0
FRB20211107B,27.733122,-36.541977,0
FRB20211107C,72.13874,-28.537485,0
FRB20211107D,-4.177558,-0.027969062,1
FRB20211108A,27.030165,24.33681,0
FRB20211108B,16.205055,14.8488455,0
FRB20211109A,-8.028393,-15.716993,0
FRB20211110A,15.80932,-2.4312747,0
FRB20211111A,-41.59526,11.936249,1
FRB20211111B,61.63041,1.4772711,0
FRB20211111C,10.105373,-15.951306,0
FRB20211112A,23.15957,-20.292492,0
FRB20211112B,-22.156673,5.1884375,0
FRB20211112C,18.985151,-41.9259,0
FRB20211112D,26.275959,7.759398,0
FRB20211112E,-11.170469,8.082999,0
FRB20211113A,59.46299,-21.242676,0
FRB20211113B,68.46608,-16.431896,0
FRB20211114A,-89.27715,-13.951937,1
FRB20211115A,23.749592,25.452682,0
FRB20211115B,-60.213993,16.747232,1
FRB20211115C,-0.9034939,42.407253,0
FRB20211115D,-70.73938,22.979097,1
FRB20211116A,-30.110685,5.232719,0
FRB20211116B,56.279133,-5.149026,0
FRB20211116C,-29.177498,16.77532,0
FRB20211117A,-23.133911,30.079388,0
FRB20211117B,24.439268,32.738194,0
FRB20211117C,34.838036,33.95216,0
FRB20211117D,-5.831158,-19.65815,0
FRB20211117E,-68.7203,-1.099347,1
FRB20211117F,-1.7321359,-22.025301,0
FRB20211118A,63.455303,-17.506386,0
FRB20211118B,-83.357506,-1.6135628,1
FRB20211118C,-19.214088,54.028915,0
FRB20211119A,34.73588,40.682125,0
FRB20211119B,43.280285,25.074268,0
FRB20211119C,-39.710655,16.017437,0
FRB20211119D,-74.7843,7.239178,1
FRB20211119E,-47.14764,16.11333,0
FRB20211120A,22.931984,-36.8697,0
FRB20211120B,-9.267246,19.36173,0
FRB20211120C,-1.7857367,-29.885015,1
FRB20211120D,62.55244,-29.629162,0
FRB20211121A,36.312836,12.9014,0
FRB20211121B,9.256471,26.981245,0
FRB20211121C,27.843046,20.625837,0
FRB20211122A,79.80836,-22.562206,0
FRB20211122B,74.06183,-16.908924,0
FRB20211122C,-26.139864,-0.11181147,0
FRB20211122D,2.1407835,-19.789825,0
FRB20211122E,-7.199803,-14.249505,0
FRB20211123A,-28.080328,-17.848537,0
FRB20211123B,61.38981,2.216719,0
FRB20211124A,-6.113264,-14.961456,0
FRB20211124B,11.195296,-31.980541,0
FRB20211125A,-56.92121,3.835348,1
FRB20211125B,-55.06823,14.3910675,1
FRB20211125C,-0.5750881,4.8352494,0
FRB20211125D,26.824722,-20.66944,0
FRB20211126A,13.055563,41.9842,0
FRB20211126B,27.25757,28.644949,0
FRB20211126C,56.38487,-4.0195613,0
FRB20211127A,4.423063,-31.711475,0
FRB20211127B,55.321365,-16.90409,0
FRB20211127C,36.241177,18.695526,0
FRB20211127D,-7.4624395,-10.236552,0
FRB20211127E,-63.895206,7.896287,0
FRB20211127F,-27.762188,1.7440562,0
FRB20211127G,9.318157,-23.532272,0
FRB20211127H,-13.108906,-8.217401,0
FRB20211128A,-14.081734,-29.541637,0
FRB20211128B,-48.505444,15.576343,1
FRB20211128C,0.07104088,-19.581516,0
FRB20211128D,41.73673,-11.790978,0
FRB20211128E,-23.301752,14.681735,0
FRB20211128F,-17.909897,-20.287447,0
FRB20211128G,4.0114574,29.10857,0
FRB20211129A,-36.65942,15.858055,0
FRB20211129B,-47.45552,-1.6243192,1
FRB20211129C,-23.263424,42.053905,0
FRB20211129D,-60.19044,-10.280286,1
FRB20211130A,-34.196594,19.340607,0
FRB20211201A,-14.093966,41.931778,0
FRB20211201B,18.675085,-14.1119175,0
FRB20211202A,-23.173403,48.849457,0
FRB20211202B,22.520496,-4.6039295,0
FRB20211202C,6.0940876,-5.8624053,0
FRB20211203A,-45.422302,11.336319,0
FRB20211203B,16.974958,-43.450996,0
FRB20211204A,58.724022,-16.13745,0
FRB20211204B,-24.091808,42.592766,0
FRB20211204C,28.663105,23.985357,0
FRB20211204D,-4.6231446,-5.385498,1
FRB20211204E,-14.763914,-16.301077,0
FRB20211205A,-69.300285,-12.053569,1
FRB20211205B,61.46664,-31.91988,0
FRB20211205C,3.0185688,-30.208899,0
FRB20211205D,-19.562305,48.557438,0
FRB20211205E,-21.494902,0.4174599,0
FRB20211205F,-54.682007,16.039421,1
FRB20211206A,-64.06297,-7.620948,1
FRB20211206B,-16.92284,51.419125,0
FRB20211206C,44.07267,-4.444283,0
FRB20211207A,37.015903,-24.193348,0
FRB20211208A,57.112564,-9.01706,0
FRB20211209A,25.558838,-20.713451,0
FRB20211209B,13.229494,-30.996475,0
FRB20211210A,-28.70123,-16.470137,0
FRB20211210B,24.240627,-19.970165,0
FRB20211210C,-13.046255,-7.2537947,0
FRB20211210D,-20.509727,9.781092,0
FRB20211211A,-29.062727,-11.002196,0
FRB20211211B,28.425701,-21.169249,0
FRB20211211C,59.3885,10.128211,0
FRB20211211D,41.998425,15.236071,0
FRB20211211E,-24.226894,-15.387435,0
FRB20211212B,-13.638772,41.142063,0
FRB20211213A,22.93689,-17.727392,0
FRB20211213B,19.567255,-4.647386,0
FRB20211213C,52.99741,-19.48666,1
FRB20211214A,31.287262,32.769695,0
FRB20211214B,19.492086,-20.148384,0
FRB20211214C,31.670752,14.593618,0
FRB20211215A,31.67929,8.574711,0
FRB20211215B,49.39631,-20.948511,0
FRB20211215C,-2.7120254,-14.796748,0
FRB20211216A,31.410435,9.039982,0
FRB20211216B,-19.249796,-1.8032452,0
FRB20211217A,74.4871,-31.875135,0
FRB20211217B,-4.190983,17.030527,0
FRB20211217C,-23.427517,6.9555464,0
FRB20211217D,-29.961393,-15.973889,0
FRB20211218A,29.23085,29.180546,0
FRB20211218B,26.55833,38.053524,0
FRB20211218C,-4.9243407,-20.089767,0
FRB20211218D,-12.88657,14.215973,0
FRB20211219A,20.789856,14.688928,0
FRB20211219B,28.45025,-32.502514,0
FRB20211219C,36.825073,21.028656,0
FRB20211219D,58.709427,16.865189,0
FRB20211219E,-80.2325,13.321423,1
FRB20211220A,-4.664896,21.877226,0
FRB20211220B,26.847101,-41.721523,0
FRB20211221A,-71.28846,17.906437,1
FRB20211222A,33.013798,-6.893461,0
FRB20211222B,-45.849747,-2.068936,1
FRB20211222C,62.13149,-18.99034,0
FRB20211222D,-57.946194,-1.2428311,0
FRB20211222E,12.908248,8.637189,0
FRB20211223A,65.75202,-16.516338,0
FRB20211223B,-57.404793,18.418047,1
FRB20211225A,45.988987,-16.280352,0
FRB20211225B,-12.088178,-3.0065234,0
FRB20211226A,8.071912,12.946324,0
FRB20211227A,-45.75315,0.87317365,1
FRB20211228A,-74.47048,-3.3259377,1
FRB20211228B,31.608912,33.804623,0
FRB20211229A,-69.35944,-12.445863,1
FRB20211229B,2.2621782,-20.75544,0
FRB20211229C,36.080647,31.309029,0
FRB20211229D,-30.365961,4.0468774,0
FRB20211229E,22.168457,16.871916,0
FRB20211230A,39.102695,-13.483645,0
FRB20211230B,-10.187885,5.969505,0
FRB20211230C,-27.753813,12.561214,0
FRB20211231A,13.237958,31.075554,0
FRB20211231B,66.2858,-36.719467,0
FRB20220101A,-54.17276,15.576346,1
FRB20220102A,-7.7437663,40.517414,0
FRB20220103A,72.08021,-19.966534,0
FRB20220103C,-55.2275,-2.852327,1
FRB20220104A,-0.29610276,32.96582,0
FRB20220104B,-0.3176067,10.968396,0
FRB20220104C,7.0038085,-35.14352,0
FRB20220104D,-6.949767,3.500783,0
FRB20220104E,-1.607359,43.458015,0
FRB20220105B,37.047543,34.680256,0
FRB20220105C,67.22602,-4.860931,0
FRB20220105D,24.965178,-16.05905,0
FRB20220105E,-6.4735007,-5.524134,0
FRB20220106A,1.4090924,-35.194695,0
FRB20220106B,62.367695,-20.9468,0
FRB20220107A,-80.26305,-0.29470944,1
FRB20220107B,-62.845215,-11.794672,1
FRB20220107C,-4.2693753,41.905376,0
FRB20220108A,55.99233,-18.700674,0
FRB20220108B,1.3637339,34.540565,0
FRB20220108C,-18.907396,-0.7217505,0
FRB20220108D,-15.838841,54.732105,0
FRB20220109A,35.69916,33.00938,0
FRB20220109B,30.671345,-5.6648545,0
FRB20220109C,-20.784569,-0.85875833,0
FRB20220113A,28.392315,-31.273756,0
FRB20220114A,12.236095,-24.599684,0
FRB20220115A,35.88146,-34.250237,0
FRB20220115B,-6.7170806,16.601622,0
FRB20220118A,68.53688,-12.481731,0
FRB20220118B,42.75669,27.500792,1
FRB20220119A,41.59067,5.998399,0
FRB20220121A,-23.07545,11.944512,0
FRB20220122A,-15.35024,45.276608,0
FRB20220122B,56.352985,-21.134184,0
FRB20220122C,17.17432,-11.721726,0
FRB20220123A,-58.05203,17.51569,1
FRB20220124A,-20.891016,-17.195415,0
FRB20220124B,10.014753,-24.426083,0
FRB20220124C,-0.71417534,-12.456501,0
FRB20220126A,63.884533,5.8523736,0
FRB20220126B,6.462446,35.28024,0
FRB20220126C,0.32696816,0.5966294,0
FRB20220127A,-48.608517,20.303152,0
FRB20220128A,3.52434,33.21706,0
FRB20220128B,78.69876,-24.57595,0
FRB20220128C,24.870026,-43.43591,0
FRB20220128D,69.874245,-32.689915,0
FRB20220129A,60.587067,-31.74367,0
FRB20220130A,28.347635,27.225737,0
FRB20220130B,33.93478,41.24479,0
FRB20220130C,22.063515,-13.744961,0
FRB20220131A,36.529026,-24.189226,0
FRB20220131B,-7.1374965,-7.700458,0
FRB20220201A,-23.502106,6.9925346,0
FRB20220201B,14.359599,-14.977694,0
FRB20220201C,-20.566414,-6.8370337,0
FRB20220202A,-68.71878,-17.861814,1
FRB20220202B,7.558955,24.96024,0
FRB20220203A,-72.66361,6.330676,1
FRB20220203B,66.44902,-39.157677,0
FRB20220203C,-3.5721421,30.846825,0
FRB20220205A,27.687178,-36.572372,0
FRB20220205B,37.238827,10.727392,0
FRB20220206A,-27.805288,27.072382,0
FRB20220206B,-8.214645,24.290327,0
FRB20220207A,59.009743,17.364445,1
FRB20220207B,-82.18616,-5.7446766,1
FRB20220209A,-56.88819,1.1645566,1
FRB20220209B,-7.8041615,-31.077156,0
FRB20220209C,10.736749,7.1520853,0
FRB20220210A,-0.51595753,-36.82241,0
FRB20220211A,22.48815,-9.635365,0
FRB20220211B,28.867874,27.898678,0
FRB20220211C,5.887241,38.252445,0
FRB20220211D,-7.0661125,-15.835618,0
FRB20220212A,44.75416,9.999249,0
FRB20220212B,52.05196,6.88244,0
FRB20220213A,-59.469406,6.7986526,1
FRB20220213B,24.275452,-38.113365,0
FRB20220213C,-36.51304,8.359033,0
FRB20220214A,43.67034,-4.9806166,0
FRB20220214B,43.617493,-12.370042,0
FRB20220214C,65.22622,-35.67032,0
FRB20220214D,-69.66402,-1.0522822,1
FRB20220214E,28.07593,21.134909,0
FRB20220215A,42.15791,-33.20719,0
FRB20220216A,2.522799,-0.41247982,0
FRB20220218A,66.903465,-28.302881,0
FRB20220218B,26.673332,37.445755,0
FRB20220218C,12.461585,-16.99621,0
FRB20220219A,32.398396,41.635597,0
FRB20220219B,22.959877,-42.985046,0
FRB20220220A,59.94766,-35.012653,0
FRB20220220B,-44.53528,-3.7857418,0
FRB20220220C,37.407898,18.554106,0
FRB20220221A,64.0272,-38.116943,0
FRB20220221B,-36.43334,20.213852,0
FRB20220221C,-30.56312,7.1947293,0
FRB20220222A,53.199577,22.226706,0
FRB20220222B,36.093365,41.373276,0
FRB20220224A,-6.665958,19.374454,0
FRB20220225A,-77.38085,15.409223,1
FRB20220225B,21.87573,-18.870846,0
FRB20220225C,24.660625,34.973446,0
FRB20220225D,-6.0073276,21.66945,0
FRB20220225E,-56.158012,5.371389,1
FRB20220225F,20.378008,-9.249321,0
FRB20220225G,4.936287,23.48275,0
FRB20220225H,24.687168,-12.951667,0
FRB20220226A,49.677254,-29.356041,0
FRB20220226B,30.030378,-7.600162,0
FRB20220227A,0.2770107,-9.710743,0
FRB20220227B,-8.442931,-15.43575,0
FRB20220228A,36.738102,-24.107998,0
FRB20220228B,48.88665,-22.533094,1
FRB20220228C,-33.99576,29.699425,0
FRB20220228D,-82.09396,-14.0976305,0
FRB20220228E,-34.470592,-4.5086536,0
FRB20220228F,-7.9126554,-6.6107626,0
FRB20220301A,-22.52482,39.63868,0
FRB20220301B,-18.185352,5.094768,0
FRB20220301C,52.82783,-30.731876,0
FRB20220301D,24.67588,-37.320606,0
FRB20220301E,64.79295,-24.052034,0
FRB20220301F,30.243813,2.0115123,0
FRB20220302A,-72.459816,-4.3913546,1
FRB20220302C,50.68172,-33.879818,0
FRB20220303A,67.94073,-37.373783,0
FRB20220303B,14.979606,3.6993241,0
FRB20220303C,11.15514,-13.9193,0
FRB20220304A,41.16601,-21.517574,0
FRB20220305A,8.49384,29.469625,0
FRB20220305B,-63.70833,4.0332537,1
FRB20220306A,7.5898147,-5.1131315,0
FRB20220306B,46.541637,1.5242388,0
FRB20220307A,43.295605,-19.725887,0
FRB20220308A,-31.368467,13.033968,0
FRB20220308B,5.2201376,-16.852713,0
FRB20220308C,-30.002499,4.619204,0
FRB20220308D,-81.12514,-15.919872,0
FRB20220308E,-27.30642,-13.343479,0
FRB20220309A,45.614933,-1.1628062,0
FRB20220309B,-35.13929,8.856816,0
FRB20220309C,-35.468864,28.519438,0
FRB20220310A,53.846714,-19.789324,0
FRB20220310B,9.124551,-5.4483857,0
FRB20220310C,10.807648,-25.607391,0
FRB20220310D,0.24630556,-1.3644197,0
FRB20220310E,20.510435,-16.484238,0
FRB20220311A,22.41325,30.020777,0
FRB20220311B,-7.733378,15.557179,0
FRB20220311C,-84.97414,-13.40044,1
FRB20220311D,67.84495,-14.5945425,0
FRB20220312A,-52.64959,8.016294,1
FRB20220312B,-16.172535,3.7356603,0
FRB20220312C,28.487234,-32.646984,0
FRB20220313A,1.8077581,38.767498,0
FRB20220313B,-58.142567,6.7504864,1
FRB20220313C,-20.420662,2.444208,0
FRB20220313D,7.3940187,-30.234098,0
FRB20220313E,-19.602085,-19.862198,0
FRB20220314A,-46.414936,19.149649,0
FRB20220315A,-19.178417,26.318924,0
FRB20220315B,-27.859959,-15.359516,0
FRB20220315C,-38.08654,25.5092,0
FRB20220315D,64.43733,-28.269527,0
FRB20220315E,34.524895,-22.38515,0
FRB20220316A,-71.35666,-7.0073137,1
FRB20220316B,-34.676296,1.9370261,0
FRB20220316C,54.849995,-17.871357,0
FRB20220316D,2.9283795,-6.555641,0
FRB20220316E,-16.416449,42.635246,0
FRB20220316F,26.610134,-19.021618,0
FRB20220317A,-62.98901,-0.4270822,1
FRB20220317B,-47.317474,10.396472,0
FRB20220317C,28.011225,38.325157,0
FRB20220317D,64.22887,-18.133009,0
FRB20220317E,20.593538,-4.1455245,0
FRB20220318A,37.70841,32.195324,0
FRB20220318B,-28.915188,0.93092316,0
FRB20220318C,37.25191,33.12139,0
FRB20220319A,8.05877,13.144601,0
FRB20220319B,-22.8109,48.221313,0
FRB20220319C,-57.20889,3.332568,1
FRB20220320A,39.528584,9.638653,0
FRB20220320B,17.044434,41.193295,0
FRB20220320C,21.601952,1.2154573,0
FRB20220321A,56.52725,0.008004016,0
FRB20220321B,-1.2718154,31.742504,0
FRB20220321C,-62.833298,10.189956,1
FRB20220321D,51.65447,6.2866783,0
FRB20220321E,65.31009,-39.958927,0
FRB20220321F,48.98778,-32.90639,0
FRB20220322A,27.351837,-19.749222,0
FRB20220322B,-14.784448,1.1383578,0
FRB20220322C,-71.68452,23.608847,1
FRB20220322D,-17.907349,48.237167,0
FRB20220323A,-3.0860198,5.966902,0
FRB20220323B,55.913788,1.2189778,0
FRB20220324A,-7.4495053,-22.22961,0
FRB20220324B,39.35846,-14.466213,0
FRB20220324C,-3.3420756,-35.215637,0
FRB20220325A,-84.906624,-15.562056,1
FRB20220325B,50.267338,0.66558397,0
FRB20220325C,6.8509436,-40.88625,0
FRB20220325D,-13.580126,34.119118,0
FRB20220326A,-12.780926,11.858795,0
FRB20220328A,-59.994083,6.797292,1
FRB20220328B,-23.886063,-15.722984,0
FRB20220328C,11.366626,-17.637135,0
FRB20220329A,51.115643,-13.441988,0
FRB20220329B,-33.211872,28.850834,1
FRB20220329C,71.9532,-31.111795,0
FRB20220330A,42.00685,13.25344,0
FRB20220330B,8.412763,-5.0029244,0
FRB20220330C,-21.693848,-16.535751,0
FRB20220331A,-28.34332,-16.570042,0
FRB20220331B,-42.65152,18.57782,0
FRB20220401A,58.84527,-16.212639,0
FRB20220405A,-5.8762107,-15.667845,0
FRB20220405B,-46.104443,21.69464,0
FRB20220405C,-22.951607,-1.7011604,0
FRB20220406A,67.80362,-40.585472,0
FRB20220407A,14.339764,16.516659,0
FRB20220407B,-23.441738,42.626102,0
FRB20220408A,-28.511538,29.866184,1
FRB20220408B,-33.865654,17.358435,0
FRB20220408C,25.494452,-20.457905,0
FRB20220409A,17.008526,-7.4456496,0
FRB20220409B,40.355934,27.197868,0
FRB20220410A,50.057663,-13.019309,0
FRB20220410B,-11.375875,9.092942,0
FRB20220411A,-9.300581,25.10985,0
FRB20220411B,21.465303,33.253853,0
FRB20220411C,-86.054985,3.5862846,1
FRB20220412A,-20.556618,47.260387,0
FRB20220412B,2.341999,-28.186089,0
FRB20220413A,29.177576,22.055805,0
FRB20220413B,72.88615,-21.233637,0
FRB20220413C,0.705894,36.750935,0
FRB20220414B,-54.432808,2.6074176,1
FRB20220414C,-12.485835,-6.0243735,0
FRB20220415A,61.59014,-18.288778,0
FRB20220415B,-2.4021986,-12.173947,0
FRB20220415C,22.883474,24.413307,0
FRB20220415D,-34.41083,18.42365,0
FRB20220416A,67.46361,-14.853864,0
FRB20220416B,-59.58877,4.601413,1
FRB20220417A,20.76103,3.7319224,0
FRB20220419A,-19.056293,27.002785,0
FRB20220420A,3.038504,40.066246,0
FRB20220420B,26.23197,36.057587,0
FRB20220420C,19.417051,14.483562,0
FRB20220420D,-31.470833,-1.8485479,0
FRB20220420E,35.1225,32.721375,0
FRB20220421A,49.795094,-21.048048,0
FRB20220421B,-55.339844,-1.9682058,1
FRB20220421C,-13.0200815,0.28681788,0
FRB20220421D,-52.515835,-7.735992,0
FRB20220421E,3.9952366,-25.010042,0
FRB20220423A,23.374432,14.842094,0
FRB20220423B,-52.930504,23.500353,1
FRB20220423C,27.71141,-23.13452,0
FRB20220424A,-34.971203,26.45133,0
FRB20220424B,6.861286,-17.494854,0
FRB20220424C,51.678223,-2.1444368,0
FRB20220424D,43.648457,17.205252,0
FRB20220425A,-29.700245,3.0417714,0
FRB20220426A,75.24656,-15.732203,0
FRB20220426B,-16.573122,-13.095937,0
FRB20220426C,-31.497492,15.936928,0
FRB20220426D,-25.099983,7.149798,0
FRB20220428A,-3.8209114,-23.162735,1
FRB20220428B,56.66829,21.29674,1
FRB20220428C,60.72446,11.91597,1
FRB20220428D,-28.310854,28.570415,0
FRB20220429A,-28.054338,27.276304,0
FRB20220430A,8.187859,9.965718,0
FRB20220430B,18.202858,-22.12822,0
FRB20220430C,-16.143276,54.807556,0
FRB20220430D,63.16436,-30.752302,0
FRB20220501A,-7.6860247,-12.211403,0
FRB20220501B,45.872734,-0.10900453,0
FRB20220502A,1.0077242,-12.131135,0
FRB20220502B,63.620304,-21.990786,0
FRB20220502C,9.661762,-28.945751,0
FRB20220503A,11.30872,-41.01469,0
FRB20220503B,52.10535,-30.738148,0
FRB20220503C,-9.664132,-16.98292,0
FRB20220503D,-38.081173,24.42917,0
FRB20220503E,2.985597,35.924576,0
FRB20220505A,-60.75082,12.115051,1
FRB20220505B,5.129054,39.089134,0
FRB20220505C,2.7409594,-20.936357,0
FRB20220506A,26.5326,34.715717,0
FRB20220506B,-39.65819,10.85121,0
FRB20220506C,69.340324,-3.9836612,0
FRB20220507A,-66.01278,8.186287,1
FRB20220508A,-2.9838758,31.581505,0
FRB20220508B,-1.775575,-12.7197075,0
FRB20220509A,69.75079,-11.911504,0
FRB20220509B,25.36091,20.532043,0
FRB20220509C,-70.3895,21.358576,0
FRB20220509D,50.749622,-33.145966,0
FRB20220509E,23.20431,-20.582157,0
FRB20220509F,51.825493,-14.666917,0
FRB20220510A,-14.330708,-1.5041368,0
FRB20220511A,47.280453,20.851633,0
FRB20220511B,30.17509,-6.6418176,0
FRB20220511C,-22.467495,44.068195,0
FRB20220512A,-28.814163,-17.11345,0
FRB20220513A,-29.374155,5.750197,0
FRB20220514A,34.91089,11.758134,0
FRB20220514B,54.345875,-29.091997,0
FRB20220514C,-69.51137,8.160082,1
FRB20220516A,-43.705276,17.541952,0
FRB20220517B,-2.421989,20.289062,0
FRB20220517C,42.906002,-20.187191,0
FRB20220517E,57.807228,-34.696617,0
FRB20220517F,-76.60275,-16.570072,1
FRB20220518B,-75.28167,8.347893,1
FRB20220518C,-47.30165,-2.3852403,0
FRB20220518D,21.045631,3.6253827,0
FRB20220518E,66.41835,-37.667065,0
FRB20220518F,-22.950653,48.122566,0
FRB20220520A,41.33094,6.3122706,0
FRB20220521A,28.184872,-38.27614,0
FRB20220521B,28.660854,36.413803,0
FRB20220521C,-60.80719,-5.818056,1
FRB20220525A,-76.34594,12.364568,1
FRB20220525B,33.807808,-0.96856606,1
FRB20220526A,24.958466,34.11757,0
FRB20220527A,3.8619041,17.88262,0
FRB20220527B,29.07584,-15.999919,0
FRB20220527C,42.14554,-9.103446,0
FRB20220527D,-28.060251,32.69896,0
FRB20220528A,-31.251194,-9.858189,0
FRB20220528B,29.597408,-32.642384,0
FRB20220528C,-55.87608,-3.3858814,1
FRB20220528D,29.772144,-9.777266,0
FRB20220529A,-49.996067,17.079838,1
FRB20220529B,-23.650862,-8.327884,0
FRB20220529C,1.2588447,-17.511662,0
FRB20220529D,-1.456828,29.294489,0
FRB20220530A,22.239534,17.056084,0
FRB20220530B,-39.506298,14.518614,1
FRB20220601A,1.5493997,-12.217233,0
FRB20220602A,79.688896,-21.621214,0
FRB20220602B,52.137123,-31.784767,0
FRB20220602C,54.1945,20.257576,0
FRB20220602D,-32.316597,39.32852,1
FRB20220602E,-17.255367,-10.234629,0
FRB20220607A,5.1209836,-36.150925,0
FRB20220607B,-9.655906,29.053564,0
FRB20220607C,0.05016898,17.643085,0
FRB20220608A,-54.164207,-10.139914,1
FRB20220608B,-28.86982,26.490023,0
FRB20220609A,-5.43948,-9.073195,0
FRB20220609B,-2.5024593,-25.73587,0
FRB20220611A,32.869144,-6.9328704,0
FRB20220612A,36.29569,14.588329,0
FRB20220612B,15.456628,19.541315,0
FRB20220612C,39.812523,27.468122,0
FRB20220613A,14.192245,-41.21756,0
FRB20220613B,-81.93348,-14.877742,1
FRB20220614A,44.246105,0.3857447,0
FRB20220614B,-5.9154024,-13.414748,0
FRB20220615A,-2.3226721,-31.368345,1
FRB20220615B,-71.448204,-11.483141,1
FRB20220615C,46.583286,-37.64242,0
FRB20220615D,-13.557682,-15.840041,0
FRB20220615E,1.8407325,-32.33074,0
FRB20220615F,41.385864,7.583228,0
FRB20220616A,-15.129444,40.28011,0
FRB20220618A,53.534954,18.900677,0
FRB20220618B,-56.769638,11.491689,1
FRB20220618C,61.372234,18.780493,1
FRB20220619A,-55.750526,-9.38599,1
FRB20220619B,-56.051228,5.3507094,1
FRB20220619C,58.435246,-14.768649,0
FRB20220621A,24.795752,16.485386,0
FRB20220621B,0.56492454,-30.940487,0
FRB20220621C,56.69199,21.27395,0
FRB20220621D,-72.33429,17.104239,0
FRB20220622A,40.198257,-20.528595,0
FRB20220622B,35.06487,0.6077085,0
FRB20220622C,-52.27971,1.6456411,0
FRB20220623B,2.597637,37.84624,0
FRB20220623C,-6.745272,4.7759256,0
FRB20220623D,-38.569603,13.878023,0
FRB20220624A,17.84839,4.940798,0
FRB20220624B,-3.2652164,31.316914,0
FRB20220625B,16.958233,33.48219,0
FRB20220625C,69.19644,-30.774721,0
FRB20220626A,-53.52695,-12.474926,0
FRB20220626B,-32.918404,2.8225985,0
FRB20220627D,69.27487,-2.584465,0
FRB20220627E,10.484898,-40.572098,0
FRB20220627F,69.520424,0.5851884,0
FRB20220627G,-18.685575,-12.222202,0
FRB20220627H,48.271057,-28.133467,0
FRB20220627I,69.888245,-27.569412,1
FRB20220627J,-29.874544,7.0766454,0
FRB20220628A,-16.047184,-0.14244764,0
FRB20220628B,7.588619,-30.066147,0
FRB20220629A,-11.392346,-6.2756586,0
FRB20220630A,-4.957424,-0.9977827,0
FRB20220630B,-5.598435,-13.778775,0
FRB20220702A,4.3930283,4.185238,0
FRB20220703A,20.536444,33.28998,0
FRB20220703B,0.687269,-22.995598,0
FRB20220703C,10.630459,-23.759916,0
FRB20220703D,-32.272022,-1.2381431,0
FRB20220704A,9.647902,-35.837925,0
FRB20220704B,50.031513,-21.907942,0
FRB20220705A,-38.27006,24.127882,1
FRB20220705B,-53.282444,4.708608,1
FRB20220706B,2.4266083,30.121796,0
FRB20220706C,19.248333,-2.9134865,0
FRB20220706D,33.620396,-20.957716,0
FRB20220707A,-17.597412,51.854965,0
FRB20220707B,18.214,-23.299318,0
FRB20220707C,-14.894923,-15.304833,0
FRB20220707D,23.887293,22.65633,0
FRB20220707E,-18.605742,47.226032,0
FRB20220708A,-47.27165,7.2479234,1
FRB20220708B,-7.462219,-11.163564,0
FRB20220709A,71.702415,-16.535942,0
FRB20220710A,-30.41649,-15.74445,0
FRB20220710B,13.144245,-33.33919,0
FRB20220711A,11.736283,-3.3680944,0
FRB20220711B,-64.516815,0.7505977,1
FRB20220712A,-1.0568036,-38.234417,0
FRB20220712B,-13.204724,-7.9695845,0
FRB20220714A,35.494057,-19.455034,0
FRB20220714B,-40.380768,13.494912,0
FRB20220714C,-71.8895,-11.1316595,1
FRB20220714D,59.11747,-33.932926,0
FRB20220715A,7.04948,33.873806,0
FRB20220715B,66.18404,-30.041084,0
FRB20220715C,42.9823,-17.253576,0
FRB20220716A,-70.88386,-12.004677,1
FRB20220716B,-8.843916,4.108163,0
FRB20220716C,30.81107,0.68804914,0
FRB20220716D,2.989343,-34.59607,0
FRB20220716E,50.744804,-34.434547,0
FRB20220717B,-27.50304,18.075104,0
FRB20220717C,57.572784,-34.969406,0
FRB20220717D,69.962524,-27.651756,0
FRB20220717E,21.743408,1.6517512,0
FRB20220717F,0.7804308,24.335743,0
FRB20220718A,-78.463875,-14.39177,1
FRB20220718B,18.884548,42.73278,0
FRB20220719A,53.028233,-16.664545,0
FRB20220719B,-37.778233,22.706154,1
FRB20220719C,35.438175,-9.460484,0
FRB20220719D,32.176514,38.055317,0
FRB20220719E,59.874966,10.909323,0
FRB20220719F,-7.430161,-15.177963,0
FRB20220720A,7.053497,4.497555,0
FRB20220720B,-21.645329,28.478525,0
FRB20220720C,34.584164,39.40503,0
FRB20220720D,-35.682693,-1.8921993,0
FRB20220722A,-61.51422,16.222048,1
FRB20220722B,55.695454,-0.8082722,0
FRB20220722C,51.92198,-31.578089,0
FRB20220722D,-50.008293,-0.9963631,0
FRB20220723A,34.12964,40.675846,0
FRB20220723B,-13.197889,6.360926,0
FRB20220724A,-27.720745,32.334167,0
FRB20220724B,-28.074442,24.782692,0
FRB20220724C,-42.21152,18.311747,0
FRB20220724D,-23.963268,-12.747881,0
FRB20220724E,-18.06626,44.634964,0
FRB20220725B,-62.486115,-11.178394,1
FRB20220726B,22.994408,20.301346,0
FRB20220726C,53.64232,15.031599,0
FRB20220802A,46.645233,13.720005,0
FRB20220803A,32.143578,-20.9245,0
FRB20220803B,13.434435,-28.65118,0
FRB20220805A,-5.3721137,-22.979498,0
FRB20220806A,-35.33247,-6.482084,0
FRB20220807A,0.47810873,17.784008,0
FRB20220807B,-42.568554,14.041705,1
FRB20220807C,3.5282197,-32.7265,0
FRB20220808A,-70.93089,11.844103,1
FRB20220809A,-6.1849723,-25.990448,0
FRB20220809B,-1.2447233,37.505077,0
FRB20220809C,-4.9509826,-19.656271,0
FRB20220809D,-51.1672,0.9109585,1
FRB20220810A,-49.390617,21.451834,1
FRB20220811A,2.6574,26.591957,0
FRB20220811B,14.087564,10.499937,0
FRB20220813A,-15.850129,52.602924,0
FRB20220813B,-24.268106,42.541744,0
FRB20220814A,-5.3992133,29.301998,0
FRB20220815A,-12.947164,3.7683127,0
FRB20220816A,5.6688676,38.891582,0
FRB20220817A,21.706226,-20.327202,0
FRB20220818A,-62.09389,-2.2615776,1
FRB20220818B,-16.404684,-21.445124,0
FRB20220819A,14.531601,18.931149,0
FRB20220819B,-31.572762,15.599055,0
FRB20220820A,9.120646,-23.978207,0
FRB20220820B,-14.840418,-7.191577,0
FRB20220821A,-33.02494,28.351608,0
FRB20220822A,-22.949806,28.927752,0
FRB20220822B,-64.823975,-5.67732,1
FRB20220822C,-1.4403921,10.929771,0
FRB20220831B,49.765587,-1.4243394,0
FRB20220901A,-57.013046,9.385802,1
FRB20220901B,64.27258,-29.017479,0
FRB20220901C,5.602371,-40.044125,0
FRB20220902A,-36.55615,27.16102,0
FRB20220902B,-19.367521,10.914344,0
FRB20220902C,-26.967306,6.8998094,0
FRB20220902D,53.62813,-19.919958,0
FRB20220903A,52.09891,-1.5826977,0
FRB20220903B,-12.986172,6.606583,0
FRB20220904A,-69.17829,14.859637,1
FRB20220904C,-54.25538,-15.22338,1
FRB20220904F,-82.56676,-17.253532,1
FRB20220905B,33.696655,34.123302,0
FRB20220905C,4.9559402,-0.9605072,0
FRB20220906A,62.26583,-15.192455,0
FRB20220906B,-61.247166,-1.3772838,0
FRB20220906C,-7.541707,-25.420164,0
FRB20220906D,48.97861,-21.224272,0
FRB20220906E,-17.210606,14.619078,0
FRB20220907A,-43.188732,1.2337803,0
FRB20220907B,51.09668,-19.573708,0
FRB20220907C,-22.536348,26.252426,0
FRB20220907D,-17.064196,14.674289,0
FRB20220908C,52.538044,-31.717031,0
FRB20220908D,43.2232,-14.933903,0
FRB20220908G,-51.693707,0.695869,1
FRB20220909D,-62.396957,8.720139,1
FRB20220910A,38.430054,33.55739,0
FRB20220910B,20.659676,22.53102,0
FRB20220911A,1.7630447,-31.38278,0
FRB20220911B,-73.596344,11.45472,1
FRB20220911C,36.845844,14.509123,0
FRB20220911D,3.9591925,0.84133226,0
FRB20220912A,-43.580204,17.031628,1
FRB20220912C,-30.629738,34.118736,0
FRB20220913A,-35.573677,8.766974,0
FRB20220913B,26.37309,-30.141916,0
FRB20220913C,74.89705,-15.621312,0
FRB20220914B,1.718822,4.1144857,0
FRB20220915A,-64.8324,5.9512243,1
FRB20220915B,-46.458103,12.742988,1
FRB20220915C,4.833132,-20.16337,0
FRB20220915D,35.321194,35.663975,0
FRB20220916A,20.17557,-38.93008,0
FRB20221012B,-64.67097,-0.988283,1
FRB20221012C,-53.6133,-12.546412,1
FRB20221012D,-66.05783,-2.7274017,1
FRB20221012E,22.031715,3.3157141,0
FRB20221013A,-74.82384,-5.752582,1
FRB20221013B,-61.413776,10.809931,1
FRB20221013C,-79.88428,-7.913046,1
FRB20221013D,-4.3446507,-8.666454,0
FRB20221013E,32.018368,38.610504,0
FRB20221013F,-9.295057,8.384221,0
FRB20221013G,27.256142,-34.195557,0
FRB20221013H,-57.70373,1.4747263,1
FRB20221013I,23.987026,-20.919792,0
FRB20221014A,-27.283112,-5.2706094,0
FRB20221014B,76.81218,-20.947695,0
FRB20221014C,-56.11455,17.381577,1
FRB20221014D,-57.237103,20.198788,1
FRB20221014E,-1.9498299,-31.81726,0
FRB20221014F,47.790176,14.098391,0
FRB20221015A,-15.319259,1.3911655,0
FRB20221015B,-50.861145,10.946964,1
FRB20221015C,5.6437654,-6.8210187,0
FRB20221015D,70.09971,-28.09318,0
FRB20221017A,50.710964,0.6596975,0
FRB20221018B,-62.863068,9.160684,1
FRB20221018C,-67.58465,-0.64626586,1
FRB20221018D,27.7673,-39.816307,0
FRB20221019A,2.3900452,29.493315,0
FRB20221019B,4.2042894,6.495535,0
FRB20221020A,-56.46361,15.038058,1
FRB20221020B,-13.768372,13.731336,0
FRB20221020C,42.746086,-33.08234,0
FRB20221020D,-10.737715,23.348553,0
FRB20221021A,-83.42311,0.3174671,1
FRB20221021B,-62.416557,0.8554838,1
FRB20221021C,51.37287,-29.382843,0
FRB20221021D,17.384216,-13.507123,0
FRB20221021E,-6.701173,-15.97189,0
FRB20221021F,22.640074,10.507062,0
FRB20221022A,71.44378,-20.766813,0
FRB20221022B,46.643158,13.90577,0
FRB20221022C,-65.54892,13.277144,1
FRB20221022D,-69.59285,4.0180264,1
FRB20221022E,-4.9890456,-11.899622,0
FRB20221022F,34.29856,39.18096,0
FRB20221022G,-17.110786,1.7337528,0
FRB20221022H,-49.065334,21.453732,0
FRB20221022I,-24.041021,28.305216,0
FRB20221023A,54.713417,-10.180389,0
FRB20221023B,-49.860516,-3.81147,1
FRB20221023C,-82.73443,-8.271518,1
FRB20221023D,-69.81078,3.7898123,1
FRB20221023E,-83.463066,0.16464129,1
FRB20221023G,-55.416733,16.611725,1
FRB20221024A,12.220177,-31.288637,0
FRB20221024C,2.0644062,24.358072,0
FRB20221025B,-60.509075,-7.944241,1
FRB20221025C,-80.16288,-2.083625,1
FRB20221025D,-63.18862,-0.44722417,1
FRB20221025E,-78.94006,6.9940543,1
FRB20221025F,-54.903004,-2.6335,1
FRB20221025G,-37.21967,0.9642525,0
FRB20221025H,47.812267,17.139631,0
FRB20221025I,61.893845,9.860468,0
FRB20221025K,-64.29995,1.2550507,1
FRB20221027B,-18.223082,-12.445771,0
FRB20221027C,56.943317,-1.310097,0
FRB20221029B,13.616605,3.3322275,0
FRB20221029C,51.415394,-4.318203,0
FRB20221030A,-69.64283,16.275333,1
FRB20221030B,-66.53136,0.19191939,1
FRB20221030C,-48.8345,6.302709,1
FRB20221031A,-23.650213,-17.338587,0
FRB20221031B,-71.43905,16.531261,1
FRB20221031C,-80.47804,11.254122,1
FRB20221101C,-65.381424,-8.988064,1
FRB20221101D,-73.88411,19.246195,1
FRB20221101E,-78.19864,-9.27868,1
FRB20221101F,-7.026503,-20.617023,0
FRB20221101G,-75.94458,8.242082,1
FRB20221102A,-85.37639,-1.8027822,1
FRB20221102B,-83.77822,-8.479612,1
FRB20221102C,-79.6123,-3.3072934,1
FRB20221102D,-31.110834,39.295605,1
FRB20221102E,-3.9946985,-19.400145,0
FRB20221103A,-0.4270522,40.79998,0
FRB20221103B,-63.46194,-9.292791,1
FRB20221103C,-79.91233,12.281783,1
FRB20221103D,-65.91434,0.877184,1
FRB20221103E,-5.1136,-20.657234,0
FRB20221104A,-62.996418,-5.44881,1
FRB20221104B,-66.20063,7.9372396,1
FRB20221104C,-76.16091,9.3637905,1
FRB20221104D,-66.43217,-1.1640322,1
FRB20221104E,19.85084,25.880514,0
FRB20221104F,27.663612,24.043747,0
FRB20221105A,-29.833857,17.554285,0
FRB20221106B,-69.7187,-10.608121,1
FRB20221106C,-59.736996,1.4479109,1
FRB20221106D,-72.848335,-10.409521,1
FRB20221106E,-81.52173,-7.053521,1
FRB20221106F,-59.96118,11.401109,1
FRB20221106G,-64.22034,-0.32723162,1
FRB20221106H,-49.286102,2.060257,1
FRB20221106I,23.979994,-33.720287,0
FRB20221106J,76.74459,-15.641646,0
FRB20221107A,7.3779464,-4.9219346,0
FRB20221107B,11.7967,-25.828844,0
FRB20221107C,-12.225454,26.971172,0
FRB20221107D,40.169083,16.890648,0
FRB20221107E,-79.009155,8.65283,1
FRB20221107F,-27.629217,38.358734,1
FRB20221107G,-62.68726,15.356263,1
FRB20221107H,-78.86366,3.6857274,1
FRB20221107I,-54.98084,-7.4007263,1
FRB20221107J,-26.888285,2.828634,0
FRB20221107K,43.655075,-5.719067,0
FRB20221108A,40.697754,3.289351,0
FRB20221108B,-66.986305,-1.8851357,1
FRB20221108C,-43.618687,17.573605,1
FRB20221108D,-26.185112,4.375015,0
FRB20221109A,10.195984,2.5994306,0
FRB20221109B,-75.27518,-4.127571,1
FRB20221109C,-73.82029,10.779485,1
FRB20221109D,-17.895782,28.944471,0
FRB20221109E,58.79581,20.488111,0
FRB20221110A,37.828503,-13.67019,0
FRB20221110B,40.8559,-28.052837,0
FRB20221110C,-1.2112141,-14.926242,0
FRB20221111A,-57.87802,10.517742,1
FRB20221111B,-48.7404,12.244017,1
FRB20221111C,-14.607646,-2.27767,0
FRB20221111D,-12.657919,43.947933,0
FRB20221112A,-71.72506,-7.3383894,1
FRB20221112B,-68.34662,-8.664623,1
FRB20221112C,-76.914604,2.6407168,1
FRB20221112D,-65.923615,-7.2628255,1
FRB20221112E,-83.77491,1.5431119,1
FRB20221112F,-52.551777,13.906443,1
FRB20221112G,-34.995922,-4.653068,0
FRB20221112H,34.69565,-15.922763,0
FRB20221113B,-81.99733,-12.005712,1
FRB20221113C,-72.66719,11.947874,1
FRB20221113D,-76.75473,2.7849827,1
FRB20221113E,53.29815,15.011049,0
FRB20221113F,-36.91238,16.869633,0
FRB20221113G,44.312897,14.231073,0
FRB20221113H,-5.3166227,5.447424,0
FRB20221113I,-8.296191,8.862678,0
FRB20221114A,-80.56043,-8.038044,1
FRB20221114B,-88.5627,-12.519374,1
FRB20221114C,-62.360836,5.6062837,1
FRB20221114D,-35.41308,-5.708758,0
FRB20221114E,28.540895,-4.154875,0
FRB20221115B,-77.06313,-6.4125,1
FRB20221115C,-63.03792,1.4355216,1
FRB20221115D,-64.43325,-11.430983,1
FRB20221115F,-69.520584,-9.674981,1
FRB20221116B,24.86802,23.176172,0
FRB20221116C,-29.22775,37.275875,1
FRB20221116D,-63.51236,6.437143,1
FRB20221116E,-85.89034,-19.17432,1
FRB20221116F,-85.01575,-17.905838,1
FRB20221116G,39.607952,-16.770483,0
FRB20221116H,47.791897,-4.393495,0
FRB20221116J,-82.9681,-12.797232,1
FRB20221117A,30.893793,2.1945345,0
FRB20221117B,-24.683613,41.57223,0
FRB20221117C,55.425457,14.781085,0
FRB20221117E,-57.603565,-8.982815,1
FRB20221117F,-78.4758,-8.526898,1
FRB20221117G,-58.359863,10.614005,1
FRB20221117H,-60.570255,15.476169,1
FRB20221117I,-56.359467,-12.706729,1
FRB20221117J,-49.970543,-4.881545,1
FRB20221118A,-52.770123,8.501044,1
FRB20221118B,-50.00253,-4.504696,1
FRB20221118C,71.02729,-37.146828,0
FRB20221118D,76.49003,-24.077015,0
FRB20221119A,69.278175,-22.80035,0
FRB20221119B,-76.32123,5.308915,1
FRB20221129A,-87.46194,-13.616335,1
FRB20221129B,-66.88442,14.551208,1
FRB20221129C,-81.01444,-7.927444,1
FRB20221129D,-85.23282,0.91634697,1
FRB20221129E,-24.781494,25.889528,0
FRB20221130A,-79.967964,0.3958442,1
FRB20221130B,-85.12954,-9.579719,1
FRB20221130C,-29.8352,-16.222431,0
FRB20221130D,-61.47091,-1.7204822,1
FRB20221201A,51.62028,8.722842,0
FRB20221201B,-73.97493,-0.8679614,1
FRB20221201C,-76.646736,7.769551,1
FRB20221201D,-71.68757,4.3779535,1
FRB20221201E,3.8583524,-27.424467,0
FRB20221201F,12.05024,7.735999,0
FRB20221201G,-28.026693,10.391446,0
FRB20221202A,-67.81231,4.993653,1
FRB20221202B,-54.02472,-8.844811,1
FRB20221202C,-52.21741,14.250504,1
FRB20221202D,-5.6037154,-6.2837334,0
FRB20221202E,3.5492382,28.451042,0
FRB20221202F,-8.713643,-24.047424,0
FRB20221203B,48.093468,-29.612448,0
FRB20221203C,-67.58349,4.487222,1
FRB20221203D,-80.42713,-12.395564,1
FRB20221203E,-75.139404,-12.306543,1
FRB20221203F,-82.82711,0.32161725,1
FRB20221203G,-73.73949,1.0738254,1
FRB20221203H,-70.63758,0.28748786,1
FRB20221203I,-76.15536,7.0153985,1
FRB20221203J,-68.91453,0.1367258,1
FRB20221203K,-76.47847,17.57909,1
FRB20221203L,-73.92541,-1.6066018,1
FRB20221203M,-82.90031,-0.10882211,1
FRB20221203N,20.719435,-33.21775,0
FRB20221203O,12.39998,-17.623814,0
FRB20221204A,-76.6967,10.4087515,1
FRB20221204B,-65.99673,1.0056711,1
FRB20221204C,-63.720173,3.9782069,1
FRB20221204D,-86.69551,2.3183825,1
FRB20221204E,-66.39755,11.381874,1
FRB20221204F,-51.118534,-9.713692,1
FRB20221204G,21.828672,11.868959,0
FRB20221205B,-87.317474,-14.953265,1
FRB20221205C,-66.324394,5.4988084,1
FRB20221205D,-77.573746,8.022507,1
FRB20221205E,-78.557144,7.559973,1
FRB20221205F,-81.20095,11.832952,1
FRB20221205G,-75.11142,3.4730716,1
FRB20221205H,-75.08018,-1.039821,1
FRB20221205I,-71.02277,-9.6955185,1
FRB20221205J,-17.63161,-9.254005,0
FRB20221205K,-66.71595,-1.1808777,1
FRB20221206A,-54.311996,20.390106,1
FRB20221206B,-70.20456,-8.871677,1
FRB20221206C,-67.570496,-6.223839,1
FRB20221206D,-80.55204,-4.8826694,1
FRB20221206E,-79.22011,-2.6581926,1
FRB20221206F,-66.785774,1.1600963,1
FRB20221206G,-32.180264,2.882657,0
FRB20221206H,-13.948978,-29.304026,0
FRB20221206I,51.883877,20.286285,0
FRB20221207A,-31.470575,-1.2875748,0
FRB20221207B,-75.134224,3.803977,1
FRB20221207C,-39.12938,10.808918,1
FRB20221207D,-65.78123,-3.135225,1
FRB20221207E,-80.86237,-15.99548,1
FRB20221208A,-83.041084,-4.493037,1
FRB20221208B,-85.19547,-9.47379,1
FRB20221208C,-78.307594,-15.294304,1
FRB20221208D,-21.242899,-10.128496,0
FRB20221208E,50.02609,-22.173452,0
FRB20221209A,64.813805,2.603223,0
FRB20221209B,20.50821,-30.72022,0
FRB20221209C,16.744526,-4.193568,0
FRB20221209D,17.669786,40.952564,0
FRB20221210A,-14.366801,28.18114,0
FRB20221210B,-81.98613,-2.8803775,1
FRB20221210C,-83.78946,-14.942735,1
FRB20221210D,29.137007,-16.9844,0
FRB20221210E,-85.85173,-13.74208,1
FRB20221210F,5.0017715,-8.982513,0
FRB20221210G,-64.99679,-13.347464,1
FRB20221210H,11.092881,7.452165,0
FRB20221210I,11.640401,-4.5066223,0
FRB20221210J,8.307197,-26.121752,0
FRB20221211A,-80.68384,-10.496507,1
FRB20221211B,-82.13136,-2.28641,1
FRB20221211C,-81.38689,-5.2907906,1
FRB20221211D,-14.520991,-29.829504,0
FRB20221211E,59.436398,7.886016,0
FRB20221212A,-81.48871,-11.3781,1
FRB20221212C,-74.6898,4.24618,1
FRB20221213A,46.843502,-32.349064,0
FRB20221213B,-85.732086,-3.9835098,1
FRB20221213C,-85.56864,0.767188,1
FRB20221213D,-66.50346,11.627323,1
FRB20221213E,-83.27273,-15.064775,1
FRB20221213F,-84.099686,-15.481978,1
FRB20221213G,59.44877,-33.533092,0
FRB20221213H,29.038399,-40.30372,1
FRB20221213I,50.2763,-6.132237,0
FRB20221214A,-72.812126,-3.120454,1
FRB20221214B,-79.71236,-13.847344,1
FRB20221214C,-8.551096,42.561153,0
FRB20221215A,-68.29512,1.255027,1
FRB20221215B,-70.015915,-5.0478206,1
FRB20221215C,-70.92992,12.870488,1
FRB20221215D,-76.14702,-4.8930035,1
FRB20221215E,-75.060585,-13.315458,1
FRB20221215F,22.111996,-42.904324,0
FRB20221215G,-51.03553,-6.415031,1
FRB20221215H,78.70278,-22.628487,0
FRB20221215I,-16.195595,-3.6796353,0
FRB20221215J,50.757072,5.6625233,0
FRB20221216A,-81.38942,-9.798328,1
FRB20221216B,-51.66136,-11.853207,1
FRB20221216C,29.043875,-35.05554,0
FRB20221216D,-37.50237,-0.9642825,1
FRB20221216E,18.144154,-25.017025,0
FRB20221216F,-18.34485,50.604153,0
FRB20221217A,-74.05765,13.023501,1
FRB20221217B,-83.801445,-11.817996,1
FRB20221217C,-31.526922,39.502384,1
FRB20221217D,27.613424,-21.510496,0
FRB20221218A,-83.960464,-10.786976,1
FRB20221218B,-70.97801,-7.2444525,1
FRB20221218C,-1.8980591,-34.586643,0
FRB20221219B,-71.07262,2.83145,1
FRB20221219C,-68.59442,9.379211,1
FRB20221219D,-72.14141,6.687463,1
FRB20221219E,-75.94661,-14.8122015,1
FRB20221219F,9.942811,-2.5143025,0
FRB20221220A,-74.79651,-11.274247,1
FRB20221220B,-80.39485,-2.3755722,1
FRB20221220C,-67.5447,-17.511759,1
FRB20221220D,-82.55746,-10.230558,1
FRB20221220E,1.4987345,-12.797757,0
FRB20221220F,-27.162977,-10.320973,0
FRB20221221A,-88.64649,-13.574148,1
FRB20221221B,-84.91925,-12.4844475,1
FRB20221221C,-77.19851,-6.5821013,1
FRB20221221D,11.156183,-26.717388,0
FRB20221222A,-68.90968,-1.4305043,1
FRB20221222B,-79.806656,-1.5361376,1
FRB20221222C,-81.88767,-15.103928,1
FRB20221222D,-83.97425,-12.335633,1
FRB20221222E,-75.66385,-9.913959,1
FRB20221222F,-9.084627,2.260839,0
FRB20221222G,-1.366792,32.567627,0
FRB20221222H,48.31029,22.415497,0
FRB20221223A,42.680172,-30.467945,0
FRB20221223B,-65.80317,-8.750986,1
FRB20221223C,-72.67303,-4.4599347,1
FRB20221223D,-73.15297,-3.2058733,1
FRB20221223E,-52.269314,-11.33157,1
FRB20221223F,8.198566,38.509075,0
FRB20221223G,-20.209684,-6.757144,0
FRB20221223H,15.988646,16.098366,0
FRB20221223I,-75.99254,0.55718887,1
FRB20221224A,-55.864594,-10.450183,1
FRB20221224B,-72.77041,-7.539556,1
FRB20221224C,-83.06365,-11.881915,1
FRB20221224D,-74.53292,11.013187,1
FRB20221226A,-60.179596,-4.7047567,1
FRB20221226B,-80.1201,-6.0183115,1
FRB20221226C,-71.53956,2.4272065,1
FRB20221226G,49.960384,-10.451442,0
FRB20221227A,-75.30862,1.035505,1
FRB20221227B,-53.328224,-4.204758,1
FRB20221227C,10.881524,-41.014755,0
FRB20221228A,69.55711,-37.359234,0
FRB20221230A,-52.283226,-10.607444,1
FRB20221230B,-34.622894,-0.14068004,0
FRB20221230C,-26.874546,2.722915,0
FRB20221231A,-70.68889,9.372675,1
FRB20221231B,-77.79677,-7.1295013,1
FRB20221231C,-88.20783,-15.48677,1
FRB20221231D,-50.285088,6.450754,1
FRB20221231E,7.335138,-42.31278,0
FRB20221231F,-22.162354,43.217506,0
FRB20221231G,13.882547,-31.592463,0
FRB20230101A,-85.93456,-10.126596,1
FRB20230101B,66.90074,-37.069096,0
FRB20230101C,-15.373384,-15.534316,0
FRB20230102A,-79.338715,-0.25569564,1
FRB20230102B,-76.795456,8.236963,1
FRB20230102C,-86.68967,-10.889532,1
FRB20230102D,10.515447,-23.730917,0
FRB20230103A,1.7767478,24.748783,0
FRB20230103B,-26.734016,14.788511,0
FRB20230104A,-75.33431,9.517163,1
FRB20230104B,-71.04617,1.3756056,1
FRB20230105A,-83.86753,-13.144023,1
FRB20230105B,-73.20265,-14.111852,1
FRB20230106A,-74.0543,-12.287499,1
FRB20230106B,0.7829111,-37.908936,0
FRB20230106C,-55.292297,-8.944794,1
FRB20230106D,-81.48543,-12.371998,1
FRB20230107A,-81.68806,12.838086,1
FRB20230107B,-81.93926,-9.2829485,1
FRB20230107D,-47.604042,10.086283,0
FRB20230110A,52.03484,15.576657,0
FRB20230112A,-3.3616393,11.342019,0
FRB20230114A,-28.123024,-15.725921,0
FRB20230116A,13.181337,-33.363388,0
FRB20230116B,-23.588236,-17.165024,0
FRB20230117A,44.47771,-1.6119771,0
FRB20230118A,34.989044,9.020398,0
FRB20230119A,-44.116673,10.440289,0
FRB20230119B,7.0777,-35.46637,0
FRB20230120A,66.7428,-28.530582,0
FRB20230120B,17.152393,-19.801731,0
FRB20230122A,-29.010925,33.219296,0
FRB20230122B,-28.755499,-11.196553,0
FRB20230122C,-22.184824,5.693058,0
FRB20230123A,6.3201156,0.22556022,0
FRB20230123B,-18.745087,48.54373,0
FRB20230124B,-80.17712,-11.490951,1
FRB20230125A,-35.83258,0.24156563,1
FRB20230125B,-0.25429255,-38.241688,0
FRB20230125C,-16.974274,12.669596,0
FRB20230126A,-36.941048,14.156842,0
FRB20230126B,-2.7530086,-31.715155,0
FRB20230127A,51.282112,15.996508,0
FRB20230131A,3.7609346,-27.223381,0
FRB20230201A,-65.17485,7.1229124,1
FRB20230202A,-28.32508,-1.0989763,0
FRB20230202B,-61.147655,-7.8937197,1
FRB20230203A,11.394152,43.812286,0
FRB20230203B,-84.11871,-11.529024,1
FRB20230204A,-12.067353,-7.959733,0
FRB20230204B,9.325645,-26.788193,0
FRB20230204C,-0.825091,20.15306,0
FRB20230204D,30.811329,-18.422974,0
FRB20230205A,61.234905,16.147947,0
FRB20230206A,58.65843,20.342482,0
FRB20230207A,-1.7274137,-13.886353,0
FRB20230208A,-23.312706,45.203247,0
FRB20230209A,66.27284,-39.793533,0
FRB20230209B,55.864555,-17.009031,0
FRB20230209C,33.22806,30.783817,0
FRB20230210A,48.204,-8.054432,0
FRB20230210B,4.933794,-8.759689,0
FRB20230210C,-13.224954,27.578646,0
FRB20230210D,-37.266247,14.185039,0
FRB20230210E,-16.57064,3.020202,0
FRB20230210F,-35.875214,17.929798,1
FRB20230214A,-80.44619,13.483067,1
FRB20230214B,-61.222588,-2.559817,1
FRB20230215A,9.65557,12.921561,0
FRB20230215B,40.22445,-22.374268,0
FRB20230216B,9.24187,-23.54168,0
FRB20230216C,-11.258739,9.492755,0
FRB20230216D,1.9989928,-39.404034,0
FRB20230216E,-85.48561,2.359408,1
FRB20230218A,-68.01355,-2.10937,1
FRB20230218B,2.871486,-21.630058,0
FRB20230218C,6.4571905,27.850136,0
FRB20230218D,-1.5631444,39.658443,0
FRB20230222A,18.606462,42.71165,0
FRB20230222B,72.858826,-23.055565,0
FRB20230222D,6.399295,39.46528,0
FRB20230223A,36.11239,18.4496,0
FRB20230223B,-36.625183,-4.5694757,0
FRB20230223C,0.9580115,-37.582676,0
FRB20230223D,-15.396387,14.736146,0
FRB20230223E,44.972336,-18.575739,0
FRB20230223F,32.465557,10.075097,0
FRB20230224A,-18.08276,4.9438186,0
FRB20230224B,79.3419,-23.238424,0
FRB20230224C,-11.833914,-9.494751,0
FRB20230225A,-7.1983104,-27.08499,0
FRB20230225B,41.918747,-18.639511,0
FRB20230226A,-0.20272136,-28.73944,0
FRB20230226C,9.2580595,19.269571,0
FRB20230227A,33.722214,-1.2483569,0
FRB20230227B,10.140503,-7.835972,0
FRB20230228A,-8.165003,6.412753,0
FRB20230228B,-30.10781,29.466507,0
FRB20230301A,-23.629017,13.614922,0
FRB20230301B,-6.376586,22.820013,0
FRB20230303A,-18.795082,42.22234,0
FRB20230303B,30.077177,-33.952896,0
FRB20230304A,8.546691,-3.6743076,0
FRB20230305A,-6.94106,-0.80007905,0
FRB20230305B,-20.372826,-3.5631661,0
FRB20230305C,20.211864,1.5295706,0
FRB20230305D,7.33155,-9.159999,0
FRB20230306A,-11.402728,22.785435,0
FRB20230306B,13.44952,-15.827217,0
FRB20230306C,28.897465,-16.284582,0
FRB20230306D,-61.825516,7.205107,1
FRB20230306E,7.2022705,-40.916965,0
FRB20230307B,56.732494,-6.3476934,0
FRB20230307C,-37.05683,-4.962919,0
FRB20230307D,24.069035,-26.219986,0
FRB20230307E,17.92993,23.638916,0
FRB20230307F,-14.105541,6.234147,0
FRB20230308A,-17.04063,48.258877,0
FRB20230308B,9.523833,-25.827698,0
FRB20230308C,49.42978,-8.6990385,0
FRB20230308D,-62.754723,-6.944053,1
FRB20230308E,17.779284,5.0792108,0
FRB20230309A,50.729755,4.2713175,0
FRB20230309B,52.48102,8.673761,0
FRB20230309C,6.125658,-12.730417,0
FRB20230309D,1.13322,-1.9416054,0
FRB20230309E,-11.203803,-22.260359,0
FRB20230310A,31.806515,39.62573,0
FRB20230310B,-76.390205,-5.4625106,1
FRB20230310C,-78.591,7.3663626,1
FRB20230311A,73.18016,-15.172232,0
FRB20230311B,-53.44058,-4.181939,1
FRB20230312A,-69.06224,1.3633846,1
FRB20230312B,-82.48892,-12.878008,1
FRB20230313A,53.601997,-22.755138,0
FRB20230313B,-23.53523,31.10346,0
FRB20230313C,25.653004,34.473885,0
FRB20230313E,30.751684,-39.88799,0
FRB20230314A,75.60911,-18.807592,0
FRB20230314B,26.947102,-3.7137382,0
FRB20230314C,30.2965,24.352543,0
FRB20230314D,-82.22371,-18.372522,1
FRB20230314E,-20.259178,43.17978,0
FRB20230315A,6.7967815,29.458666,0
FRB20230315B,-77.13066,2.9404428,1
FRB20230316A,67.68658,-1.0037087,0
FRB20230316B,6.773803,25.610878,0
FRB20230316C,-47.079174,12.163176,1
FRB20230316D,-86.117645,-10.725485,1
FRB20230316E,-86.36839,-13.977491,1
FRB20230316F,-61.30559,-5.6680293,1
FRB20230316G,-80.322014,-4.6919594,1
FRB20230316H,-22.85858,6.078665,0
FRB20230317A,34.270584,37.317883,0
FRB20230317B,31.514378,31.37944,0
FRB20230317C,4.6316547,12.117101,0
FRB20230317D,-55.384888,0.94242376,1
FRB20230317E,22.977541,19.834465,0
FRB20230318A,-28.386072,-14.334487,1
FRB20230318B,48.54846,-23.86163,0
FRB20230318C,-61.754513,3.3071027,1
FRB20230319A,-27.943502,6.7406635,0
FRB20230320A,26.307436,-1.4014893,0
FRB20230320B,3.0071113,-30.132078,0
FRB20230321A,28.93646,22.013765,0
FRB20230322A,17.085194,16.234062,0
FRB20230322B,70.42988,-30.650421,0
FRB20230322C,22.253496,21.68721,0
FRB20230322D,-18.000608,15.89598,0
FRB20230323A,38.100033,31.492384,0
FRB20230323B,-2.844968,-26.249762,0
FRB20230323C,19.164288,-2.842923,0
FRB20230324A,-16.67496,-16.120926,0
FRB20230324B,-52.90564,23.5042,0
FRB20230324C,1.9756731,6.194046,0
FRB20230325A,62.5997,12.052151,0
FRB20230325B,-55.756374,10.624582,1
FRB20230327A,-0.6184823,41.315887,0
FRB20230327B,-71.02431,11.266938,1
FRB20230327D,-23.805265,43.503853,0
FRB20230328A,5.234881,-3.6286936,0
FRB20230328B,-76.37773,12.106831,1
FRB20230328C,41.85814,9.050043,0
FRB20230328D,44.48433,-3.6464062,0
FRB20230328E,25.1249,34.28764,0
FRB20230329A,-16.104868,2.332917,0
FRB20230329B,-59.822174,18.068516,0
FRB20230329C,-53.63488,2.9062078,1
FRB20230329D,-62.055748,15.417973,1
FRB20230329E,-62.7137,15.3122425,1
FRB20230329F,57.71743,-34.216354,0
FRB20230330A,-45.444805,-0.4229333,1
FRB20230330B,4.0446286,11.974319,0
FRB20230331A,-27.176405,-10.05441,0
FRB20230331B,-14.672306,-22.112072,0
FRB20230401A,28.630152,-7.9788556,0
FRB20230401B,11.97014,-34.247093,0
FRB20230402A,65.94962,-29.924889,0
FRB20230402B,37.77949,14.691055,0
FRB20230402C,-7.280625,-21.365305,0
FRB20230402D,25.62846,-37.759663,0
FRB20230402E,8.147668,-26.178488,0
FRB20230402F,6.072492,-19.86937,0
FRB20230403A,-58.093,-15.539148,1
FRB20230404A,4.666673,-35.439774,0
FRB20230404B,-30.250288,30.08751,0
FRB20230404C,-78.7574,8.977153,1
FRB20230404D,-77.35803,2.5320723,1
FRB20230405A,36.15893,13.644325,0
FRB20230405B,11.479577,-10.871642,0
FRB20230405C,-28.979572,29.542717,0
FRB20230405D,4.349414,-13.947158,0
FRB20230405E,-20.401031,4.767433,0
FRB20230406A,1.405662,-35.81037,0
FRB20230406B,-18.811026,10.073835,0
FRB20230406C,0.9534291,-19.556978,0
FRB20230406D,-43.13543,14.134545,0
FRB20230406E,-82.38264,-0.593803,1
FRB20230407A,8.42141,41.943874,0
FRB20230407B,-31.552086,-9.308528,0
FRB20230407C,-80.47254,-7.1931176,1
FRB20230407D,-69.54113,16.09469,1
FRB20230407E,42.87785,21.326536,0
FRB20230409A,67.97406,2.3697152,0
FRB20230409B,30.106915,27.85397,0
FRB20230409C,50.42397,15.199308,0
FRB20230410A,61.31947,8.977529,0
FRB20230410B,9.499535,-28.230036,0
FRB20230410C,4.2022758,-29.20291,0
FRB20230410D,21.260902,6.3492694,0
FRB20230410E,-21.643198,43.986317,0
FRB20230410F,-18.522467,46.28026,0
FRB20230410G,0.5083358,-31.659931,0
FRB20230411A,56.862488,-19.75461,0
FRB20230411B,1.7542661,35.472744,0
FRB20230411C,-11.070536,12.463789,0
FRB20230411D,-5.4338,-11.611929,0
FRB20230411E,47.230736,-16.657906,0
FRB20230411F,-2.863788,8.430786,0
FRB20230413A,42.856964,-21.515772,0
FRB20230413B,12.986892,-24.188992,0
FRB20230414A,62.465954,-17.233963,0
FRB20230414B,58.484436,-17.798271,0
FRB20230414C,-76.79171,-4.8685946,1
FRB20230414D,-4.901468,11.893664,0
FRB20230415A,-15.418035,-15.460942,0
FRB20230415B,65.62012,-37.820213,0
FRB20230417A,0.75633115,36.64773,0
FRB20230417B,-59.996372,-5.951664,1
FRB20230417C,47.672985,-31.809448,0
FRB20230418A,59.70438,-19.60944,0
FRB20230418B,19.222656,-38.609802,0
FRB20230418C,-53.410732,-6.5692444,1
FRB20230418D,-69.80992,0.30058315,1
FRB20230418E,31.571049,34.147232,0
FRB20230419A,-10.22076,3.087223,0
FRB20230419B,-6.9112644,-26.85827,0
FRB20230419C,-28.12014,10.52746,0
FRB20230419D,72.17064,-28.828293,0
FRB20230419E,-50.24834,16.384335,1
FRB20230419F,-3.565549,3.824569,0
FRB20230419G,-4.26752,26.10181,0
FRB20230420A,-30.8533,9.236192,0
FRB20230420B,34.610134,-0.26258996,0
FRB20230421A,9.65557,-8.513701,0
FRB20230422A,-57.013866,4.2950068,1
FRB20230422B,68.029854,-1.4730853,0
FRB20230423A,26.258469,-20.226608,0
FRB20230423B,-73.59011,13.682948,1
FRB20230423C,52.574387,2.303915,0
FRB20230423D,9.284662,0.7751619,0
FRB20230423E,-11.457609,2.0688584,0
FRB20230423F,-58.754265,-3.4259675,1
FRB20230423G,-5.719418,-17.405005,0
FRB20230424A,23.112623,11.826282,0
FRB20230424B,-20.148497,11.091197,0
FRB20230424C,1.5982457,0.78234404,0
FRB20230425A,13.491682,-33.053936,0
FRB20230425B,68.10906,1.7463133,0
FRB20230425C,28.840765,-16.36585,0
FRB20230425D,-12.732654,-11.603623,0
FRB20230425E,1.3894804,-24.15882,0
FRB20230425F,1.4683367,11.486394,0
FRB20230425G,32.955814,-21.483683,0
FRB20230425H,-36.083782,19.353586,0
FRB20230426A,-27.046675,8.710045,0
FRB20230426B,12.95933,-8.989478,0
FRB20230426C,30.420628,-12.314852,0
FRB20230426D,-86.541664,-10.877967,1
FRB20230426E,0.7229759,4.138516,0
FRB20230426F,43.728657,20.857471,0
FRB20230427A,72.48624,-32.496758,0
FRB20230427B,-72.331276,-1.5082114,1
FRB20230428A,34.36356,39.75072,0
FRB20230428B,12.770503,-32.572235,0
FRB20230428C,12.750633,-17.833012,0
FRB20230429A,42.585346,-26.938631,0
FRB20230429B,-72.36642,-10.922346,1
FRB20230429C,26.682865,-3.6526039,0
FRB20230429D,65.55873,1.4506364,0
FRB20230429E,-71.58926,2.1176903,1
FRB20230429F,-75.9431,-5.5351963,1
FRB20230430A,10.711932,8.616028,0
FRB20230430B,-70.584496,3.1996405,1
FRB20230501B,8.861123,9.058723,0
FRB20230501C,19.554909,-26.393314,0
FRB20230501D,-25.488369,42.10145,0
FRB20230502A,49.82021,-10.756925,0
FRB20230502B,-49.57841,18.342258,1
FRB20230502C,-72.86065,-9.988274,1
FRB20230502D,-48.66228,-6.171219,1
FRB20230502E,-52.764675,6.923949,0
FRB20230503A,-35.354652,17.810434,0
FRB20230503B,-69.85195,-6.887202,1
FRB20230503C,-79.73794,1.0957991,1
FRB20230503D,21.194359,1.0306906,0
FRB20230504A,13.698954,9.72058,0
FRB20230504B,54.55509,15.115145,0
FRB20230504C,-78.3371,-16.708696,1
FRB20230504D,-28.090984,38.030716,1
FRB20230504E,-78.974396,10.020759,1
FRB20230504F,-67.19807,4.534974,1
FRB20230504G,45.71938,-32.42274,0
FRB20230504H,51.184486,8.028125,0
FRB20230504I,-8.604518,42.03355,0
FRB20230504J,-52.928905,6.9251494,0
FRB20230504K,-13.424965,4.2283826,0
FRB20230505A,-3.7628443,-20.489971,0
FRB20230505B,11.348305,-41.591797,0
FRB20230505C,-54.86459,-2.8925304,1
FRB20230505D,-62.583015,-8.543063,1
FRB20230505E,-31.203373,38.77566,1
FRB20230505F,-64.34461,-0.05387559,1
FRB20230505G,67.16357,-17.259844,0
FRB20230506A,4.016104,-8.789371,0
FRB20230506B,19.467985,19.08478,0
FRB20230507A,-50.80737,-6.396809,1
FRB20230507B,-30.300398,15.843702,0
FRB20230507C,78.79861,-21.989319,0
FRB20230508A,-23.176579,-8.447178,0
FRB20230508B,24.178282,26.960325,0
FRB20230508C,-47.1507,-5.5733943,0
FRB20230508D,-25.301058,42.93907,0
FRB20230509A,9.927877,12.167341,0
FRB20230509B,-14.566814,-22.680065,0
FRB20230510A,-42.65005,22.104727,0
FRB20230510B,-47.766155,-6.9805098,1
FRB20230510C,-78.97499,15.548059,1
FRB20230510D,-8.423607,-30.506239,0
FRB20230510E,-54.264416,5.0580716,1
FRB20230510F,-74.02441,-0.34870905,1
FRB20230510G,-55.776646,-15.394091,1
FRB20230510H,-53.890842,-15.575676,1
FRB20230511A,-19.296268,54.04777,0
FRB20230511B,12.98597,-32.777718,0
FRB20230511C,-73.00579,-5.8954263,1
FRB20230511D,-30.146765,-17.170986,0
FRB20230511E,-88.596886,-15.492257,1
FRB20230512A,-76.74694,3.4376268,0
FRB20230512B,29.196619,-34.87966,0
FRB20230512C,-14.429803,14.377342,0
FRB20230512D,-72.75435,12.140814,1
FRB20230512E,-74.172,-11.411282,1
FRB20230512F,53.238403,-1.458213,0
FRB20230513A,30.665897,-39.89208,0
FRB20230513B,-33.721794,-2.091491,0
FRB20230513C,-35.44488,28.750721,0
FRB20230513D,57.20613,-9.041802,0
FRB20230514A,50.442146,-23.99575,0
FRB20230514B,-57.833637,-3.0606136,1
FRB20230524A,-9.143721,19.122208,0
FRB20230524B,-3.985865,0.38792726,0
FRB20230525A,-26.977686,-11.012831,0
FRB20230525B,-16.212908,32.755516,0
FRB20230525C,-17.49459,51.389282,0
FRB20230525D,27.876637,-40.15173,0
FRB20230527A,-73.00904,9.878495,1
FRB20230527B,3.656764,-39.265694,0
FRB20230528A,24.792076,32.82456,0
FRB20230528B,11.363477,-6.853967,0
FRB20230528C,-83.96534,-9.238854,1
FRB20230528D,-73.33172,8.804233,1
FRB20230528E,42.971924,26.329021,0
FRB20230528F,-10.469987,11.991385,0
FRB20230529A,1.8846974,43.3793,0
FRB20230530A,-13.711645,0.4170361,0
FRB20230530B,-74.344604,-0.17461897,1
FRB20230530C,16.21693,-30.010641,0
FRB20230601A,-19.502172,48.22524,0
FRB20230601B,-19.758848,-11.453923,0
FRB20230601D,-66.18497,12.961384,1
FRB20230601E,-84.406624,4.5384245,1
FRB20230601F,35.58865,-15.345931,0
FRB20230601G,-17.883228,-9.636221,0
FRB20230602A,52.96431,-4.887561,0
FRB20230602B,16.525078,-42.109997,0
FRB20230602C,-77.49991,-2.1971161,1
FRB20230602D,32.4255,34.14151,0
FRB20230602E,-2.8485975,-33.81213,0
FRB20230603A,-55.981163,15.899712,1
FRB20230603B,-69.332504,8.170721,1
FRB20230603C,-64.6446,6.0460405,1
FRB20230604A,-37.50362,-5.364752,0
FRB20230604B,-61.343807,-10.374538,1
FRB20230604C,-30.533567,39.09916,1
FRB20230604D,-75.38606,-7.533377,1
FRB20230605A,33.747776,-16.32265,0
FRB20230605B,-6.937502,26.806057,0
FRB20230605C,-71.98515,-15.919276,1
FRB20230605D,-57.56605,2.8728893,1
FRB20230605E,-24.221073,14.899451,0
FRB20230606A,-81.56434,13.563682,1
FRB20230606B,-83.73876,4.608577,1
FRB20230607A,-36.99907,10.313476,0
FRB20230607B,-2.158447,-13.724844,0
FRB20230608A,-74.132805,9.44431,1
FRB20230614A,63.74325,-14.873079,0
FRB20230614B,62.217846,1.6373907,0
FRB20230614C,11.208117,-9.580711,0
FRB20230615A,49.691353,14.9533415,0
FRB20230615B,19.329748,-14.735631,0
FRB20230615C,48.292175,-17.342339,0
FRB20230616A,66.9136,4.300801,0
FRB20230617A,22.825037,26.280005,0
FRB20230618A,65.15569,-3.5759983,0
FRB20230618B,72.28118,-14.777381,0
FRB20230619A,44.393353,-7.7637944,0
FRB20230619B,-60.58727,-4.1240354,1
FRB20230620A,67.29119,3.0310664,0
FRB20230620B,56.411343,2.1735885,0
FRB20230621A,18.797802,-18.00804,0
FRB20230623A,-52.473965,-11.353967,1
FRB20230623B,-61.445454,17.80098,1
FRB20230624A,-30.1375,8.6258,0
FRB20230624B,-67.14154,-0.29212007,1
FRB20230624C,-83.68547,-1.7363024,1
FRB20230624D,7.262063,-24.652983,0
FRB20230625A,67.2988,2.154887,0
FRB20230625B,-67.57276,-4.934953,1
FRB20230625C,-80.43584,12.750892,0
FRB20230625D,-4.98222,5.8787293,0
FRB20230626B,0.8192906,-34.644497,0
FRB20230626C,-75.901596,-7.014497,1
FRB20230626D,-73.786385,0.25285444,1
FRB20230626E,-83.058784,-9.557492,1
FRB20230626F,-51.869873,14.550366,1
FRB20230627A,-51.3152,-8.783803,1
FRB20230627B,-76.27842,-1.6931182,1
FRB20230627C,-52.44929,11.197984,1
FRB20230627D,-80.35668,-0.90378064,1
FRB20230627E,-18.254892,5.2493267,1
FRB20230627F,5.0500855,-9.792859,0
FRB20230627G,-78.92372,-0.9758137,1
FRB20230628B,1.4512533,31.01519,0
FRB20230628C,22.98316,-4.1036453,0
FRB20230628D,-67.895905,-10.548335,1
FRB20230628E,-70.59604,5.064975,1
FRB20230628F,-65.99438,-11.683328,1
FRB20230628G,-75.66882,-14.086865,1
FRB20230629A,-20.822418,-16.924324,0
FRB20230629B,-69.84588,-9.260071,1
FRB20230629C,-80.997734,-10.789938,1
FRB20230629D,-60.059414,20.085712,1
FRB20230629E,-86.220764,2.928494,1
FRB20230629F,13.008931,-31.970005,0
FRB20230629G,-7.6846867,27.79689,0
FRB20230629H,3.8955274,39.10038,0
FRB20230629I,-21.776112,29.165308,0
FRB20230629J,4.028562,9.721998,0
FRB20230630A,-7.2907095,-0.86923695,0
FRB20230630B,66.87693,3.8133671,0
FRB20230630C,-65.11712,-11.635226,1
FRB20230630D,-84.65378,-0.17460616,1
FRB20230630E,-61.70287,-2.2262568,1
FRB20230701A,-61.751152,17.586868,1
FRB20230702A,66.72215,-36.15412,0
FRB20230702B,36.420208,-18.435406,0
FRB20230702C,-68.20453,9.92448,0
FRB20230702D,-53.875946,6.339367,1
FRB20230702E,-82.87587,-12.694032,1
FRB20230702F,14.331633,2.9745696,0
FRB20230703A,50.96296,6.0662484,0
FRB20230703B,-18.68457,-4.4538393,0
FRB20230703C,42.61282,3.8341591,0
FRB20230703D,-60.27115,-9.699461,1
FRB20230703E,23.266485,-35.66114,0
FRB20230703F,-10.940207,28.22502,0
FRB20230704A,13.61888,-28.715128,0
FRB20230704B,-67.737625,-0.5510066,1
FRB20230704C,25.11064,15.482979,0
FRB20230704D,-29.51766,8.014573,0
FRB20230705A,4.2999268,-35.25945,0
FRB20230705B,-70.7658,4.3376055,1
FRB20230705C,-70.681694,14.055925,1
FRB20230705D,67.35669,-1.7618077,0
FRB20230705E,35.13068,-20.661955,0
FRB20230706A,-75.87615,10.23583,1
FRB20230706B,-65.631004,19.297255,1
FRB20230706C,27.70709,-35.62131,0
FRB20230706D,-17.36624,-20.190264,0
FRB20230706E,-17.310122,53.48007,0
FRB20230708B,-75.25218,-12.014369,1
FRB20230708C,-67.28394,13.104627,1
FRB20230709A,-70.99964,17.411453,1
FRB20230709B,28.647402,-19.166378,0
FRB20230710A,-2.4731941,11.214535,0
FRB20230710B,-73.90174,-12.866924,1
FRB20230712B,39.37,-5.4751797,0
FRB20230712C,-66.21986,14.203574,1
FRB20230712D,-80.15273,5.6396813,1
FRB20230712E,-72.764534,-1.5002724,1
FRB20230712F,-85.92827,-12.979901,1
FRB20230712G,-75.150795,-8.023002,1
FRB20230712J,-84.01369,-1.1010395,1
FRB20230713A,-74.251366,-7.9970984,1
FRB20230713B,66.275375,-1.6801099,1
FRB20230713C,-59.640194,14.605596,1
FRB20230713D,-81.24645,13.373357,1
FRB20230713E,-70.51422,9.232336,1
FRB20230713F,-58.35064,-0.6812596,1
FRB20230714A,51.391575,14.894997,0
FRB20230714B,-52.94869,9.430413,1
FRB20230715A,-65.83596,10.52466,1
FRB20230715B,27.51777,-14.102538,0
FRB20230716A,21.776718,4.640022,0
FRB20230717A,76.05966,-17.375769,0
FRB20230717B,12.687335,-25.89822,0
FRB20230717C,61.036327,18.840347,0
FRB20230718B,-2.4220448,11.074892,0
FRB20230718C,-40.943962,16.082092,0
FRB20230719A,-82.15266,-4.1455293,1
FRB20230719B,-19.108994,53.95776,0
FRB20230720A,37.073853,38.905415,0
FRB20230720C,49.004726,-32.89519,0
FRB20230720D,25.931427,18.928728,0
FRB20230721A,57.781994,-18.443844,0
FRB20230721B,-56.397552,-12.5320425,1
FRB20230721C,4.0546827,38.869408,0
FRB20230722A,14.537015,41.754112,0
FRB20230722B,12.124054,-24.75375,0
FRB20230724A,36.326508,31.401066,0
FRB20230724B,-27.400488,31.184973,0
FRB20230725A,-24.148659,0.7541878,0
FRB20230725B,50.35384,-10.503932,0
FRB20230725C,-62.518288,5.482741,1
FRB20230725D,-76.894844,-16.785406,1
FRB20230725E,-19.454762,46.7769,0
FRB20230725F,53.591377,-18.672188,0
FRB20230725G,5.201414,-37.52925,0
FRB20230726A,-41.50416,15.116685,1
FRB20230726B,-13.605111,5.8019657,0
FRB20230727A,-5.851072,7.5742536,0
FRB20230727B,-20.339895,-9.33635,0
FRB20230727C,-4.6756682,-21.740408,0
FRB20230728A,41.48351,-12.016628,0
FRB20230728B,-25.455976,-0.10499096,0
FRB20230728C,2.1763077,24.260664,0
FRB20230728D,-50.606823,10.758785,1
FRB20230729A,30.390312,32.807228,0
FRB20230729B,5.708656,-0.20456678,0
FRB20230729C,-18.893156,29.545374,0
FRB20230730A,69.61058,-23.580849,0
FRB20230730B,4.7796173,24.804586,0
FRB20230730C,10.575883,-28.69333,0
FRB20230801A,2.9750412,-33.117794,0
FRB20230801B,-20.693172,-0.91226935,0
FRB20230802A,54.0885,20.478964,0
FRB20230802B,-2.2139134,43.349285,0
FRB20230802C,-80.74101,1.6966192,1
FRB20230802D,10.945432,30.937107,0
FRB20230803A,-77.36442,7.436377,1
FRB20230803B,-60.429337,-0.91071856,1
FRB20230803C,28.384417,29.339153,0
FRB20230803D,71.04785,-19.079561,0
FRB20230804A,-82.820595,-17.454842,1
FRB20230805A,58.335747,-13.20619,0
FRB20230805B,-85.40332,1.2264092,1
FRB20230805C,41.25011,-20.851942,0
FRB20230806A,-80.42199,-4.433949,1
FRB20230806B,-76.002655,-4.2498665,1
FRB20230806C,-73.3582,13.879174,1
FRB20230807A,-13.88666,-29.40282,0
FRB20230807B,-73.44064,0.12302457,1
FRB20230807C,-58.520477,-6.18179,1
FRB20230807D,-79.08417,10.175845,1
FRB20230808A,-40.89311,15.023274,0
FRB20230808B,-52.085377,-10.404707,1
FRB20230808C,-74.898155,4.142072,1
FRB20230808D,-64.01716,-9.340371,1
FRB20230808E,-75.080154,-5.7446146,1
FRB20230810A,-18.454496,47.748886,0
FRB20230811A,70.269966,-16.600428,0
FRB20230812A,18.566462,20.652409,0
FRB20230813A,-32.25672,1.5485353,0
FRB20230814C,44.431732,-30.414698,0
FRB20230814D,5.5962605,-7.8129807,0
FRB20230814E,-82.01073,-10.892593,1
FRB20230814G,-1.5226282,26.96287,0
FRB20230814H,45.30998,-38.42795,0
FRB20230815A,-56.356934,17.713871,1
FRB20230815B,-75.328606,10.277827,1
FRB20230815C,-86.27837,-14.233314,1
FRB20230815D,-29.797213,19.45157,0
FRB20230817A,-25.107344,-7.674672,0
FRB20230817B,44.154457,16.752571,0
FRB20230818A,-85.82923,-4.10091,1
FRB20230825A,-31.47046,-6.75644,0
FRB20230825B,-34.27719,-1.9954504,0
FRB20230825C,63.743504,-20.772867,0
FRB20230825D,-31.65934,33.54544,0
FRB20230825E,-85.91064,-19.260338,0
FRB20230825F,61.42272,17.605978,0
FRB20230825G,-72.53153,-1.6909277,0
FRB20230825H,-78.333595,1.2545733,0
FRB20230825I,-31.556696,34.423985,0
FRB20230825J,25.86018,-29.640516,0
FRB20230826A,-49.50784,-8.310619,1
FRB20230826B,-80.237206,8.301452,1
FRB20230826C,-75.70456,-15.363074,1
FRB20230826D,-67.95919,-1.851264,1
FRB20230826E,-42.77526,1.3075701,0
FRB20230827A,66.97897,-38.243896,0
FRB20230827B,-56.129864,-16.044815,1
FRB20230827C,-65.5171,19.197083,1
FRB20230827D,-8.527412,-3.5016673,0
FRB20230828A,52.75199,6.8526196,0
FRB20230828C,-20.341866,-9.784668,0
FRB20230828D,-79.040985,6.4461985,1
FRB20230829A,-76.67756,5.293036,1
FRB20230829B,27.051592,-39.57017,0
FRB20230830A,-14.66245,13.375035,0
FRB20230831A,52.08746,-1.5855397,0
FRB20230831B,-81.06221,-1.4305559,1
FRB20230831C,-26.812563,41.385025,0
FRB20230831D,66.13357,-28.740496,0
FRB20230831E,-18.314396,51.64459,0
FRB20230901A,-73.46651,-15.921843,1
FRB20230901B,2.1527774,-28.89288,0
FRB20230902B,-44.485046,19.244568,1
FRB20230902C,-14.92484,11.362295,0
FRB20230903A,-79.04789,-5.388404,1
FRB20230904A,70.26537,-13.531495,0
FRB20230904B,-62.129593,6.2459526,1
FRB20230904C,-7.3740788,27.88199,0
FRB20230905A,76.80819,-22.567411,0
FRB20230905B,-84.04996,-9.4063835,1
FRB20230905C,47.7229,-21.761698,0
FRB20230905D,35.986073,41.934975,0
FRB20230906A,8.47139,-5.2437,0
FRB20230906B,-77.757706,16.84862,0
FRB20230907A,-72.06493,-12.5267515,1
FRB20230907B,-55.17114,19.86633,1
FRB20230908A,-85.099075,-10.102808,1
FRB20230908B,-70.80688,-1.4322011,1
FRB20230908C,-30.584515,-3.7316353,0
FRB20230909A,6.304439,12.445206,0
FRB20230909B,-51.37153,16.112228,1
FRB20230909C,-81.88457,-3.3911948,1
FRB20230909D,34.084236,-8.397399,0
FRB20230909E,-2.7714822,38.375103,0
FRB20230909F,18.89691,-35.295185,0
FRB20230910A,-74.98557,14.139537,1
FRB20230910B,-79.82149,-3.847456,1
FRB20230910C,-31.961004,17.895823,0
FRB20230910D,22.789047,11.011368,0
FRB20230911A,63.38881,10.717591,0
FRB20230911B,34.726418,42.556835,0
FRB20230912A,18.616108,25.006966,0
FRB20230912B,-13.482507,5.956756,0
FRB20230912C,74.06927,-17.555853,0
FRB20230912D,-55.091732,12.416895,1
FRB20230912E,-59.572124,18.375841,1
FRB20230912F,-22.456,48.655945,0
FRB20230913A,73.9607,-18.072838,0
FRB20230913B,-78.425224,13.109808,1
FRB20230913C,-84.19943,1.8492571,1
FRB20230913D,-16.236473,50.11617,0
FRB20230913E,-63.0062,-10.647976,1
FRB20230914A,51.04688,-3.1602674,1
FRB20230914B,-83.81933,0.94169605,1
FRB20230914C,24.746683,15.042417,0
FRB20230915A,66.24843,1.9131943,0
FRB20230915B,10.093461,-1.8662186,0
FRB20230915C,-2.3237548,-31.288298,0
FRB20230915D,11.892516,2.9658332,0
FRB20230915E,-29.389227,2.757186,0
FRB20230915F,-23.377338,-4.444777,0
FRB20230915G,-26.236893,31.541876,0
FRB20230915H,30.557241,-33.1666,0
