frb_id,tsne_1,tsne_2,label
FRB20180725A,-30.439526,-23.628819,0
FRB20180727A,40.130928,-4.4748354,0
FRB20180729A,31.73163,44.681255,0
FRB20180729B,-28.711365,-25.662926,0
FRB20180730A,-2.9407914,53.18391,0
FRB20180801A,-31.089687,-18.616747,0
FRB20180806A,22.616259,-30.151339,0
FRB20180810A,54.818527,-7.9787173,0
FRB20180810B,22.638287,36.935116,0
FRB20180812A,15.301469,-8.275558,0
FRB20180814A,-45.24481,26.542065,1
FRB20180814B,4.489907,21.519772,0
FRB20180817A,-11.251067,-30.503756,0
FRB20180904A,33.551155,38.40562,0
FRB20180906A,49.38809,-24.069162,0
FRB20180906B,-17.778223,-36.24045,0
FRB20180907A,9.446719,39.66491,0
FRB20180907B,31.866272,-3.8493843,0
FRB20180907C,-37.26249,-23.697287,0
FRB20180907D,-37.689777,-29.433294,0
FRB20180907E,9.003208,-23.924181,0
FRB20180908B,-46.802914,-13.67718,1
FRB20180909A,39.219856,-4.676941,0
FRB20180910A,37.92997,23.836756,1
FRB20180911A,46.85873,12.936825,0
FRB20180911C,-46.677734,-13.88801,1
FRB20180912A,15.030155,-56.338764,0
FRB20180915A,-29.41582,-30.371828,0
FRB20180915B,7.2369967,42.44261,0
FRB20180916A,51.46697,17.786345,0
FRB20180916B,-46.754295,-13.902908,1
FRB20180916C,-36.537346,-26.33381,0
FRB20180917A,-60.07735,-10.910842,1
FRB20180917B,9.512921,20.403809,0
FRB20180918A,-18.692156,-32.456886,0
FRB20180919A,-42.64312,20.167896,1
FRB20180919B,51.52008,1.3767956,0
FRB20180920A,-34.866592,-37.222458,0
FRB20180920B,-32.85371,25.618574,0
FRB20180921A,28.168583,-14.785284,0
FRB20180922A,55.22514,-19.762709,0
FRB20180923A,41.29369,18.541088,0
FRB20180923C,48.43884,17.42172,0
FRB20180923D,31.088453,39.11978,0
FRB20180924A,22.329414,-42.848515,0
FRB20180925A,-34.72982,-37.23283,0
FRB20180925B,32.111576,15.020287,0
FRB20180928A,31.537481,36.326042,0
FRB20181012B,21.618805,12.414689,0
FRB20181013A,49.594414,18.611595,0
FRB20181013B,14.76862,-55.06862,0
FRB20181013C,31.102621,-7.2071123,0
FRB20181013E,14.210729,8.73028,0
FRB20181014A,-28.676666,-28.032404,0
FRB20181014B,8.771963,20.764433,0
FRB20181014C,45.01511,-22.774012,0
FRB20181014D,0.91745096,11.115944,0
FRB20181015A,50.06629,-4.0155563,0
FRB20181017A,-20.329903,-40.586037,1
FRB20181017B,-43.59064,-14.19389,0
FRB20181018A,-18.620695,-38.299236,0
FRB20181018B,37.462383,33.28203,1
FRB20181018C,45.798813,12.800895,0
FRB20181019A,-56.300488,-10.721647,1
FRB20181019B,32.12635,-9.74137,0
FRB20181019C,-28.58212,-31.422379,0
FRB20181020A,37.809036,-23.93126,0
FRB20181022A,43.859516,-2.8800657,0
FRB20181022C,32.89064,-6.746548,0
FRB20181022D,3.864685,16.039022,0
FRB20181022E,24.118605,13.122984,0
FRB20181022F,47.06749,-11.305762,0
FRB20181025A,54.620605,12.092379,0
FRB20181027A,-38.01772,-30.633232,0
FRB20181028A,-58.47092,-3.030761,1
FRB20181030A,-28.669155,-30.584814,1
FRB20181030B,-28.303793,-3.0516927,1
FRB20181030C,2.8367543,-16.457314,0
FRB20181030D,29.99945,-1.5396134,0
FRB20181030E,-3.1832826,32.68747,0
FRB20181101A,-31.443317,-43.581257,0
FRB20181102A,-23.53544,-37.31335,0
FRB20181104A,-58.299297,-8.922487,1
FRB20181104B,1.331616,-6.5775595,1
FRB20181104C,42.460323,40.067738,0
FRB20181115A,16.817537,24.44357,0
FRB20181116A,45.63886,12.202597,0
FRB20181116B,43.650444,9.177734,0
FRB20181117A,21.956717,-30.23354,0
FRB20181117B,18.507458,-25.69863,0
FRB20181117C,-28.624945,-28.700462,0
FRB20181118A,-18.39486,-36.459126,0
FRB20181118B,41.0329,-13.67422,0
FRB20181118C,-44.560802,-12.803181,1
FRB20181119A,-47.40881,2.5494566,1
FRB20181119B,-12.423012,-27.619501,0
FRB20181119C,45.698936,12.678434,0
FRB20181119D,-27.730364,-37.906567,0
FRB20181119E,40.708717,-13.592949,0
FRB20181120B,-43.911163,-21.631657,1
FRB20181120C,-53.29599,-13.962274,1
FRB20181122A,28.505596,-16.942781,0
FRB20181122B,35.911835,42.89163,0
FRB20181123A,27.212362,23.390003,0
FRB20181124A,17.12726,-43.80193,0
FRB20181124B,30.88687,-0.29009113,0
FRB20181125A,-26.924864,32.07266,0
FRB20181126A,52.542515,34.0395,0
FRB20181127A,10.005787,39.753716,0
FRB20181128A,-20.752249,25.396252,1
FRB20181128B,21.589186,-5.470283,0
FRB20181128C,-39.792973,13.16425,0
FRB20181128D,2.2982779,49.764297,0
FRB20181129A,17.08893,33.72925,0
FRB20181129B,-28.321964,-3.3794713,0
FRB20181129C,37.32516,-26.806423,0
FRB20181130A,33.20031,32.04895,0
FRB20181201A,-0.79669654,-53.280956,0
FRB20181201B,20.533993,-6.892586,0
FRB20181201D,41.66348,9.636613,1
FRB20181202A,-4.6408834,19.4643,0
FRB20181202B,15.655273,-34.79298,0
FRB20181202C,-28.649876,-33.59098,0
FRB20181203A,1.5256279,11.85182,0
FRB20181203B,-29.12956,-28.83486,0
FRB20181203C,19.227695,-5.5399847,0
FRB20181208A,57.152092,13.350808,0
FRB20181208C,55.75753,-17.108147,0
FRB20181209A,26.298363,37.330593,0
FRB20181213A,32.89346,-8.640536,0
FRB20181213B,-28.534992,-30.29361,0
FRB20181213C,24.756842,-20.776688,0
FRB20181214A,4.1897607,43.63308,0
FRB20181214B,33.301144,-7.932575,0
FRB20181214C,2.2764764,24.589489,0
FRB20181214D,-34.47867,-36.76682,0
FRB20181214F,10.152515,13.944178,0
FRB20181215A,21.958828,-19.593245,0
FRB20181215B,27.19562,-2.5860522,0
FRB20181216A,45.149536,-25.432152,0
FRB20181217A,48.35515,-23.148905,0
FRB20181218A,2.7451148,34.901184,0
FRB20181218B,20.318207,-17.102325,0
FRB20181218C,13.258428,-12.562838,0
FRB20181219A,-23.491697,-10.909168,1
FRB20181219B,-38.037445,-31.104603,0
FRB20181219C,10.056478,26.48583,0
FRB20181220A,19.269825,43.660572,0
FRB20181220B,50.547554,18.491571,0
FRB20181221A,-13.165007,43.823338,0
FRB20181221B,-1.9468175,36.990456,0
FRB20181222A,-61.13014,2.1130261,1
FRB20181222B,46.83051,-12.290562,0
FRB20181222C,23.471275,-17.04074,0
FRB20181222D,-6.5240407,-18.448393,0
FRB20181222E,12.969793,26.396317,0
FRB20181223A,-30.758715,-18.146067,1
FRB20181223B,-42.023766,-20.063902,0
FRB20181223C,27.011194,-18.150307,0
FRB20181224A,39.08385,38.843376,0
FRB20181224B,10.744831,-27.705826,0
FRB20181224C,-5.3636837,-36.61853,0
FRB20181224D,22.640867,-18.35628,0
FRB20181224E,25.863909,32.531796,0
FRB20181225A,-33.720276,28.937807,1
FRB20181225B,34.247944,-10.497535,0
FRB20181226A,-33.805424,3.122548,1
FRB20181226B,-6.4502797,52.29617,0
FRB20181226D,45.845463,18.42612,0
FRB20181226E,27.589334,9.849173,0
FRB20181226G,11.086824,22.562416,0
FRB20181227A,43.337173,-23.133202,0
FRB20181228A,23.923187,-15.935233,0
FRB20181228B,-6.696975,31.320087,0
FRB20181228C,45.194016,-13.314966,0
FRB20181229A,0.94206697,20.833317,0
FRB20181229B,-1.438848,-37.167793,0
FRB20181230A,-26.397379,-40.14876,0
FRB20181230B,20.872566,-31.32143,0
FRB20181230C,33.40804,-34.389805,0
FRB20181230D,60.2797,21.61779,0
FRB20181230E,-15.456318,-36.20113,0
FRB20181231A,-25.731491,-27.102072,0
FRB20181231B,1.6812328,12.244,0
FRB20181231C,42.515182,19.119057,0
FRB20190101A,-4.6204915,-44.811516,0
FRB20190101B,-43.82493,-30.425327,0
FRB20190102A,-10.396968,38.2901,0
FRB20190102B,53.420372,32.825516,0
FRB20190103A,-54.067646,-7.434978,1
FRB20190103B,-1.2653257,-33.55476,0
FRB20190103C,-1.1671377,20.821667,0
FRB20190103D,32.82781,-11.502243,0
FRB20190103E,20.955374,-31.052923,0
FRB20190104A,34.145874,-3.2478337,0
FRB20190104B,-23.372957,-37.898182,0
FRB20190105A,10.230128,-25.921194,0
FRB20190106A,-39.92972,-29.88811,0
FRB20190106B,34.563496,34.84908,0
FRB20190107A,11.545821,-71.33934,0
FRB20190107B,39.76673,16.550955,0
FRB20190109A,38.4765,-26.10712,0
FRB20190109B,26.163103,-22.766394,0
FRB20190110A,3.9532616,43.984455,0
FRB20190110B,10.656123,-27.837677,0
FRB20190110C,19.550623,14.38682,1
FRB20190111A,-4.6340227,52.363464,0
FRB20190111B,24.973139,31.974386,0
FRB20190112A,-26.526667,-20.436132,0
FRB20190113A,-40.603287,-29.875278,1
FRB20190114A,12.940837,15.361706,0
FRB20190115A,42.96486,-21.337538,0
FRB20190115B,34.465317,-9.084173,0
FRB20190116A,-41.39908,-13.025609,1
FRB20190116B,-37.870735,3.8439317,1
FRB20190116C,-28.78418,10.034387,0
FRB20190116D,11.631032,-34.452576,0
FRB20190116E,23.093016,-30.629696,0
FRB20190116F,22.83609,-41.1937,0
FRB20190117A,-34.994892,37.39434,1
FRB20190117C,17.587055,-44.969868,0
FRB20190117D,12.642483,-11.198454,0
FRB20190118A,31.587805,44.38661,0
FRB20190118B,-21.516071,-38.239655,0
FRB20190121A,-4.0173006,21.957945,0
FRB20190122A,-23.438156,-39.29117,0
FRB20190122B,24.90373,-28.74663,0
FRB20190122C,-11.80642,26.109568,0
FRB20190124A,-28.268206,-39.721043,0
FRB20190124B,-7.4610496,21.470034,0
FRB20190124C,-7.886232,34.089092,0
FRB20190124D,54.499924,8.670938,0
FRB20190124E,25.278181,-40.43329,0
FRB20190124F,35.007496,34.66173,0
FRB20190125A,-0.0005303073,-50.958733,0
FRB20190125B,-28.531431,-19.63093,0
FRB20190126A,-50.13195,-9.42034,1
FRB20190127B,0.44664317,-50.354343,0
FRB20190128A,21.788107,-6.4963045,0
FRB20190128B,28.2951,-18.385944,0
FRB20190128C,-50.64938,6.0952673,0
FRB20190128D,28.705582,-22.180698,0
FRB20190129A,-38.534176,-32.31431,0
FRB20190130A,5.9756536,-21.828003,0
FRB20190130B,-8.696495,40.721607,0
FRB20190131B,-23.345621,-32.692184,0
FRB20190131C,51.350395,-3.56162,0
FRB20190131D,22.662613,35.32551,0
FRB20190131E,33.25068,36.965446,0
FRB20190201A,42.551804,-13.182077,1
FRB20190201B,9.8696375,27.745167,0
FRB20190202A,23.38155,26.861492,0
FRB20190202B,38.26543,33.663506,0
FRB20190203A,-8.58162,40.830612,0
FRB20190203B,46.554806,-7.6406755,0
FRB20190203C,-18.667543,-36.378498,0
FRB20190204A,17.81922,9.02122,0
FRB20190204B,5.94843,20.30483,0
FRB20190205A,2.4513533,-19.708256,0
FRB20190206A,-31.732885,5.239205,0
FRB20190206B,5.259532,-30.594103,0
FRB20190206C,15.196301,-26.543493,0
FRB20190208A,-57.072453,12.925778,1
FRB20190208B,53.862503,-19.457191,0
FRB20190208C,25.781902,23.25243,1
FRB20190209A,-47.470856,20.2007,1
FRB20190210A,-53.1712,18.066624,1
FRB20190210B,24.41457,37.791195,0
FRB20190210C,52.639484,2.9514272,0
FRB20190210D,-2.242656,40.12837,0
FRB20190210E,35.973114,3.5830731,0
FRB20190211A,20.918015,-30.797808,0
FRB20190211B,46.095245,-12.629799,0
FRB20190212A,-0.058475077,-14.420715,1
FRB20190212B,10.9773245,29.20045,0
FRB20190212C,-16.9818,-26.792406,0
FRB20190212D,10.812099,-40.58214,0
FRB20190213A,-40.019505,22.60674,1
FRB20190213B,-53.743275,0.22946356,1
FRB20190213C,49.92382,-4.7643495,0
FRB20190213D,-31.24731,-27.522074,0
FRB20190214A,0.3449433,-37.321648,0
FRB20190214C,14.597692,-25.707249,0
FRB20190215B,22.980345,40.13206,0
FRB20190216A,9.873377,-57.85574,1
FRB20190217A,11.7496395,-30.403034,0
FRB20190217B,10.174398,-37.102943,0
FRB20190218A,35.324486,-12.671548,0
FRB20190218B,-42.8211,-13.965731,0
FRB20190218C,32.172085,43.362423,0
FRB20190219A,12.617446,28.606386,0
FRB20190219B,-16.57025,-27.5744,0
FRB20190219C,30.980736,-36.086185,0
FRB20190220A,40.26584,18.476875,0
FRB20190221A,47.043777,-8.3948,0
FRB20190221B,19.502663,-7.7543397,0
FRB20190221C,-36.203518,-34.990395,0
FRB20190221D,45.597126,-15.09781,0
FRB20190222A,-35.18156,34.12879,1
FRB20190222B,-3.8928895,-27.539793,0
FRB20190222C,39.534336,14.426017,0
FRB20190222D,25.855001,-31.47372,0
FRB20190223A,27.026205,12.632653,0
FRB20190223B,27.718254,-24.679155,0
FRB20190224A,-3.362578,-26.550266,0
FRB20190224B,52.59106,2.0993938,0
FRB20190224C,-38.31118,-32.20039,0
FRB20190224D,43.6758,25.639402,1
FRB20190224E,22.684769,37.58806,0
FRB20190226A,27.434254,-18.124882,0
FRB20190226B,-46.24491,-20.15052,1
FRB20190226C,25.484213,11.581927,0
FRB20190227A,-1.03143,52.298714,0
FRB20190227B,46.74543,-1.8697817,0
FRB20190228A,-13.150799,-29.194849,0
FRB20190228B,-12.639288,-30.03597,0
FRB20190301A,-58.16636,-9.374093,1
FRB20190301B,17.225683,10.728392,0
FRB20190301C,7.1196737,-39.348,0
FRB20190301D,46.085567,-8.7870455,0
FRB20190302A,9.995802,-58.78976,0
FRB20190303A,-54.491,-9.758621,1
FRB20190303B,-4.767611,51.03611,0
FRB20190303C,21.74116,-17.439072,0
FRB20190303D,46.66866,-7.8295302,0
FRB20190304A,8.856718,37.141766,0
FRB20190304B,11.610378,26.289122,0
FRB20190304C,21.05339,10.59337,0
FRB20190307A,-29.40956,-30.420174,0
FRB20190307B,-28.528522,-33.05707,0
FRB20190308B,28.51736,-15.089122,0
FRB20190308C,-23.5711,29.576807,0
FRB20190309A,48.65277,0.07417207,0
FRB20190313A,-44.527466,-17.782238,1
FRB20190313B,-8.596675,-5.103754,0
FRB20190316A,28.93829,-19.338552,0
FRB20190317A,47.564064,-22.164656,0
FRB20190317B,27.321407,-22.893171,0
FRB20190317C,20.981619,-32.8233,0
FRB20190317D,-28.377676,-19.759224,0
FRB20190317E,38.790276,-27.352928,0
FRB20190318A,-5.696234,22.99674,0
FRB20190319A,-17.022408,-39.62463,0
FRB20190320A,21.80109,-27.053211,0
FRB20190320B,23.85836,-16.874765,0
FRB20190320C,47.504116,-17.177435,0
FRB20190320D,-3.5914478,-42.52235,0
FRB20190320E,6.894395,17.852203,1
FRB20190322A,-3.4821637,-36.018917,0
FRB20190322B,51.645653,-15.622743,0
FRB20190322C,21.026506,40.80996,0
FRB20190323A,35.021214,-33.600014,0
FRB20190323B,41.398605,39.309204,0
FRB20190323C,12.528602,-15.092297,0
FRB20190323D,10.395273,-18.404274,0
FRB20190325A,29.60703,-9.033074,0
FRB20190325B,37.860382,-23.96516,0
FRB20190325C,25.50696,-29.049713,0
FRB20190326A,44.12509,-15.704388,0
FRB20190326B,-8.574858,-5.153772,0
FRB20190327A,46.418644,22.13519,0
FRB20190328A,12.122796,-16.856382,0
FRB20190328B,20.42411,-28.856623,0
FRB20190328C,22.459253,-27.860924,0
FRB20190329A,-20.173262,-15.016259,1
FRB20190329B,14.97028,-32.48864,0
FRB20190329C,5.7001815,19.948856,0
FRB20190330A,19.794449,-19.162413,0
FRB20190330B,22.138031,38.31967,0
FRB20190401A,4.924531,-26.993258,0
FRB20190402A,4.084064,-32.154484,0
FRB20190403A,-1.4809557,-47.861233,0
FRB20190403B,9.923515,-31.240702,0
FRB20190403C,14.521387,-13.205148,0
FRB20190403D,23.735796,-18.290232,0
FRB20190403E,-25.454597,-20.74602,0
FRB20190403F,10.02124,-36.607704,0
FRB20190403G,1.1156315,-18.479269,0
FRB20190404A,10.825426,23.33701,0
FRB20190404B,36.38453,43.218678,0
FRB20190405A,3.1455667,-40.28439,0
FRB20190405B,-38.805767,-25.677698,0
FRB20190406A,-45.66204,-10.441702,1
FRB20190408A,-38.367954,-22.36681,0
FRB20190409A,32.82952,-33.52719,0
FRB20190409B,-31.813766,-42.069084,0
FRB20190409C,29.457262,-21.630653,0
FRB20190409D,-28.021416,-2.627734,0
FRB20190410A,14.712396,-54.99071,0
FRB20190410B,33.626965,22.734348,0
FRB20190411A,17.50846,-44.82324,0
FRB20190411B,34.10193,-6.7606297,0
FRB20190411C,7.0626526,22.764301,0
FRB20190412A,3.8387322,18.99879,0
FRB20190412B,-3.9327307,-43.92281,0
FRB20190414A,22.29163,-14.877661,0
FRB20190414B,7.845697,-25.022665,0
FRB20190415A,18.683153,-19.538769,0
FRB20190415B,-13.659288,-30.099083,0
FRB20190416A,8.681079,-28.164007,0
FRB20190416B,-4.118761,32.544342,0
FRB20190417A,-54.403824,-1.8414196,1
FRB20190417B,-2.9356503,-43.1153,0
FRB20190417C,34.083176,38.05564,0
FRB20190418A,16.74324,41.508835,0
FRB20190419A,19.562637,10.994433,0
FRB20190419B,21.766247,35.952568,0
FRB20190420A,-40.618256,-26.365816,0
FRB20190420B,-4.270158,21.970526,0
FRB20190420C,7.14228,-37.718773,0
FRB20190421A,-42.941418,-13.250527,1
FRB20190421B,22.365297,41.287266,0
FRB20190422A,-33.215862,-42.55921,0
FRB20190423A,-8.174078,52.023468,0
FRB20190423B,-27.787458,-1.456481,0
FRB20190423C,10.85434,-27.609499,0
FRB20190423D,-6.56175,18.668667,0
FRB20190424A,51.20511,0.78792614,0
FRB20190425A,39.1564,42.623783,0
FRB20190425B,26.506042,13.697398,0
FRB20190426A,35.114788,27.511406,0
FRB20190427A,25.762012,-19.567581,0
FRB20190428A,-29.992403,-22.488514,0
FRB20190429A,32.920013,-36.287373,0
FRB20190429B,0.2604619,-6.3631673,0
FRB20190430A,1.0578862,-32.006046,0
FRB20190430B,47.474644,-25.867558,0
FRB20190430C,-30.95758,-27.140425,1
FRB20190501B,12.252223,28.658487,0
FRB20190502A,-0.072642684,53.965626,0
FRB20190502B,-2.3727493,51.812214,0
FRB20190502C,18.231243,25.889244,0
FRB20190515A,-7.546831,-38.79397,0
FRB20190515B,12.53314,26.351728,0
FRB20190515C,-50.407818,-2.2966146,1
FRB20190515D,-28.622849,5.6628275,0
FRB20190516B,10.485706,-30.45597,0
FRB20190517B,-44.239716,7.6615205,1
FRB20190517C,30.39198,39.01012,0
FRB20190518A,-23.492834,-8.329317,1
FRB20190518B,48.396324,-21.28082,0
FRB20190518C,16.09432,27.570042,0
FRB20190518D,27.629148,-16.379433,0
FRB20190518E,-49.50068,-12.495486,1
FRB20190518G,33.458717,21.90977,0
FRB20190519A,-59.439137,1.696485,1
FRB20190519B,-11.115521,-19.02988,1
FRB20190519C,-45.58292,4.286375,1
FRB20190519D,9.618061,-75.90125,0
FRB20190519E,-23.641243,-31.633366,0
FRB20190519F,-25.785677,31.951828,0
FRB20190519G,-16.574005,-27.533716,0
FRB20190519H,41.353325,33.71881,0
FRB20190519J,20.872112,12.433968,0
FRB20190520A,17.036308,41.480606,0
FRB20190527A,1.1565211,-6.6111894,0
FRB20190527B,-46.51465,-22.683956,1
FRB20190527C,-3.7617514,55.103115,0
FRB20190529A,30.178917,6.6562653,0
FRB20190530A,21.317356,10.939316,0
FRB20190531A,41.567135,-2.3423593,0
FRB20190531B,32.809383,38.728477,0
FRB20190531C,6.8716984,-11.69845,0
FRB20190531E,-27.955399,-31.364925,0
FRB20190601A,-27.00342,-32.05803,0
FRB20190601B,-5.993205,-28.925491,0
FRB20190601C,-33.457455,3.153298,0
FRB20190601D,12.840949,-23.453999,0
FRB20190603A,-50.379562,-14.178217,1
FRB20190603B,27.971523,-14.791205,0
FRB20190604A,-35.209934,34.229958,1
FRB20190604C,-9.773176,-29.198822,0
FRB20190604D,32.556355,-34.02125,0
FRB20190604E,29.080582,-18.71566,0
FRB20190604F,-13.769561,46.311592,1
FRB20190604G,23.31136,-16.398008,0
FRB20190605A,-57.677094,-1.8390347,1
FRB20190605B,-30.14054,33.82696,1
FRB20190605C,42.26172,15.823291,0
FRB20190605D,-41.67007,-22.465714,0
FRB20190606A,-46.895435,-10.162483,1
FRB20190606B,-5.3834553,19.981493,0
FRB20190607A,-0.9345152,52.061886,0
FRB20190607B,32.43984,-34.20816,0
FRB20190607C,1.253057,-14.354845,0
FRB20190608A,44.42649,-13.563805,0
FRB20190609A,-34.351864,-42.064945,0
FRB20190609B,33.57152,37.75166,0
FRB20190609C,-48.789413,-24.305578,1
FRB20190609D,20.205717,12.275214,0
FRB20190611A,-56.346996,-10.529421,1
FRB20190612A,-3.0814757,-43.836044,0
FRB20190612B,22.78355,10.554438,0
FRB20190612C,5.2651253,18.579054,0
FRB20190613A,10.891787,-30.379974,0
FRB20190613B,43.57541,12.4952545,0
FRB20190614A,17.068472,10.365837,0
FRB20190614B,22.573618,40.14077,0
FRB20190614C,29.429655,8.624237,0
FRB20190616A,42.710224,7.796219,0
FRB20190617A,-6.093283,47.838264,0
FRB20190617B,3.2323947,-9.411547,0
FRB20190617C,-35.782333,-37.536957,0
FRB20190618A,32.24269,34.83638,0
FRB20190618B,40.57945,38.00918,0
FRB20190619A,59.930893,21.645376,0
FRB20190619B,31.322908,-16.837038,0
FRB20190619C,20.4573,-42.293705,0
FRB20190619D,-1.6115663,-37.247356,0
FRB20190621A,-32.208927,26.377892,1
FRB20190621B,19.244646,-19.320448,0
FRB20190621C,24.396055,20.578888,0
FRB20190621D,4.39984,-22.99034,0
FRB20190622A,17.537165,8.079786,0
FRB20190623A,49.70218,-6.3470354,0
FRB20190623B,-29.689932,-27.763226,0
FRB20190623C,47.50767,-22.349386,0
FRB20190624A,20.182407,-8.321285,0
FRB20190624B,52.291393,17.962025,0
FRB20190625A,-6.1642427,-44.31494,0
FRB20190625C,45.76163,3.685355,0
FRB20190625D,33.494366,32.811554,0
FRB20190625E,-30.55982,24.307,1
FRB20190626A,11.4258995,-72.62426,1
FRB20190627A,36.137207,3.6561377,0
FRB20190627B,21.770761,40.517418,0
FRB20190627C,52.825096,32.892483,0
FRB20190627D,7.282435,-28.238363,0
FRB20190628A,46.070667,-13.25268,0
FRB20190628B,30.209013,10.816688,0
FRB20190628C,1.4476621,-31.059952,0
FRB20190629A,-28.970203,-4.6428924,0
FRB20190630A,-46.16583,1.1822453,1
FRB20190630B,-13.198081,-28.398348,0
FRB20190630C,26.640554,-14.570935,0
FRB20190630D,39.24377,0.31313717,0
FRB20190701A,47.934002,-20.690994,0
FRB20190701B,42.936127,-12.942297,0
FRB20190701C,21.120657,10.965938,0
FRB20190701D,-6.3253293,26.8301,0
FRB20190701E,14.700924,-15.96808,0
FRB20190702A,-39.71932,-17.914505,1
FRB20190702B,-59.543674,-11.008344,1
FRB20190702C,32.63928,-32.78858,0
FRB20190708A,19.300592,44.9457,0
FRB20190710A,5.3371725,45.23687,0
FRB20190710B,-22.147413,1.4612312,0
FRB20190710C,25.252354,46.516228,0
FRB20190712A,42.55598,-16.314947,0
FRB20190712B,-3.8921254,46.270824,0
FRB20190712C,-16.240139,-38.281265,0
FRB20190713A,-23.430712,-37.840324,0
FRB20190713B,34.275303,2.9801729,0
FRB20190714B,18.322002,-7.7551384,0
FRB20190714C,15.602325,-7.455931,0
FRB20190714D,38.69344,-23.792921,0
FRB20190715A,10.231266,12.65437,0
FRB20190715B,39.11359,39.104115,0
FRB20190715C,2.2752428,-27.107912,0
FRB20190716A,15.43031,9.835918,0
FRB20190716B,-4.343952,24.082699,0
FRB20190716C,6.324714,-21.553581,1
FRB20190716D,33.27054,-5.612422,0
FRB20190718A,-18.87937,-12.995282,1
FRB20190720A,22.072718,39.13082,0
FRB20190720B,19.345201,-16.961905,0
FRB20190721A,19.8093,49.044987,0
FRB20190721C,18.741625,-25.65915,0
FRB20190721D,-0.71880263,53.279705,0
FRB20190722A,-39.682888,23.605852,0
FRB20190722B,20.547129,38.415947,0
FRB20190723A,-0.06527619,-18.535795,0
FRB20190724A,7.014785,-75.94748,0
FRB20190725A,44.729412,-19.571398,0
FRB20190726A,26.692102,32.701115,0
FRB20190727A,3.1939378,30.213787,0
FRB20190727B,43.921387,-15.534233,0
FRB20190728A,31.356138,-18.915188,0
FRB20190729A,10.589489,14.159085,0
FRB20190729B,10.8738165,-72.2495,0
FRB20190804B,42.324947,-3.5734844,0
FRB20190804C,-25.122812,-35.424072,0
FRB20190804D,11.46419,-13.632941,0
FRB20190804E,-34.40152,34.1201,1
FRB20190805A,27.56176,9.321577,0
FRB20190805B,-45.012985,-14.077398,1
FRB20190805C,3.6493182,-28.893827,0
FRB20190805D,-36.697388,-16.328842,0
FRB20190805E,-6.2392015,31.57171,0
FRB20190806A,-31.465761,-43.74922,1
FRB20190806B,-41.415653,-16.5375,0
FRB20190806C,-48.246567,2.5818615,0
FRB20190807A,9.128011,-39.629604,0
FRB20190807B,4.041576,-36.1728,0
FRB20190808A,18.869286,-33.202236,0
FRB20190809A,-57.154232,-10.178847,1
FRB20190809B,8.70085,-16.466608,0
FRB20190809C,-20.177786,-37.17978,0
FRB20190810A,-58.50227,-11.5542,1
FRB20190810B,-24.035484,-8.278617,1
FRB20190810C,2.3204715,42.93567,0
FRB20190810D,30.954779,-11.599765,0
FRB20190810F,27.67918,-19.033192,0
FRB20190811A,20.468151,-43.82184,0
FRB20190811B,1.6869388,-23.050411,0
FRB20190811C,31.808699,-35.91298,0
FRB20190811D,6.9398103,-70.17404,0
FRB20190812A,0.99766725,50.967613,0
FRB20190812B,13.263145,28.3946,0
FRB20190812C,30.064695,44.855278,0
FRB20190813A,16.31766,25.967628,0
FRB20190813B,-1.6473795,53.91532,0
FRB20190813C,6.620936,-18.363306,0
FRB20190813D,28.038479,-31.117329,0
FRB20190814A,46.4615,10.330884,0
FRB20190814B,-16.693386,-38.44217,0
FRB20190815A,-57.9875,-11.436661,1
FRB20190815B,1.2554172,48.433487,0
FRB20190815C,38.285816,25.929003,0
FRB20190815D,40.4623,38.113213,0
FRB20190816A,-4.6251144,18.850878,0
FRB20190816B,31.262625,50.201725,0
FRB20190817A,-53.642735,15.64399,1
FRB20190817B,1.4481422,-25.555113,0
FRB20190817C,48.14334,-22.650763,0
FRB20190817E,-29.059235,-34.414192,0
FRB20190818A,-38.074932,-28.014479,0
FRB20190818B,20.829414,-6.2579193,0
FRB20190818C,18.74615,34.855133,0
FRB20190818D,18.744741,9.192519,0
FRB20190819A,-25.743786,-29.47878,0
FRB20190819B,-26.370512,-20.652946,0
FRB20190820A,-15.116175,-36.67669,0
FRB20190820B,28.003284,-18.26456,0
FRB20190821A,-8.323819,21.897245,0
FRB20190821B,45.308117,13.346883,0
FRB20190821C,6.430191,28.100143,0
FRB20190821D,24.304697,-15.02773,0
FRB20190821E,2.752873,18.818394,0
FRB20190822A,-38.03047,-28.50277,0
FRB20190823A,-19.187662,-37.357277,0
FRB20190824A,-41.144623,-13.181737,1
FRB20190824B,-3.7725475,-36.85355,0
FRB20190824C,40.884003,-29.586485,0
FRB20190824D,42.33065,-26.633245,0
FRB20190824E,3.2715156,-29.791103,0
FRB20190824I,36.553253,0.06003678,0
FRB20190825A,-35.638184,36.84523,1
FRB20190825B,-1.3935016,-11.5597105,1
FRB20190825C,-49.66895,-10.1168785,1
FRB20190825D,-9.910805,-16.34149,0
FRB20190825E,27.339878,-19.951176,0
FRB20190825G,31.388851,-36.039593,0
FRB20190826A,-17.348467,-38.22732,0
FRB20190826B,23.854975,48.15837,0
FRB20190827A,9.497117,-39.98849,0
FRB20190829A,-30.795084,-20.818953,0
FRB20190829B,18.915493,-19.033718,0
FRB20190829C,31.979982,-17.577188,0
FRB20190901A,39.312565,15.345855,0
FRB20190901B,39.993385,41.234146,0
FRB20190902A,6.2740555,-9.533065,0
FRB20190902B,21.404818,11.617548,0
FRB20190902C,43.357628,-14.611433,0
FRB20190902D,49.26932,0.40609604,0
FRB20190902E,32.95221,-5.285024,0
FRB20190903A,38.868477,39.567352,0
FRB20190903B,-38.881207,-24.433268,0
FRB20190903C,33.78402,-2.4202754,0
FRB20190903D,44.139416,-21.109598,0
FRB20190903E,-29.090147,9.922712,0
FRB20190904A,8.371768,-44.497574,0
FRB20190905A,-40.991604,2.956267,1
FRB20190905B,24.460651,7.0932465,0
FRB20190906A,11.796283,-74.940155,0
FRB20190907A,-40.765194,-16.17203,1
FRB20190907B,22.948622,-29.488403,0
FRB20190907C,0.10170668,52.655888,0
FRB20190908A,-6.5621223,-36.66921,0
FRB20190910B,36.493095,-33.461506,0
FRB20190912A,-38.066086,-25.41413,0
FRB20190912B,-32.68904,7.6047053,0
FRB20190912C,40.65375,18.455013,0
FRB20190912D,45.636143,-8.363596,0
FRB20190912E,29.99436,-4.4402213,0
FRB20190912F,-42.850353,-18.12296,0
FRB20190913A,6.6162286,20.530523,0
FRB20190913B,-1.5460882,-24.607988,0
FRB20190913D,-33.121563,-38.87201,0
FRB20190913E,35.13741,-33.54394,0
FRB20190914A,-28.387243,-2.9870937,0
FRB20190914B,24.977066,-40.78485,0
FRB20190915A,-51.10651,-11.268808,1
FRB20190915B,44.878716,-11.338004,0
FRB20190915C,3.9570284,-6.2577786,0
FRB20190915D,-12.512958,24.103764,1
FRB20190915E,-7.9119153,19.195528,0
FRB20190915F,29.811415,-20.114328,0
FRB20190916A,34.988132,-11.816775,0
FRB20190917A,-17.30696,-37.930218,0
FRB20190917B,7.6666884,-75.117645,0
FRB20190918A,-26.045534,-29.351303,0
FRB20190918B,-11.201641,30.30902,0
FRB20190918C,-44.962166,-25.877838,0
FRB20190918D,46.78831,-0.046684988,0
FRB20190918E,0.7450481,-33.59144,0
FRB20190918F,25.925352,-16.623075,0
FRB20190919A,17.740145,34.204697,0
FRB20190919B,8.895623,30.178627,0
FRB20190919C,9.572404,-32.505802,0
FRB20190919D,-24.949219,-33.640842,0
FRB20190920A,-8.153537,48.62254,0
FRB20190922A,40.6632,14.9192295,0
FRB20190923A,14.010671,-14.231085,0
FRB20190924A,26.329056,-30.932272,0
FRB20190925A,-43.05323,21.253113,1
FRB20190925B,28.6544,50.0211,0
FRB20190925C,-27.093674,8.78331,1
FRB20190925E,31.679352,-20.689274,0
FRB20190926A,-46.127884,-24.612204,1
FRB20190926C,29.98982,-21.432833,0
FRB20190926D,27.973822,-23.068396,0
FRB20190927A,52.50347,2.828952,0
FRB20190927B,17.927889,-43.3168,0
FRB20190927C,24.216726,-14.896853,0
FRB20190927D,-25.939491,-26.344599,0
FRB20190928A,36.22517,8.4243355,0
FRB20190929A,-45.855556,-17.10776,1
FRB20190929B,47.17162,-23.82344,0
FRB20190929C,-55.692066,8.486824,1
FRB20190929D,29.929644,-16.38207,0
FRB20190929E,-26.73862,31.372858,1
FRB20191009A,-40.832096,-23.225111,0
FRB20191010A,-34.964996,-39.169262,0
FRB20191010B,-31.817556,-26.470694,0
FRB20191012B,28.76278,-19.48121,0
FRB20191013A,-50.938564,6.5097275,1
FRB20191013C,0.92268264,36.840096,0
FRB20191013D,-53.816093,-13.7293005,1
FRB20191014A,7.7680154,-34.00742,0
FRB20191014B,36.061466,9.698486,0
FRB20191015A,15.193417,-35.06258,0
FRB20191015B,15.405122,-32.225,0
FRB20191016A,12.084088,-9.511791,0
FRB20191017A,45.112892,-21.63444,0
FRB20191018A,50.42696,0.99608535,0
FRB20191018B,34.18914,13.714176,0
FRB20191018C,-5.676222,53.36519,0
FRB20191018D,40.37599,1.4389997,0
FRB20191019A,-41.525555,-25.655272,0
FRB20191019B,12.075882,-34.1369,0
FRB20191019C,-16.844812,-27.713198,0
FRB20191019D,49.96135,-1.4137477,0
FRB20191019E,-23.607754,-34.766098,0
FRB20191019F,2.2936351,-23.083973,0
FRB20191019G,0.9961672,-32.960575,0
FRB20191020A,-53.460556,-7.7713966,1
FRB20191020C,45.56345,-4.3363957,0
FRB20191021A,39.34034,41.67103,0
FRB20191021B,34.91436,27.566795,0
FRB20191021C,6.1036873,28.415987,0
FRB20191023A,19.879026,11.290605,0
FRB20191023B,13.697887,18.974972,0
FRB20191023C,21.007898,37.89017,0
FRB20191024A,29.045147,7.1452236,0
FRB20191024B,-47.221992,3.7350593,1
FRB20191024C,11.514753,-15.944988,0
FRB20191025A,0.48964384,-38.05515,0
FRB20191025B,-16.63451,-39.784256,0
FRB20191025C,9.964706,8.532605,0
FRB20191025D,-0.013086197,44.108337,0
FRB20191026A,-49.930607,-2.6867108,1
FRB20191026B,-50.687393,1.2480981,1
FRB20191028A,-40.10836,-26.550354,0
FRB20191028B,-45.70165,-16.057533,1
FRB20191029A,-53.14634,-12.091673,1
FRB20191029C,-41.592598,-25.649263,0
FRB20191029D,-16.418615,-38.98515,0
FRB20191030A,-44.889744,18.652887,1
FRB20191030B,-43.638866,26.117842,1
FRB20191030C,-31.143213,-23.247704,0
FRB20191030D,-2.7516577,50.006565,0
FRB20191030E,4.6436424,-45.142525,0
FRB20191101A,27.135557,43.272427,0
FRB20191101B,45.370235,1.3973098,0
FRB20191101C,41.347622,-13.909926,0
FRB20191101D,30.01232,-0.08002479,0
FRB20191101E,6.49172,-12.685309,0
FRB20191102A,-49.657024,5.114585,0
FRB20191102B,8.107669,-24.823841,0
FRB20191102C,-35.70934,-36.637955,0
FRB20191103A,-25.55448,-0.13718636,0
FRB20191103B,-45.100475,-15.251931,0
FRB20191103C,50.12104,-22.583935,0
FRB20191103D,37.311947,-18.617159,0
FRB20191103E,-6.321482,-18.635044,0
FRB20191103F,31.508318,-18.404987,0
FRB20191104A,44.34669,0.33588192,0
FRB20191104B,51.90171,-2.2685065,0
FRB20191104C,42.897,7.671119,0
FRB20191104D,-24.382204,-0.419584,0
FRB20191104E,34.053257,33.747032,0
FRB20191105A,0.08461849,42.593353,0
FRB20191105B,27.288963,-20.059023,0
FRB20191106A,9.985505,28.95992,0
FRB20191106B,-30.705204,-35.70348,0
FRB20191106C,-44.372562,-15.438268,1
FRB20191107A,-49.984943,-22.64629,1
FRB20191107C,-33.407795,30.647745,1
FRB20191108B,38.796547,16.045536,0
FRB20191108C,34.0082,13.530597,0
FRB20191108D,3.7989023,-22.761904,0
FRB20191109B,47.16046,-4.9598,0
FRB20191109C,43.60182,-12.68641,0
FRB20191110A,-59.3833,-10.162658,1
FRB20191110B,11.5591345,-70.42137,0
FRB20191110C,-29.152523,-27.001461,0
FRB20191110D,24.99829,-30.568344,0
FRB20191111A,-55.475292,-3.2914171,1
FRB20191113A,-59.32088,-10.21116,1
FRB20191113B,50.345966,-17.000923,0
FRB20191113C,-49.10102,-12.000041,1
FRB20191113D,46.029823,-1.7094787,0
FRB20191114A,-11.123627,-15.705955,1
FRB20191114B,-23.858913,-34.70381,0
FRB20191114C,4.85609,-16.066824,0
FRB20191114D,-5.5357714,55.876686,0
FRB20191114E,-0.891393,27.595066,0
FRB20191114F,-26.797676,-40.03512,0
FRB20191115B,23.866385,36.358994,0
FRB20191116A,-13.902603,45.862267,1
FRB20191117A,-17.706669,-13.820184,1
FRB20191117B,27.82089,-22.951988,0
FRB20191118A,-42.22651,-10.74161,0
FRB20191118B,-8.367723,-36.338455,0
FRB20191202B,42.154007,39.907223,0
FRB20191202C,17.33333,38.17458,0
FRB20191202D,32.78266,-11.635437,0
FRB20191205A,-42.053574,-11.862142,1
FRB20191205D,8.27562,30.088455,0
FRB20191205F,29.764027,11.415216,0
FRB20191205G,24.316547,-33.281746,0
FRB20191206A,6.0698543,39.550278,0
FRB20191206B,27.914408,13.584478,0
FRB20191206C,4.118255,-28.213219,0
FRB20191206D,18.712685,48.774696,0
FRB20191207A,23.999779,36.984203,0
FRB20191207B,6.8420596,-26.958424,0
FRB20191208A,1.6256806,36.405106,0
FRB20191209A,18.26031,-7.8265233,0
FRB20191209B,45.81298,-20.067408,0
FRB20191209C,-35.057476,-39.997383,0
FRB20191209D,1.7421986,-41.604332,0
FRB20191210A,39.598038,40.819878,0
FRB20191210B,-3.6177619,37.050587,0
FRB20191210C,0.14366701,-42.955475,0
FRB20191211A,43.128998,11.8839445,0
FRB20191212A,46.62447,-9.49353,0
FRB20191212B,10.297177,-38.418934,0
FRB20191212C,3.3100893,15.7958,0
FRB20191212D,32.08234,-3.5955162,0
FRB20191212E,42.327248,-24.578068,0
FRB20191212F,-4.9623146,48.46894,0
FRB20191213A,10.054541,29.32589,0
FRB20191213B,-2.493741,55.178596,0
FRB20191213C,-10.490168,22.891838,0
FRB20191213D,44.38371,-0.05230891,0
FRB20191214A,9.890447,-28.306467,0
FRB20191214B,0.11651321,50.567818,0
FRB20191215A,-51.95393,-0.0893784,1
FRB20191215B,26.750343,19.450466,0
FRB20191215C,24.477648,-31.660797,0
FRB20191216A,8.032964,27.89676,0
FRB20191217A,-49.265015,-0.0882549,1
FRB20191217B,51.75257,-17.230732,0
FRB20191217D,46.73773,-18.903677,0
FRB20191217E,47.761673,-16.24954,0
FRB20191218A,-8.242147,-14.71891,1
FRB20191218B,8.402778,-11.737089,0
FRB20191218D,5.246692,-12.679383,0
FRB20191218E,43.247517,-21.10667,0
FRB20191219A,-29.652205,23.41992,1
FRB20191219B,-42.519394,-18.532467,1
FRB20191219F,31.96121,46.881733,0
FRB20191219G,-27.806581,-26.65746,0
FRB20191219H,21.516802,-41.474743,0
FRB20191220A,9.117925,-24.244741,1
FRB20191220B,-27.16961,-39.85923,0
FRB20191220C,-4.200286,55.124775,0
FRB20191220E,-27.579031,-27.679379,0
FRB20191221B,6.070572,-18.42758,0
FRB20191221D,2.3751106,52.02483,0
FRB20191222A,33.48198,47.857513,0
FRB20191223A,-49.041813,0.006254569,1
FRB20191223C,48.975388,27.989737,0
FRB20191223D,-27.74336,-1.345654,0
FRB20191223E,32.95186,-33.327538,0
FRB20191224A,43.536114,11.071114,0
FRB20191224B,11.651617,-15.476968,0
FRB20191225A,29.679241,45.138664,0
FRB20191225B,14.735221,-27.775368,0
FRB20191226A,42.37683,-15.098496,0
FRB20191226B,-48.825836,-11.6059475,0
FRB20191226C,24.901323,-41.2381,0
FRB20191226D,41.35916,-26.904915,0
FRB20191227A,23.210815,20.259552,0
FRB20191227B,13.331814,-44.192005,0
FRB20191227C,-29.747442,-3.1323636,0
FRB20191227D,-3.0141003,-45.831455,0
FRB20191227E,47.89703,15.651912,0
FRB20191228B,44.358013,-23.653889,0
FRB20191228C,13.55967,-42.33789,0
FRB20191228D,-12.368454,-29.86662,0
FRB20191229A,6.6919427,-21.470722,0
FRB20191229B,43.757317,-2.5216434,0
FRB20191230A,0.30029482,20.716234,0
FRB20191230B,21.092672,40.60067,0
FRB20191230C,21.225248,-15.664867,0
FRB20191230D,-17.565493,-26.170115,0
FRB20191231A,-46.793163,-13.7483015,1
FRB20191231B,17.360277,36.22427,0
FRB20200102A,-26.455675,-31.041807,0
FRB20200105A,5.1975904,22.911156,0
FRB20200106A,16.245066,25.93868,0
FRB20200106B,43.194294,-27.072939,0
FRB20200106C,47.12987,23.679453,0
FRB20200106E,52.463715,-1.2175802,0
FRB20200107A,45.76226,24.463387,0
FRB20200107B,-20.103146,-13.143401,0
FRB20200109A,25.728098,-33.489174,0
FRB20200109B,-37.24787,-36.45498,1
FRB20200109C,52.52328,-20.037416,0
FRB20200109E,-42.526432,-14.52991,0
FRB20200109F,26.288017,-14.720971,0
FRB20200110A,-27.401247,-32.512913,0
FRB20200110B,57.48584,14.3758955,0
FRB20200111A,17.083752,-8.722001,0
FRB20200111B,-32.534782,-35.750214,0
FRB20200111D,-9.566979,-31.070873,0
FRB20200112A,-48.360413,20.81847,1
FRB20200112B,24.817966,30.837872,0
FRB20200112C,-31.423418,-7.19976,0
FRB20200112D,-27.33594,2.1557193,0
FRB20200112E,-30.837107,-2.0800982,0
FRB20200113A,29.178692,-20.787632,0
FRB20200113B,44.62451,16.918043,0
FRB20200113C,35.721886,-11.9956,0
FRB20200114A,2.0389104,49.965755,0
FRB20200114B,-0.91468096,35.836754,0
FRB20200114C,21.523014,-28.7579,0
FRB20200115A,6.829538,-74.539536,0
FRB20200115B,49.073536,-23.569105,0
FRB20200115C,-19.337894,-41.74903,0
FRB20200115D,46.13332,-13.398231,0
FRB20200116A,23.22778,-18.682966,0
FRB20200116B,-9.173401,55.754986,0
FRB20200116D,16.891243,-14.937439,0
FRB20200116E,31.32486,42.35533,0
FRB20200117A,41.198593,9.858857,0
FRB20200117B,-2.6762948,54.14849,0
FRB20200117C,-23.526768,-32.703,0
FRB20200118A,52.58517,1.3316114,0
FRB20200118B,-30.9703,5.1315627,1
FRB20200118C,39.334106,12.084735,0
FRB20200118D,-26.40372,32.490986,1
FRB20200118E,43.13397,-24.648457,0
FRB20200118F,1.6783465,-37.419666,0
FRB20200118G,8.598044,-7.529266,0
FRB20200119A,-1.0186616,-49.23126,0
FRB20200119B,-30.03545,4.072627,0
FRB20200119C,-28.865442,-35.071426,0
FRB20200119D,11.305756,-13.426586,0
FRB20200119E,12.081535,-73.18013,0
FRB20200120A,-55.667942,-3.5209427,1
FRB20200120E,-39.947533,-20.888927,1
FRB20200120F,-7.075757,-14.178393,0
FRB20200120G,28.981619,-18.641676,0
FRB20200120I,37.250305,-26.941587,0
FRB20200121A,-44.857567,-25.95324,1
FRB20200122A,20.822533,13.280747,1
FRB20200122B,40.484203,20.159756,1
FRB20200122C,-0.21497308,-9.555298,1
FRB20200122D,-37.222164,2.596272,1
FRB20200122E,-29.231018,-5.7753463,1
FRB20200122F,2.528223,-19.923342,1
FRB20200122G,-24.578564,-0.4783752,1
FRB20200122K,26.171625,-30.808634,0
FRB20200122L,33.777573,-37.590637,0
FRB20200123A,23.889986,-33.280514,0
FRB20200124A,-49.480213,17.671045,1
FRB20200124B,-56.312233,-13.858117,1
FRB20200124C,-35.21686,-37.895573,0
FRB20200124D,-31.698013,-43.13612,0
FRB20200124E,-44.790962,-30.341423,0
FRB20200125B,41.166454,36.93073,0
FRB20200125C,-29.599495,30.404263,0
FRB20200125D,4.23459,-6.2194924,0
FRB20200125E,19.764603,-28.628271,0
FRB20200126A,-39.371513,-21.107153,0
FRB20200126B,23.81046,-29.745731,0
FRB20200126C,13.637862,-6.4671917,0
FRB20200126D,10.4311905,-36.60941,0
FRB20200127A,-5.3430376,-33.86744,0
FRB20200127B,45.37672,14.382446,1
FRB20200127C,42.96683,7.2091713,0
FRB20200128A,24.35533,30.52569,0
FRB20200128B,41.729218,39.728622,0
FRB20200128C,1.0657762,-40.112926,0
FRB20200129A,34.002014,-3.547352,0
FRB20200129B,16.690414,-13.221421,0
FRB20200130A,35.99421,43.204216,0
FRB20200130B,25.017231,16.02524,0
FRB20200131A,25.121132,31.034863,0
FRB20200131B,12.561821,-58.945545,0
FRB20200201A,50.737858,-5.2511444,0
FRB20200201B,23.196892,-34.80426,0
FRB20200202A,-48.173946,0.83653575,1
FRB20200202B,32.631897,45.391293,0
FRB20200203A,-45.563297,-16.128075,1
FRB20200203B,-11.735438,37.834007,0
FRB20200203C,-29.039604,-34.4654,0
FRB20200203D,4.5998616,39.6758,0
FRB20200203E,28.152843,-18.234108,0
FRB20200203H,25.453632,-18.78187,0
FRB20200204A,18.107115,6.9061513,0
FRB20200204B,-16.956568,-12.897653,1
FRB20200204C,-13.711025,46.315582,1
FRB20200204D,-52.078636,-12.493793,1
FRB20200204E,-51.074875,-13.836405,1
FRB20200204F,44.965187,22.827261,0
FRB20200204G,17.831438,37.820396,0
FRB20200204H,3.0843005,-51.196312,0
FRB20200204I,-8.331061,19.6806,0
FRB20200204K,23.191206,-35.28042,0
FRB20200205A,-10.58982,-16.44763,0
FRB20200205B,5.36158,-46.725048,0
FRB20200205C,24.615139,-17.57917,0
FRB20200205D,20.98923,40.5917,0
FRB20200206A,40.098877,35.26413,0
FRB20200206B,17.702255,-8.14957,0
FRB20200207A,26.425833,44.66267,0
FRB20200208A,29.346363,13.708379,0
FRB20200209A,48.74517,-17.139198,0
FRB20200210B,-25.781542,-10.169727,0
FRB20200212A,26.640738,43.636723,0
FRB20200213B,-49.407597,4.3478913,1
FRB20200213C,-17.412533,-13.412017,1
FRB20200213D,23.51927,38.531086,0
FRB20200213E,43.40977,-15.7937155,0
FRB20200214A,-53.42856,18.681307,1
FRB20200214B,-39.457508,30.934792,1
FRB20200214C,-30.539986,-27.970896,0
FRB20200215A,-17.10401,-14.641041,1
FRB20200215B,-6.793401,-12.126675,0
FRB20200216B,7.0413694,-11.618275,0
FRB20200217A,-7.615435,-38.233665,0
FRB20200218A,-0.08646322,-18.519243,0
FRB20200218B,-29.526371,-39.80151,0
FRB20200218C,-9.313059,29.934504,0
FRB20200218D,49.108803,0.88084227,0
FRB20200219B,50.72373,19.047365,1
FRB20200219C,49.442944,20.528399,0
FRB20200220A,-44.517498,18.798239,1
FRB20200220E,25.48584,-20.196476,0
FRB20200220F,46.79944,-0.27524695,0
FRB20200220G,31.642776,-19.569042,0
FRB20200220H,-40.70876,-23.142569,0
FRB20200220I,-35.38614,-35.31346,0
FRB20200221A,-42.528534,28.07504,1
FRB20200221B,-41.066975,-28.300116,0
FRB20200222A,-5.5988765,31.644869,0
FRB20200222B,1.4706715,53.96833,0
FRB20200222C,46.59744,-8.790067,0
FRB20200222D,31.936007,46.0373,0
FRB20200222E,49.271656,-5.100479,0
FRB20200223A,30.476254,-19.91568,0
FRB20200223B,-58.030724,-13.548287,1
FRB20200223C,-12.876701,-16.726105,0
FRB20200223D,26.420135,44.85184,0
FRB20200223E,32.534145,38.014107,0
FRB20200223F,40.439163,9.06547,0
FRB20200224A,-33.458836,25.66367,1
FRB20200224C,23.956675,-30.712603,0
FRB20200224D,20.122477,12.230709,0
FRB20200224E,-42.362392,-18.9244,0
FRB20200225A,-13.091258,25.083582,0
FRB20200225B,25.106571,-34.61337,0
FRB20200227A,-30.325865,-29.663115,0
FRB20200227B,-15.289733,-39.835945,0
FRB20200227C,-7.866936,19.89033,0
FRB20200229A,2.8485982,-41.13627,0
FRB20200229B,47.0586,-24.137037,0
FRB20200229C,2.1354454,-44.621845,0
FRB20200229D,-5.8360543,-29.652071,0
FRB20200301A,7.989469,-34.222336,0
FRB20200302A,-37.631058,26.483305,1
FRB20200302B,-29.93898,28.595304,0
FRB20200302C,33.18139,21.393738,0
FRB20200302E,14.820221,-27.662027,0
FRB20200302F,3.6729817,-30.673616,0
FRB20200302G,6.0250535,-36.268414,0
FRB20200302H,49.239025,-4.0496154,0
FRB20200304A,13.576239,-33.262596,0
FRB20200304B,35.005047,9.704152,0
FRB20200305A,-56.45531,-15.475295,1
FRB20200305B,33.159855,38.35531,0
FRB20200306A,-30.050673,-27.703733,0
FRB20200306B,-18.080807,-19.079054,0
FRB20200306C,27.535849,-16.638283,0
FRB20200307B,-37.674694,-19.669024,0
FRB20200307C,7.5448775,23.306374,0
FRB20200308A,11.364644,28.29668,0
FRB20200308B,-15.416716,-35.66604,1
FRB20200308C,44.187435,9.001596,0
FRB20200308D,44.628918,-0.49675128,0
FRB20200309A,15.585601,-18.513954,0
FRB20200309B,10.803807,40.088688,0
FRB20200310A,45.114304,-18.909122,0
FRB20200311A,10.133639,23.405695,0
FRB20200311B,-1.4574648,19.458807,0
FRB20200311C,5.659966,-30.536713,0
FRB20200311D,-42.339504,-26.500862,0
FRB20200311E,-8.457274,-30.141455,0
FRB20200312A,-49.928978,6.392669,1
FRB20200313A,-31.057135,-19.384798,0
FRB20200313C,-53.770386,4.6848507,1
FRB20200314A,-59.16156,2.2279387,1
FRB20200314B,46.00619,-19.92013,0
FRB20200314D,-8.544275,18.813375,0
FRB20200314E,6.602243,38.75922,0
FRB20200314F,32.941036,-5.6552153,0
FRB20200314G,9.586331,-7.6171427,0
FRB20200314H,12.4624605,-18.854572,0
FRB20200315A,-8.859871,54.938583,0
FRB20200315C,11.076369,10.22361,0
FRB20200315D,5.305391,18.582176,0
FRB20200316A,-34.64285,-35.41588,0
FRB20200316B,21.108858,-15.51494,0
FRB20200316C,25.830906,22.20191,0
FRB20200317A,9.413429,37.811813,0
FRB20200317B,48.30746,30.102953,0
FRB20200317C,0.11539803,42.524063,0
FRB20200317D,-42.812183,-14.272679,1
FRB20200317E,20.10059,-42.239132,0
FRB20200317F,3.887873,29.714966,0
FRB20200317G,52.46075,-6.905878,0
FRB20200317H,43.96032,-25.544685,0
FRB20200318A,3.3898926,-16.501608,0
FRB20200318B,-13.816943,36.3607,0
FRB20200319A,44.46236,-11.757872,0
FRB20200319B,10.973506,22.432484,0
FRB20200320A,-6.9653172,53.590714,0
FRB20200320B,15.039852,38.392258,0
FRB20200320C,-7.93467,-12.628429,0
FRB20200320D,46.265434,2.3423512,0
FRB20200320E,38.5154,0.4648618,0
FRB20200321B,22.05546,-32.372845,0
FRB20200321C,-30.382484,-29.031174,0
FRB20200321D,-7.1545014,29.250309,0
FRB20200321E,-40.154697,-23.61925,0
FRB20200321F,51.952515,-14.970448,0
FRB20200321G,-46.688164,-12.25483,1
FRB20200322C,41.045803,-20.275908,0
FRB20200323F,-31.241673,-1.8060715,0
FRB20200323G,20.010345,-7.249857,0
FRB20200324A,-27.94289,28.67659,1
FRB20200324E,30.252676,15.814048,0
FRB20200324F,-4.24564,26.647144,0
FRB20200324G,22.299406,-15.53329,0
FRB20200324H,32.90546,-6.9190474,0
FRB20200325A,51.688366,-16.0027,0
FRB20200326A,46.141785,9.928172,0
FRB20200327A,8.414813,-34.793472,0
FRB20200327B,40.928528,40.71944,0
FRB20200327C,-7.863477,-14.598343,0
FRB20200327D,11.593056,33.601845,0
FRB20200327E,34.195915,36.198032,0
FRB20200327F,38.38199,3.1143346,0
FRB20200327G,50.23297,-1.696553,0
FRB20200328A,41.419224,35.516113,0
FRB20200328C,48.50975,29.469429,0
FRB20200329A,22.39064,51.777004,0
FRB20200330A,10.9278145,-72.66672,0
FRB20200330B,26.20808,-17.507803,0
FRB20200401A,-2.4945743,-26.067333,0
FRB20200401B,-5.9312086,53.31342,0
FRB20200402A,31.60549,44.095566,1
FRB20200405B,24.898378,-17.685204,0
FRB20200412A,1.2458057,-18.47576,0
FRB20200412B,2.2695274,49.76082,0
FRB20200412C,-1.9319208,36.943317,0
FRB20200412D,45.831722,16.014097,0
FRB20200415A,23.580643,13.062145,0
FRB20200415B,51.20022,-0.09099635,0
FRB20200416A,-20.197424,-23.008768,0
FRB20200416B,46.010525,22.428997,0
FRB20200416C,31.37422,-17.12167,0
FRB20200416D,-36.573017,-34.77612,0
FRB20200417A,10.103069,-58.1997,0
FRB20200417B,46.9525,-11.202624,0
FRB20200417C,47.454964,1.2339885,0
FRB20200418A,-56.880917,-1.1520646,1
FRB20200418B,38.294464,25.911705,0
FRB20200419B,9.233645,-36.815586,0
FRB20200419C,-10.589281,28.596775,0
FRB20200420A,-50.46898,8.971649,1
FRB20200420B,52.544113,-20.413412,0
FRB20200420C,48.400043,-15.757568,0
FRB20200421A,45.784744,9.804555,0
FRB20200421B,0.30595267,-50.794838,0
FRB20200421C,25.171534,32.011894,0
FRB20200422A,-44.851795,-16.37515,1
FRB20200422B,-0.89344275,-52.798813,0
FRB20200422C,17.0519,48.979927,0
FRB20200422D,15.472041,9.767386,0
FRB20200423B,-45.879982,-13.473017,1
FRB20200423C,1.7096194,-37.46487,0
FRB20200423D,-22.857162,-33.33322,0
FRB20200423E,52.38712,-18.761084,0
FRB20200424A,-45.894398,-13.694114,1
FRB20200424B,24.009684,-32.618202,0
FRB20200424C,31.38364,-20.945398,0
FRB20200427A,23.719826,25.671528,0
FRB20200427B,18.894142,-33.341,0
FRB20200427C,-4.180783,32.68691,0
FRB20200428A,53.93809,-19.485973,0
FRB20200428B,37.80424,-18.839514,0
FRB20200428C,33.76626,-37.510048,0
FRB20200428D,-5.7939987,47.66795,0
FRB20200428E,11.699919,-9.551461,0
FRB20200429A,26.47508,-32.29826,0
FRB20200429B,7.13108,22.08119,0
FRB20200429C,12.803563,-34.03597,0
FRB20200429D,-28.965845,-27.909842,0
FRB20200430B,-10.580564,-30.313988,0
FRB20200430C,6.508004,-39.867996,0
FRB20200430D,-40.756897,-15.756223,0
FRB20200501A,16.436134,-7.776657,0
FRB20200501B,-41.88801,-30.802782,0
FRB20200501C,19.70227,-18.117134,0
FRB20200502A,-3.5407686,37.11637,0
FRB20200503A,21.56386,-20.290144,0
FRB20200503B,34.747787,14.125159,0
FRB20200504A,-23.477167,4.390795,0
FRB20200505A,-31.360556,-20.99563,0
FRB20200505B,32.626133,32.772266,0
FRB20200506A,2.059996,-33.488274,0
FRB20200506B,20.83063,-32.035862,0
FRB20200506C,50.772503,-22.212807,0
FRB20200506D,-50.200577,-10.687802,0
FRB20200506E,42.307674,-24.496418,0
FRB20200507A,23.537783,42.402756,0
FRB20200508B,47.420357,-3.3047974,0
FRB20200508C,48.81806,2.8872905,0
FRB20200508D,14.644061,-26.669607,0
FRB20200508E,25.426867,-20.984274,0
FRB20200508F,11.033184,-73.62734,0
FRB20200508G,47.5933,-16.409042,0
FRB20200509A,21.9086,-32.524147,0
FRB20200509B,2.4468102,-29.125742,0
FRB20200509C,0.1806402,-26.160118,0
FRB20200510A,-0.1273162,52.410675,1
FRB20200511A,40.867767,4.287661,0
FRB20200511B,-36.673428,-16.57866,0
FRB20200511C,-37.724903,-19.526909,0
FRB20200512A,-55.205093,-7.044063,1
FRB20200512B,15.112591,-36.1814,0
FRB20200512C,-40.947395,-25.553896,0
FRB20200512D,26.376152,-34.384407,0
FRB20200512E,-54.668518,-12.500934,0
FRB20200513A,-33.050274,27.858171,1
FRB20200513B,-49.28685,-15.374937,1
FRB20200514C,-27.298698,-38.850246,0
FRB20200514D,13.635078,30.584747,0
FRB20200514E,13.418778,-6.2820077,0
FRB20200515A,-5.923291,-34.21085,1
FRB20200516B,21.68344,35.97401,0
FRB20200516C,19.578756,8.71307,0
FRB20200516D,-27.85877,4.1163044,0
FRB20200516E,2.1401327,24.362139,0
FRB20200516F,11.368704,-71.81762,0
FRB20200516G,34.940674,31.460335,0
FRB20200516H,-0.7885088,-32.975426,0
FRB20200518B,15.661162,-43.697784,0
FRB20200519A,40.363037,36.759052,0
FRB20200519B,45.632214,24.71296,0
FRB20200519C,51.298725,-13.879536,0
FRB20200520A,8.983355,-33.943005,0
FRB20200520B,43.1758,11.686113,0
FRB20200521A,-30.462883,-23.506477,0
FRB20200521B,14.161225,-33.506035,0
FRB20200521C,-1.697857,20.7362,0
FRB20200521D,-5.450814,-33.984364,0
FRB20200522A,38.12531,38.089405,0
FRB20200522B,1.415626,-26.015295,0
FRB20200523B,6.121637,32.025024,0
FRB20200523C,30.913826,-20.534979,0
FRB20200523D,13.921825,-33.453655,0
FRB20200523E,31.281164,-18.629658,0
FRB20200524A,9.502466,39.298653,0
FRB20200525A,50.616634,33.46548,0
FRB20200525B,-37.792793,32.33282,0
FRB20200525C,44.922977,16.850334,0
FRB20200530A,7.690804,-15.730777,0
FRB20200530B,23.964474,-20.082165,0
FRB20200530C,-16.057417,-37.646187,0
FRB20200530D,10.533615,-73.73881,0
FRB20200603A,3.5945673,-30.655006,0
FRB20200603B,-11.478112,28.957233,0
FRB20200606A,-9.869431,22.53547,0
FRB20200606B,5.017528,-45.41737,0
FRB20200607B,10.364101,-15.571333,0
FRB20200607C,12.549964,-58.759323,0
FRB20200607D,18.478994,-6.87522,0
FRB20200607E,30.84633,5.9220834,0
FRB20200608A,27.11095,-18.67357,0
FRB20200609A,33.43428,46.93428,0
FRB20200609B,25.444107,-33.12802,0
FRB20200609C,-0.3622132,-44.582214,0
FRB20200609D,29.607704,-16.266289,0
FRB20200610A,25.639145,23.339851,0
FRB20200610B,15.9254265,-26.580713,0
FRB20200610C,0.27128938,-41.82148,1
FRB20200612A,-16.951868,-15.476644,0
FRB20200613A,-34.376816,27.996494,1
FRB20200613B,-33.082653,-6.7433047,0
FRB20200613C,-45.145535,20.580809,1
FRB20200613D,-1.1400396,-40.997826,0
FRB20200614A,-30.205482,6.771428,1
FRB20200614B,-33.672848,31.533028,1
FRB20200615A,8.811118,37.133896,0
FRB20200615B,30.081608,-19.121334,0
FRB20200615C,-35.710213,36.161198,0
FRB20200615D,-28.247768,31.053783,0
FRB20200616B,-25.233522,-25.804876,0
FRB20200617A,-29.513775,6.677063,0
FRB20200617B,46.647102,-13.09542,0
FRB20200617C,-18.665628,-17.010244,1
FRB20200618A,-37.188457,-25.038664,0
FRB20200619A,-28.423115,26.256643,1
FRB20200620A,18.72633,-42.47485,0
FRB20200620B,9.738181,-74.39095,0
FRB20200620C,45.15653,-25.14984,0
FRB20200620D,24.946592,7.2013526,0
FRB20200621A,-45.947872,-10.374979,1
FRB20200621B,-4.7739563,21.496578,0
FRB20200621C,-51.173927,-13.771272,1
FRB20200621D,-7.690409,21.218077,1
FRB20200622A,-57.09091,-15.502203,1
FRB20200623A,25.01583,-13.394794,0
FRB20200623B,-27.15309,-40.276424,0
FRB20200624A,-23.752052,-32.221226,0
FRB20200624B,45.090965,-19.694365,0
FRB20200624C,31.871008,-5.468747,0
FRB20200624D,51.58195,-3.2270083,0
FRB20200625A,-5.738546,-36.502483,0
FRB20200626A,25.018991,-22.413103,0
FRB20200626B,-41.35621,-22.314167,0
FRB20200627B,-12.030212,30.968277,0
FRB20200627C,47.002037,-13.127379,0
FRB20200627D,38.577904,10.839626,0
FRB20200627E,38.542797,38.58543,0
FRB20200627F,36.17306,9.43507,0
FRB20200628A,16.126877,-14.720294,1
FRB20200628B,29.740013,17.56533,0
FRB20200628C,10.112296,-38.149464,0
FRB20200628D,22.150042,-5.5363736,0
FRB20200629A,-39.019215,-33.58684,0
FRB20200629B,34.375256,-10.778684,0
FRB20200629C,-44.577232,3.453094,1
FRB20200629D,21.678238,-43.19324,0
FRB20200629E,46.535152,19.427778,0
FRB20200701A,-33.929283,5.7853937,1
FRB20200701C,-8.841145,-37.41825,0
FRB20200701D,1.1860452,-31.326998,0
FRB20200701E,-28.485815,-31.65125,0
FRB20200701F,31.059278,-20.891441,0
FRB20200701G,2.910818,-51.170815,0
FRB20200701H,-2.410203,-11.228742,0
FRB20200702A,52.108,-5.149069,0
FRB20200702B,-26.762182,31.570852,1
FRB20200702C,-54.65179,-9.050891,1
FRB20200702D,2.23712,36.971508,0
FRB20200703A,13.010713,-23.515789,0
FRB20200704A,-4.3255825,23.891523,0
FRB20200705A,17.897858,8.856852,0
FRB20200705B,13.803634,-69.64106,0
FRB20200705C,16.85682,-43.030525,0
FRB20200705D,-59.02346,-13.831187,0
FRB20200706A,-15.173043,-28.746996,0
FRB20200707A,-1.2033259,22.817148,1
FRB20200708A,-21.592041,-41.56013,0
FRB20200708B,15.764021,-27.69791,0
FRB20200708C,-28.576288,-36.97353,0
FRB20200708D,4.6822968,19.687975,0
FRB20200709A,42.424343,-22.190935,0
FRB20200709B,-1.1254953,-46.214363,0
FRB20200709C,-35.252663,28.090307,1
FRB20200710A,14.940726,-29.209238,0
FRB20200710B,12.448692,-23.523386,0
FRB20200710C,2.4276407,24.727499,0
FRB20200710D,-0.9488367,49.970806,0
FRB20200711A,11.646428,28.331728,0
FRB20200711B,-15.333979,-39.744465,0
FRB20200711C,25.582281,-30.121635,0
FRB20200711D,19.629261,46.48838,0
FRB20200711E,-43.80887,-15.986607,0
FRB20200711F,33.384388,47.926132,0
FRB20200712A,-42.214428,-10.871233,0
FRB20200713A,43.876564,24.709608,0
FRB20200713B,-17.969934,-25.359982,0
FRB20200713C,25.898632,46.92454,0
FRB20200714A,22.761637,39.539284,0
FRB20200714B,-21.13816,-39.570217,0
FRB20200714C,-2.038639,-44.466633,0
FRB20200715A,38.861927,43.05441,0
FRB20200715B,33.268,34.677937,0
FRB20200715C,-28.949554,-4.5461607,0
FRB20200716A,35.007965,43.839787,0
FRB20200717A,6.216699,32.574978,0
FRB20200717B,29.282537,48.070255,0
FRB20200717C,-46.85463,3.6035638,1
FRB20200717D,-27.670782,31.469067,1
FRB20200717E,-40.353996,-29.95537,0
FRB20200718A,-45.217533,-22.076765,1
FRB20200718B,43.673138,26.136156,0
FRB20200718C,42.447723,8.130304,0
FRB20200718D,-35.68147,-38.604168,0
FRB20200719B,2.3810043,40.494713,0
FRB20200720A,19.578346,9.992907,0
FRB20200720B,-0.3114224,-30.829521,0
FRB20200721A,14.209636,10.683812,0
FRB20200721B,26.705458,-21.027863,0
FRB20200721C,45.972233,14.848034,0
FRB20200721D,25.241531,-13.111032,0
FRB20200721E,46.672245,-14.517709,0
FRB20200722A,20.812166,-14.169256,0
FRB20200722B,23.636429,-29.349676,0
FRB20200722C,36.012413,-33.868824,0
FRB20200723A,-27.15784,3.267706,0
FRB20200723B,9.8919735,-59.945896,0
FRB20200724A,-37.2543,2.62423,1
FRB20200724B,-3.1543963,-47.648705,0
FRB20200724C,-0.59834194,-23.865637,0
FRB20200725A,1.2552141,-33.939598,0
FRB20200725B,13.598293,15.032318,1
FRB20200726A,19.528624,13.797595,0
FRB20200726B,33.818153,-36.214596,0
FRB20200726C,16.894646,35.7844,0
FRB20200726D,-52.652725,-8.290837,1
FRB20200726E,-4.278043,36.257935,0
FRB20200726F,-9.059914,26.00742,0
FRB20200727A,22.457527,-42.25032,0
FRB20200728A,-31.759926,-42.524437,0
FRB20200729A,-48.525166,1.6525005,1
FRB20200729B,28.829475,-22.314224,0
FRB20200801A,-32.02903,26.91087,1
FRB20200801B,34.54503,24.153925,0
FRB20200801C,-21.232899,-12.000057,1
FRB20200801D,-6.705602,-15.396822,0
FRB20200804A,50.854633,18.979116,0
FRB20200805A,46.33632,10.797264,0
FRB20200806A,-33.85924,-38.073647,0
FRB20200806B,-29.232794,-33.391434,0
FRB20200806C,13.55104,-71.206024,0
FRB20200807A,-3.4165437,-48.72207,0
FRB20200807B,23.919092,-20.386166,0
FRB20200807C,37.43308,-3.0484505,0
FRB20200808A,45.121155,16.910793,0
FRB20200808B,9.9370165,23.416723,0
FRB20200809A,2.0275295,-39.657093,0
FRB20200809B,45.18647,-15.468761,0
FRB20200809C,50.613182,-2.2187207,0
FRB20200809D,-13.119159,-16.797148,0
FRB20200809E,-33.77389,31.023018,1
FRB20200809F,23.86615,-32.610416,0
FRB20200809G,-54.49877,-9.4256935,1
FRB20200810A,42.35146,-21.78194,0
FRB20200810B,18.457201,-42.709736,0
FRB20200811A,-6.416157,36.04676,0
FRB20200812A,2.5380123,-32.791267,0
FRB20200812B,7.39645,-40.563606,0
FRB20200813A,28.9663,-17.799713,0
FRB20200813B,34.19972,3.128271,0
FRB20200813C,3.1873748,-7.514665,0
FRB20200813D,52.46038,33.762753,0
FRB20200814A,42.222866,35.398033,0
FRB20200814B,-31.258696,4.6930285,0
FRB20200814C,14.192352,-12.86935,0
FRB20200814D,25.382809,-18.66921,0
FRB20200814E,-2.194427,26.243862,0
FRB20200814F,47.969234,-11.2912035,0
FRB20200814G,38.141457,-19.038385,1
FRB20200814H,7.6125555,-41.48543,0
FRB20200815A,1.2944583,-37.60323,0
FRB20200816A,0.5934406,-24.160336,0
FRB20200816B,-17.731249,-36.224453,0
FRB20200817A,52.050667,-6.625492,0
FRB20200819A,43.218155,12.175227,0
FRB20200820A,-9.565128,48.073383,1
FRB20200821A,-4.981254,-43.137444,0
FRB20200821B,-50.807175,-11.709618,1
FRB20200822A,42.96237,-14.024054,0
FRB20200823A,-30.18053,-2.6076362,0
FRB20200823B,37.357834,32.9749,0
FRB20200824A,8.942081,39.849842,0
FRB20200824B,22.795036,-42.452637,0
FRB20200824C,15.874145,9.979948,0
FRB20200824D,43.189896,-4.8023806,0
FRB20200825A,33.88907,-11.536705,0
FRB20200826A,28.875864,-10.115036,0
FRB20200826B,18.900595,15.170714,0
FRB20200826C,43.58209,20.858114,0
FRB20200828A,38.78045,-20.422049,0
FRB20200828B,4.3417397,-36.032673,0
FRB20200828C,-27.615488,-38.197163,0
FRB20200828D,0.30937853,-27.983036,0
FRB20200828E,9.797784,37.96741,0
FRB20200829A,-39.722046,-20.397858,1
FRB20200830A,49.473854,-0.92310196,0
FRB20200830B,-2.8759575,-30.24118,0
FRB20200831A,-2.675708,-32.35614,0
FRB20200901A,-29.205368,30.59291,0
FRB20200902A,11.439134,22.176815,0
FRB20200902B,25.764317,-25.183939,0
FRB20200902C,-6.044532,-18.988554,0
FRB20200903A,-53.563282,-13.571788,1
FRB20200903B,-45.1913,-15.385171,1
FRB20200903C,27.48587,17.476288,0
FRB20200903D,9.094789,-40.091614,0
FRB20200904A,38.95827,30.858484,0
FRB20200904B,-44.730667,-30.35314,1
FRB20200904C,-20.424505,-22.801619,0
FRB20200905A,45.29414,-6.8624225,0
FRB20200905B,-59.667862,1.4722546,1
FRB20200905C,-52.691936,-12.147876,1
FRB20200908A,-0.44403425,-30.957827,0
FRB20200908B,30.469654,-0.327265,0
FRB20200909A,-39.78712,23.366676,1
FRB20200909B,-6.6055474,54.894844,0
FRB20200909C,27.035053,19.645405,0
FRB20200910A,8.038949,-11.849475,0
FRB20200910B,4.0349817,25.96341,0
FRB20200912A,7.827124,-31.28397,0
FRB20200913A,38.441856,22.826277,0
FRB20200913B,7.2767587,-18.222235,0
FRB20200913C,27.000652,23.256632,1
FRB20200914A,39.63942,-31.883257,0
FRB20200914B,22.619621,-20.053326,0
FRB20200914C,42.62839,-14.864605,1
FRB20200915B,10.015143,-56.079674,0
FRB20200915C,-8.415459,22.893473,0
FRB20200915D,29.94997,-9.1706915,0
FRB20200916A,-7.69025,-12.6047125,0
FRB20200916B,-30.706142,-26.967916,0
FRB20200916C,23.127893,22.317005,0
FRB20200917A,-10.25037,38.716347,0
FRB20200917B,-12.687352,35.47016,0
FRB20200917C,12.026503,-14.623067,0
FRB20200918A,53.816135,22.452095,0
FRB20200918B,-1.0191077,-40.8954,0
FRB20200918C,18.751902,-15.290003,0
FRB20200919A,19.335155,7.849673,0
FRB20200919B,-45.278103,24.79431,1
FRB20200919C,-25.614204,-26.700222,0
FRB20200920A,37.37513,-2.3171406,0
FRB20200920B,15.292381,-35.03821,0
FRB20200921A,11.84164,33.423748,0
FRB20200921B,16.696966,28.331781,0
FRB20200921C,41.340645,3.7143073,0
FRB20200922A,49.27126,-3.764405,0
FRB20200922B,0.42394093,-45.491436,0
FRB20200922C,51.976685,-1.7005466,0
FRB20200923A,26.583134,-21.30806,0
FRB20200923B,34.267372,-36.42308,0
FRB20200923C,40.720947,14.840939,0
FRB20200924A,28.415628,-29.9574,0
FRB20200925A,33.9458,-18.75536,0
FRB20200925B,45.364834,-4.1260905,0
FRB20200926A,-36.659584,25.08949,1
FRB20200927A,38.88514,-20.493149,0
FRB20200927B,44.89241,-11.088515,0
FRB20200927C,29.323915,-4.128981,0
FRB20200927D,2.852926,-32.35101,0
FRB20200928A,7.2887983,20.600126,0
FRB20200928B,-29.407322,9.777305,0
FRB20200929A,22.351316,-27.30287,0
FRB20200929B,40.223534,9.026498,0
FRB20200929C,-58.75846,20.408363,1
FRB20200929E,14.389249,-55.24545,0
FRB20200930A,32.16466,11.742024,0
FRB20201001A,21.549496,-23.685385,0
FRB20201001B,24.123116,22.645426,0
FRB20201002A,10.209522,-24.83423,0
FRB20201002B,25.35935,-12.299367,0
FRB20201003A,-6.561892,36.13496,0
FRB20201003B,0.022991002,24.111582,0
FRB20201004A,3.3328934,21.046116,0
FRB20201004B,-55.817333,14.58649,1
FRB20201007A,-20.49802,-0.48968524,0
FRB20201008A,27.155876,47.30144,0
FRB20201009A,38.700912,23.758059,0
FRB20201010A,10.627546,-57.56316,0
FRB20201010B,25.774694,50.03982,0
FRB20201010C,7.1976376,-40.256897,0
FRB20201010D,29.090519,-24.43531,0
FRB20201011A,17.931772,49.248684,0
FRB20201013A,-20.307125,-38.521286,0
FRB20201014A,-26.231388,3.7143943,0
FRB20201014B,-61.241917,-7.970392,1
FRB20201015A,-42.71396,-31.749012,0
FRB20201015B,25.767092,47.149014,0
FRB20201016A,35.60596,12.664194,0
FRB20201017A,-23.5142,-32.06183,0
FRB20201017B,-23.582512,-37.17211,0
FRB20201017C,4.6614523,21.544186,0
FRB20201017D,10.2605915,-21.151443,0
FRB20201017E,-21.343393,-33.93026,0
FRB20201017F,36.27247,-11.519962,0
FRB20201017G,6.4828305,23.770144,0
FRB20201018A,59.991936,28.37683,0
FRB20201018B,-42.21301,-24.329405,1
FRB20201018C,-44.321297,2.314759,1
FRB20201018D,29.565098,10.090734,0
FRB20201018E,7.9264073,19.256546,0
FRB20201019A,60.387054,23.746826,0
FRB20201019B,42.115467,-17.22997,0
FRB20201022A,-19.371063,-32.226562,0
FRB20201022C,-37.234344,-23.765028,0
FRB20201022D,-43.05949,19.75189,1
FRB20201023A,2.5218954,-39.302948,0
FRB20201023B,-52.0051,-16.660454,1
FRB20201023D,50.236862,33.47678,0
FRB20201024A,14.841901,12.479949,0
FRB20201026A,58.98936,11.184158,0
FRB20201026B,-3.447809,-24.196453,0
FRB20201026C,-1.3433031,50.083607,0
FRB20201026D,46.22356,19.534855,0
FRB20201026E,26.344002,13.287799,0
FRB20201026F,18.131207,-44.056465,0
FRB20201027A,31.18223,-24.260426,0
FRB20201028A,20.129124,45.11475,0
FRB20201029A,6.6966066,34.600784,0
FRB20201029B,14.645565,15.531146,0
FRB20201029C,0.2727521,51.27324,0
FRB20201030A,40.9786,35.994522,0
FRB20201030B,19.951717,47.287407,1
FRB20201030C,49.873505,-13.381552,0
FRB20201031A,33.351833,-8.359642,0
FRB20201031B,-0.009286037,52.916523,0
FRB20201031C,42.05871,20.627125,0
FRB20201031D,27.560614,-33.305763,0
FRB20201101A,27.669668,11.413306,0
FRB20201101B,43.043056,15.898711,0
FRB20201102A,32.982536,-21.740965,0
FRB20201102B,-8.012031,33.648483,0
FRB20201102C,49.220764,27.369875,0
FRB20201103A,-56.706345,-15.6767435,1
FRB20201103B,15.516935,-18.440548,0
FRB20201103C,-11.070523,-29.070824,0
FRB20201104A,-24.515898,26.996227,0
FRB20201104B,31.0117,-16.344025,0
FRB20201105A,28.706554,-20.252438,0
FRB20201105B,16.928413,11.879055,0
FRB20201105C,31.692293,-23.41382,0
FRB20201105D,-8.55493,41.369785,0
FRB20201107A,13.000439,15.751321,0
FRB20201107B,16.498579,15.486384,0
FRB20201108A,21.987925,40.365646,0
FRB20201108B,37.03824,-11.860348,0
FRB20201108C,23.816711,-19.178247,0
FRB20201109A,52.142536,-4.9235144,0
FRB20201109B,24.123138,8.79314,0
FRB20201110A,11.423486,14.667536,0
FRB20201110B,-3.1226587,-45.746384,0
FRB20201111A,54.817867,-7.949026,1
FRB20201111B,46.492134,9.397694,0
FRB20201112A,47.046036,-17.482233,0
FRB20201112B,-46.18172,-19.700392,0
FRB20201113A,6.261123,-38.611584,0
FRB20201113B,44.741734,16.178946,0
FRB20201114A,-52.791138,-3.8063831,1
FRB20201115A,-2.9369338,50.827187,0
FRB20201115B,9.783611,-40.758728,0
FRB20201116A,59.0713,22.38003,0
FRB20201117A,34.836643,-7.394732,0
FRB20201118A,-34.4763,-32.338165,0
FRB20201118B,51.403877,17.723194,0
FRB20201118C,24.688744,-32.36043,0
FRB20201119A,-29.341671,-25.85376,0
FRB20201120A,44.53922,32.277756,0
FRB20201120B,-3.1679883,-23.126862,0
FRB20201120C,-7.6870074,54.69617,0
FRB20201121A,-35.748505,-19.866589,0
FRB20201122A,59.55521,22.232378,0
FRB20201123B,-14.331963,-40.193756,0
FRB20201123C,33.067295,-18.552362,0
FRB20201123D,-45.993423,25.55931,1
FRB20201123E,-3.0099912,-16.642565,0
FRB20201123F,51.518593,-11.550721,0
FRB20201124A,-47.70222,15.333624,1
FRB20201124B,-26.541746,-13.488108,1
FRB20201124C,5.183187,21.094976,0
FRB20201124D,-5.1585546,52.9709,0
FRB20201124E,-14.139129,-13.958367,1
FRB20201125A,40.61084,-27.388382,0
FRB20201125B,56.56858,-16.030264,1
FRB20201126A,16.831673,-6.592774,0
FRB20201126B,44.48676,21.287355,0
FRB20201126C,23.60642,52.097668,0
FRB20201127A,0.024522094,28.32907,0
FRB20201127B,16.349155,-24.678293,0
FRB20201127C,-12.6574545,-14.310307,0
FRB20201128A,7.5021434,-16.095377,0
FRB20201128B,36.669334,42.477745,0
FRB20201128C,19.737488,34.988453,0
FRB20201128D,0.4707946,50.45995,0
FRB20201128E,-1.2213019,49.715385,0
FRB20201129A,49.610542,18.539658,1
FRB20201129B,6.7367873,35.85404,0
FRB20201129C,-26.336752,34.638298,0
FRB20201129D,-29.88327,-35.508213,0
FRB20201130A,-37.044704,-13.994532,1
FRB20201130B,27.193064,17.711359,0
FRB20201201A,-17.043997,-18.987806,1
FRB20201201B,-37.656296,4.860241,1
FRB20201202A,38.638264,23.895,0
FRB20201202B,-32.30006,-35.246647,0
FRB20201202C,30.522688,-22.93153,0
FRB20201202D,12.336581,-20.304731,0
FRB20201203A,35.213646,13.619936,0
FRB20201203B,-6.3493834,-34.90432,0
FRB20201203C,-44.19082,21.888693,1
FRB20201204A,-2.565315,-44.159527,0
FRB20201204B,59.96334,28.131092,0
FRB20201204C,45.381966,-20.042336,0
FRB20201204D,-45.704224,-21.33361,1
FRB20201205A,0.32406387,-34.74063,0
FRB20201205B,25.874002,-25.723293,0
FRB20201205C,8.960909,13.13864,0
FRB20201205D,-0.31782183,-30.921816,0
FRB20201206B,51.34687,-17.135365,0
FRB20201206C,2.3060734,40.32776,0
FRB20201206D,-40.876747,-28.148706,0
FRB20201206E,7.6793265,27.359333,0
FRB20201207A,-5.126207,-28.343893,0
FRB20201207B,44.134754,26.276762,0
FRB20201207C,-6.5524354,18.88314,0
FRB20201207D,20.348127,38.489235,0
FRB20201207E,-25.017717,5.666058,0
FRB20201207F,39.16032,-24.056122,0
FRB20201208A,-3.905398,-43.684334,0
FRB20201209A,21.036581,-5.905418,0
FRB20201210A,-34.08169,-12.001875,1
FRB20201210B,-47.94865,4.2480507,1
FRB20201210C,21.974854,54.398117,0
FRB20201210D,36.85345,-4.8279862,0
FRB20201212A,-7.275211,30.300913,0
FRB20201212B,10.072295,26.936766,0
FRB20201212C,10.15426,27.003538,0
FRB20201212D,26.977846,23.34273,0
FRB20201212E,21.684929,-19.95621,0
FRB20201212F,-47.009197,-21.208742,1
FRB20201213A,10.623263,-14.973954,0
FRB20201214A,-31.24604,-30.47387,0
FRB20201214B,-18.95576,-24.926752,0
FRB20201215A,-8.491751,18.276575,0
FRB20201215B,-12.556545,35.923717,0
FRB20201215C,-41.967724,-12.60717,1
FRB20201215D,31.94959,-31.563066,0
FRB20201215E,27.485407,-34.278366,0
FRB20201216A,-22.963224,-12.596449,0
FRB20201216B,-28.593184,-39.2067,0
FRB20201216C,-53.05635,-5.058746,1
FRB20201216D,55.91882,7.812308,0
FRB20201216E,-54.8175,19.543371,0
FRB20201217A,-10.6540575,-30.808376,0
FRB20201217B,-4.0160804,-46.172523,0
FRB20201218A,-26.743858,7.9458084,0
FRB20201218B,41.279102,37.687305,0
FRB20201218C,1.4318327,-18.23492,0
FRB20201218D,54.340168,-20.492798,0
FRB20201219A,-49.712498,1.3921332,1
FRB20201219B,-35.934933,-27.445156,0
FRB20201220A,40.41724,-12.748216,0
FRB20201220B,20.328577,46.21432,0
FRB20201220C,7.3217845,29.996176,0
FRB20201221A,2.273053,-41.79051,0
FRB20201221B,-2.5583014,-10.036622,1
FRB20201222A,16.763979,43.982147,0
FRB20201223A,-1.8745863,-11.279593,1
FRB20201223B,-17.452091,-28.162369,0
FRB20201223C,1.685512,-51.066284,0
FRB20201224A,6.556755,23.709204,1
FRB20201224B,0.19706601,29.307377,0
FRB20201225A,30.913277,39.870625,0
FRB20201225B,-35.86213,34.541237,1
FRB20201225C,-4.0636754,-42.394665,0
FRB20201225D,-33.130116,-6.620367,1
FRB20201225E,23.311064,-21.599714,0
FRB20201225F,4.1847215,-12.761413,0
FRB20201225G,3.068279,-34.357277,0
FRB20201226A,17.086082,-27.921228,0
FRB20201226B,-16.76616,-14.4615965,0
FRB20201226C,-38.59726,-33.289288,0
FRB20201227A,-17.343712,-42.320297,1
FRB20201228A,-55.73781,8.511708,1
FRB20201228B,-7.8139963,-39.35574,0
FRB20201228C,-2.6190038,-45.126575,0
FRB20201228D,19.685053,-25.930079,0
FRB20201228E,-25.9914,0.7159601,0
FRB20201229A,-24.123728,27.318281,0
FRB20201229B,-0.39404008,19.191446,0
FRB20201229C,-49.710945,1.8130519,1
FRB20201229D,11.742258,-18.68679,0
FRB20201230A,8.794971,18.876028,0
FRB20201230B,23.359861,52.090508,0
FRB20201230C,54.85184,8.207894,0
FRB20201230D,59.29677,22.388622,0
FRB20201230E,-40.871593,-31.072187,0
FRB20201231A,10.156214,-57.61384,0
FRB20201231B,12.265802,-70.39803,0
FRB20210101A,28.549892,50.219322,0
FRB20210101B,-11.03157,-18.664103,0
FRB20210101C,48.318565,-16.912416,0
FRB20210101D,-6.8580394,21.551683,0
FRB20210101E,1.6176602,30.612831,0
FRB20210102A,-12.86654,-38.039753,0
FRB20210103A,-32.569756,-36.003105,0
FRB20210103B,41.87951,0.5232885,0
FRB20210103C,-22.821947,-11.389213,0
FRB20210103D,11.687627,-58.223732,0
FRB20210104B,-37.082222,-33.110962,0
FRB20210104C,9.408911,10.614755,0
FRB20210104D,41.613503,-15.884672,0
FRB20210104E,18.62999,33.453384,0
FRB20210104F,21.821323,-21.338636,0
FRB20210105A,-39.17091,-18.492884,0
FRB20210105B,5.8139353,39.40336,0
FRB20210105C,12.3785305,26.470493,0
FRB20210105D,25.504139,-9.11858,0
FRB20210105E,23.584005,-5.250031,0
FRB20210105F,-55.85126,-5.943695,0
FRB20210105G,-48.929104,-9.589248,1
FRB20210106A,-5.6345577,24.425312,0
FRB20210106B,44.03768,5.987801,0
FRB20210106C,-3.0997276,23.152554,0
FRB20210107A,7.005121,-33.923584,0
FRB20210108A,-4.74426,21.542137,0
FRB20210109A,39.539032,-23.30723,0
FRB20210109B,22.756252,-21.838623,0
FRB20210110A,26.506895,-25.615864,0
FRB20210110B,23.103745,-25.556341,0
FRB20210110C,44.23084,-23.936888,0
FRB20210111A,-1.1953971,-9.658793,0
FRB20210111B,-0.87103206,-22.567638,0
FRB20210111C,-6.7589574,-14.369901,0
FRB20210111D,-27.964993,6.159389,0
FRB20210111E,-42.350677,3.5839314,1
FRB20210111F,52.06524,7.9690585,0
FRB20210112A,61.030212,26.299547,0
FRB20210112B,20.893835,-23.706993,0
FRB20210113A,14.8471365,-29.61509,0
FRB20210113B,26.268051,6.5917573,0
FRB20210113C,-4.061428,20.586134,0
FRB20210113D,33.31514,8.496409,1
FRB20210113E,-11.121884,-28.596895,0
FRB20210114A,12.639741,-70.47613,0
FRB20210114B,-51.329807,-1.8331779,1
FRB20210114C,38.016644,37.93189,0
FRB20210114D,-19.290598,-35.692913,0
FRB20210115A,7.862218,23.94563,0
FRB20210115B,0.4164398,-10.365122,0
FRB20210115C,-54.451473,-9.801871,1
FRB20210115D,-46.691425,-22.277552,0
FRB20210116A,-13.650181,-14.109575,0
FRB20210116B,-3.539561,-47.394737,0
FRB20210117B,-17.005543,-41.586403,0
FRB20210117C,14.723524,-9.811,0
FRB20210117D,-28.318874,4.3180385,0
FRB20210117E,-20.189634,-11.782984,1
FRB20210117F,-51.036003,-10.570998,1
FRB20210118A,-5.5849013,22.988455,0
FRB20210118B,-32.87038,-6.869647,1
FRB20210118C,10.383596,-74.06154,0
FRB20210119A,48.703922,15.665315,0
FRB20210119B,-4.872498,31.737604,0
FRB20210120A,8.394586,-38.780117,0
FRB20210121A,37.023624,41.688663,0
FRB20210122A,-3.2490826,-43.48459,0
FRB20210122B,15.423728,15.82509,0
FRB20210123A,10.097951,-36.454796,0
FRB20210123B,-4.022583,-32.496292,0
FRB20210123C,-5.19629,44.625034,0
FRB20210123D,10.174312,13.847388,0
FRB20210123E,53.830246,-18.984657,0
FRB20210124B,-9.713202,-36.827126,0
FRB20210124C,-39.09262,-27.139202,0
FRB20210124D,-32.422535,-35.475277,0
FRB20210125A,7.288577,-10.636723,1
FRB20210125B,-7.830098,-39.007942,0
FRB20210125C,3.0333874,-37.05032,0
FRB20210125D,14.532776,-9.803671,0
FRB20210125E,15.514527,-12.075783,0
FRB20210126A,22.964869,35.85412,0
FRB20210126B,47.489662,-4.620376,0
FRB20210127B,49.653557,26.872086,0
FRB20210127C,31.750837,34.630283,0
FRB20210127D,48.44726,-6.046937,0
FRB20210127E,-44.155704,-21.887373,1
FRB20210128A,25.479021,-24.662752,0
FRB20210128B,-39.973873,22.318968,1
FRB20210129A,29.77344,10.854092,0
FRB20210129B,49.93163,0.06815981,0
FRB20210129C,-56.226357,-13.438609,1
FRB20210129D,59.09626,23.609932,0
FRB20210129E,-43.542908,-5.2059164,1
FRB20210130A,49.85803,-22.730932,0
FRB20210130B,29.112976,15.6395035,0
FRB20210130C,13.056649,-30.258396,0
FRB20210130D,-9.148561,30.39426,0
FRB20210130E,-28.780777,27.787333,1
FRB20210130F,3.7048879,16.042103,0
FRB20210130G,41.054783,-15.745085,0
FRB20210130H,-55.2982,0.04108802,1
FRB20210130I,-51.672585,19.970184,1
FRB20210131A,-43.826927,22.017817,1
FRB20210131B,29.3844,-23.532387,0
FRB20210201A,-32.16513,-34.07212,0
FRB20210202A,-9.18556,22.033796,0
FRB20210202B,48.525185,-6.0997715,0
FRB20210202C,47.13612,-27.977695,0
FRB20210203A,35.935642,-9.847577,0
FRB20210203B,-56.56653,-16.346731,1
FRB20210203C,-53.728394,-7.8774734,1
FRB20210203D,49.788815,-26.437191,0
FRB20210203E,10.285585,-56.76817,0
FRB20210204A,29.39262,14.981841,0
FRB20210204B,-23.073822,-32.562508,0
FRB20210204C,17.800535,-15.282182,0
FRB20210204D,12.848589,-20.859072,0
FRB20210205A,-7.740487,-41.515152,0
FRB20210205B,24.407274,8.451203,0
FRB20210205C,17.729183,12.951047,0
FRB20210205D,-31.75155,-7.6873965,1
FRB20210206A,-11.645961,28.823036,0
FRB20210206B,39.140736,-1.0038643,0
FRB20210207A,-52.267193,-10.636927,1
FRB20210207B,52.62712,2.7846754,0
FRB20210207C,-13.324077,-29.19668,0
FRB20210207D,51.264355,-6.106427,0
FRB20210207E,-42.069874,-24.41411,0
FRB20210207F,21.629055,-23.904959,0
FRB20210207G,6.6027575,-15.013484,0
FRB20210208A,17.104214,15.548516,0
FRB20210208B,-49.480095,1.2751775,1
FRB20210208C,-22.49449,3.8642433,0
FRB20210208D,1.5210944,-34.91136,0
FRB20210209A,5.001252,-23.420292,0
FRB20210209B,-51.802105,-8.233409,1
FRB20210209C,-49.10022,3.0595932,1
FRB20210209D,-0.70890814,-30.238567,0
FRB20210210A,14.492472,9.6291065,0
FRB20210211A,-42.20109,8.7988205,1
FRB20210211B,-56.95498,-8.7767105,0
FRB20210211C,4.1214857,-11.396485,0
FRB20210211D,2.0549088,-6.531023,0
FRB20210211E,3.413784,-6.201865,0
FRB20210212A,-27.236324,-20.791786,0
FRB20210212B,-2.3102498,23.809395,0
FRB20210212C,-18.757229,-16.16305,1
FRB20210212D,-8.257844,19.362991,0
FRB20210212E,49.912025,26.36229,0
FRB20210212F,33.583767,-21.273113,0
FRB20210213A,-7.3703337,-17.89025,0
FRB20210213B,35.470806,-12.829259,0
FRB20210213C,28.225931,13.371773,0
FRB20210213D,-17.654066,-18.859804,0
FRB20210213E,19.61774,-4.3459005,0
FRB20210213F,-54.480618,0.7154366,1
FRB20210213G,15.7807865,-44.034092,0
FRB20210213H,-3.476656,-32.37486,0
FRB20210214A,-23.422792,-40.694096,0
FRB20210214B,31.92491,42.804234,0
FRB20210214C,21.717566,-8.554769,0
FRB20210214D,-53.08881,-12.634411,1
FRB20210214E,16.382792,-43.907734,0
FRB20210214F,60.800167,21.638803,0
FRB20210215A,26.524776,-1.9908593,0
FRB20210215B,-36.125076,-19.68521,0
FRB20210215C,8.553512,-70.33555,1
FRB20210215E,-38.25192,-30.280693,0
FRB20210216A,-2.734745,-17.49709,0
FRB20210216B,-41.00675,20.471384,1
FRB20210216C,10.803715,10.83683,0
FRB20210216D,39.06329,42.839436,0
FRB20210216E,39.493908,-27.664782,0
FRB20210216F,-8.37236,42.384075,0
FRB20210216G,44.675907,-7.7188773,0
FRB20210217A,19.46579,45.678143,0
FRB20210217B,43.659164,-25.509245,0
FRB20210217C,58.588352,11.4209385,0
FRB20210218A,4.620169,37.699932,0
FRB20210218B,15.120115,-27.623837,0
FRB20210218C,20.713728,38.09284,0
FRB20210218D,53.387993,-18.364761,0
FRB20210218E,9.18994,-73.33285,1
FRB20210218F,18.715843,12.19133,0
FRB20210218G,11.644512,-19.861742,0
FRB20210219A,48.253017,-1.4303768,0
FRB20210219B,2.2403936,-7.086499,0
FRB20210219C,47.753925,-4.991186,1
FRB20210220A,-40.9565,-11.93051,1
FRB20210220B,0.733246,-9.971047,0
FRB20210220C,24.433151,-31.09807,0
FRB20210220D,51.610374,-7.2908225,0
FRB20210220E,-32.69447,24.899973,1
FRB20210221A,39.181297,30.188082,0
FRB20210221B,-24.684717,5.769425,0
FRB20210221C,46.529892,16.866463,0
FRB20210222A,3.719693,-32.676147,0
FRB20210222B,-36.717934,11.025977,0
FRB20210222C,52.591015,-20.567007,0
FRB20210223A,34.04852,36.140408,0
FRB20210223B,9.08569,-75.098335,0
FRB20210223C,-49.060204,-11.857711,1
FRB20210223D,10.188533,-15.583238,0
FRB20210224A,-24.410173,-14.250624,1
FRB20210224B,41.330376,20.040854,0
FRB20210224C,7.7867556,-39.106594,0
FRB20210225A,-1.5176826,54.011032,0
FRB20210225B,51.186577,-15.818957,0
FRB20210226A,35.878708,41.73267,0
FRB20210226B,-55.76268,14.038977,1
FRB20210226C,-2.8965232,-49.109837,1
FRB20210227A,38.02647,-16.055145,0
FRB20210227B,28.732494,-26.067019,0
FRB20210228A,-5.009111,-42.82861,0
FRB20210228B,-14.128326,-13.824817,1
FRB20210301A,-49.654316,14.047261,1
FRB20210301B,43.96469,2.7831903,1
FRB20210301C,-9.224811,31.418766,0
FRB20210301D,-37.708416,-26.507135,0
FRB20210302A,-32.63797,32.90713,1
FRB20210302B,45.308163,15.183918,0
FRB20210302C,-56.212906,-2.356771,1
FRB20210302D,59.862225,23.569729,0
FRB20210302E,-54.45622,22.02656,1
FRB20210302F,28.565117,50.322186,0
FRB20210302G,-45.63242,9.458466,1
FRB20210302H,43.2039,-12.174916,0
FRB20210302I,9.166087,-45.30407,0
FRB20210302J,-18.707294,-9.754624,0
FRB20210303B,-36.584908,27.877134,1
FRB20210303C,6.5723295,-15.002447,0
FRB20210303D,-2.5030355,-14.8576355,0
FRB20210303E,10.061723,-24.721342,0
FRB20210303F,-39.3183,31.323677,1
FRB20210303G,9.806823,-38.31537,0
FRB20210303H,1.0239357,23.055885,0
FRB20210303I,7.5495424,20.711245,0
FRB20210303J,16.82084,2.0307167,0
FRB20210303K,21.043156,6.9335084,0
FRB20210304A,-35.227978,27.12301,1
FRB20210304B,-47.31718,-0.5050304,1
FRB20210304C,17.474016,-5.2149224,0
FRB20210304D,-7.140051,-30.67392,0
FRB20210304E,24.871943,39.02257,0
FRB20210304F,44.62676,-10.20249,0
FRB20210304G,40.305103,-9.517171,0
FRB20210304H,0.6035866,-24.230621,0
FRB20210305A,22.726679,20.662144,1
FRB20210305B,11.130016,-58.185413,0
FRB20210305C,33.15767,-18.307455,0
FRB20210305D,-10.037369,1.64308,0
FRB20210305E,9.036422,-74.574295,0
FRB20210306A,-25.471136,1.3420484,0
FRB20210307A,-1.8130977,-34.410374,0
FRB20210307B,20.826416,-35.85817,0
FRB20210307C,19.283533,-29.983358,0
FRB20210307D,37.84056,-16.10009,0
FRB20210308A,9.072409,31.577047,0
FRB20210308B,5.879109,-46.983887,0
FRB20210308C,-46.455517,-15.820119,1
FRB20210309A,21.1005,40.81859,0
FRB20210309B,13.952549,16.554703,0
FRB20210309C,-11.026481,30.238129,0
FRB20210309D,39.329338,42.281555,0
FRB20210309E,-9.094148,-35.077595,0
FRB20210309F,33.026543,5.0617146,0
FRB20210310A,4.161305,17.001436,0
FRB20210310B,3.7042377,40.32752,0
FRB20210311A,-2.7457716,-23.44906,0
FRB20210311B,43.793884,-7.416253,0
FRB20210311C,5.189157,21.364357,0
FRB20210311D,-2.2488375,34.864723,0
FRB20210311E,-31.715727,0.4685403,0
FRB20210312A,41.291756,-28.67845,0
FRB20210312B,17.175724,7.262653,0
FRB20210312C,24.215738,4.0646915,0
FRB20210313A,38.542618,0.47853842,0
FRB20210313B,-57.095417,-1.6923034,1
FRB20210313C,45.42468,20.97707,0
FRB20210313D,22.169703,44.93388,0
FRB20210313E,-43.83553,23.212547,1
FRB20210314A,-35.060936,27.14114,1
FRB20210314B,17.85235,25.92295,0
FRB20210314C,50.093193,18.191833,0
FRB20210314D,11.541432,24.237162,0
FRB20210314E,-13.928466,2.5229597,0
FRB20210314F,2.1961741,-34.16782,0
FRB20210315A,-15.656039,-10.133808,0
FRB20210315B,18.097921,34.158527,0
FRB20210316A,-3.6362886,23.785473,0
FRB20210316B,-26.294033,-3.5491714,0
FRB20210316C,-43.100464,24.375109,1
FRB20210320A,-28.181648,25.986517,1
FRB20210320B,25.321268,21.631756,0
FRB20210321A,-42.453793,14.46424,1
FRB20210321B,-37.475204,-15.746273,1
FRB20210321C,43.572365,-7.655746,0
FRB20210322A,-37.51798,-12.293949,1
FRB20210322B,11.503471,-73.276505,0
FRB20210322C,30.407593,19.21982,0
FRB20210322D,32.5475,32.241737,0
FRB20210322E,0.24297906,-43.66068,0
FRB20210322F,-30.567564,26.203835,1
FRB20210323A,-56.32619,-7.840222,1
FRB20210323B,19.063065,34.61882,0
FRB20210323C,-41.693954,3.6422534,1
FRB20210323D,21.484962,-20.905603,0
FRB20210323E,-47.75564,5.6458516,1
FRB20210324A,-7.8248415,-43.03248,0
FRB20210325A,12.831359,-72.67559,0
FRB20210325B,-11.028535,-18.34065,0
FRB20210326A,-39.601295,8.680869,1
FRB20210326B,-44.590782,4.295316,1
FRB20210326C,-26.192284,-28.122116,0
FRB20210326D,17.103207,-22.653158,0
FRB20210326E,-7.3798656,1.7106459,0
FRB20210327A,-55.871502,-7.2488265,1
FRB20210327C,-56.331272,-12.826841,1
FRB20210327D,11.247145,-37.133,0
FRB20210327E,50.799484,-0.57543606,0
FRB20210327F,-36.850124,11.117092,1
FRB20210328A,-43.69964,13.947553,1
FRB20210328B,32.997665,-20.826487,0
FRB20210328C,-8.981527,-37.74613,0
FRB20210328D,-8.497761,18.289122,0
FRB20210328E,-3.5759144,9.867829,0
FRB20210328F,38.514526,-10.491453,0
FRB20210329A,-28.964205,32.291527,1
FRB20210329B,-3.710862,-36.340282,0
FRB20210329C,20.907011,-25.080061,0
FRB20210330A,59.144745,24.905016,0
FRB20210330B,-35.259758,30.1239,1
FRB20210330C,4.9583063,3.2577472,0
FRB20210330D,-18.705976,-34.42451,0
FRB20210330E,23.817972,-32.208553,0
FRB20210331A,-39.63364,-12.891035,1
FRB20210331B,-50.871918,-5.2370806,1
FRB20210331C,-43.678444,14.143993,1
FRB20210331D,-50.656803,-4.609476,1
FRB20210331E,3.2493477,20.350376,0
FRB20210331F,-58.874416,0.31166017,1
FRB20210331G,43.927338,-3.079625,0
FRB20210331H,30.8851,-25.883379,0
FRB20210402B,-56.332195,-10.17202,1
FRB20210402C,19.00508,-28.226646,0
FRB20210402D,7.9743977,28.000416,0
FRB20210402E,-5.9768267,-1.1568218,0
FRB20210402F,58.08408,22.143732,0
FRB20210402G,-7.4115963,-43.925117,0
FRB20210403C,35.652416,27.996435,0
FRB20210403D,31.96046,-23.139141,0
FRB20210403E,30.158201,-17.691647,0
FRB20210403F,-24.281488,-43.465427,0
FRB20210404A,-44.013638,13.435913,1
FRB20210404D,50.41753,23.887497,0
FRB20210404E,-52.086464,-14.717871,1
FRB20210405A,-39.76477,8.949754,1
FRB20210405B,-34.117847,-12.009326,1
FRB20210406A,-41.724865,3.162125,1
FRB20210406B,47.986755,-21.935633,0
FRB20210406C,56.38984,8.94479,0
FRB20210406D,35.851383,-9.177348,0
FRB20210406E,34.56685,47.315773,0
FRB20210406F,38.317005,-32.50064,0
FRB20210407D,19.529577,-21.676027,0
FRB20210408A,12.366961,-9.352047,0
FRB20210408B,9.614976,5.4470916,0
FRB20210408C,40.576916,0.117641434,0
FRB20210408D,-5.0644073,19.79743,0
FRB20210408E,-11.928115,2.9562244,0
FRB20210408F,8.917423,-74.90273,0
FRB20210408G,0.9571078,-51.327965,0
FRB20210409A,-41.255917,8.271659,0
FRB20210409B,-46.235996,-17.206602,1
FRB20210409C,31.305096,41.740875,0
FRB20210409D,-5.8380446,-14.014675,0
FRB20210410A,22.438698,1.4810989,0
FRB20210410B,36.822853,-5.7015443,0
FRB20210410C,-40.777588,-0.8668642,1
FRB20210410E,-21.692978,-39.55563,0
FRB20210411A,-66.720474,15.161577,1
FRB20210411B,-48.843803,15.4096155,1
FRB20210411C,-2.6895273,-13.490876,0
FRB20210411D,-2.7023678,49.188126,0
FRB20210411E,-47.149696,-1.0749716,0
FRB20210412A,-18.95642,-13.682767,1
FRB20210412B,-13.986945,-26.914557,0
FRB20210412C,-12.676037,-38.58873,0
FRB20210412D,-17.561693,-40.537075,0
FRB20210412E,-37.18052,32.09295,0
FRB20210413A,-8.381515,40.032368,0
FRB20210413B,8.001097,-72.28841,0
FRB20210413C,6.3574944,-8.667417,0
FRB20210413D,21.941635,8.671067,0
FRB20210413E,27.913809,49.069122,0
FRB20210413F,7.5302887,-12.499965,0
FRB20210414A,30.406319,-0.28554162,0
FRB20210414B,-25.199965,31.365705,0
FRB20210414C,-6.9597015,25.852192,0
FRB20210414D,40.69139,-28.536083,0
FRB20210414E,29.3687,-24.157368,0
FRB20210415A,-0.27080968,-32.905514,0
FRB20210415B,-9.065648,-28.477789,0
FRB20210415C,-8.569238,56.111816,1
FRB20210415D,12.406109,-73.98639,0
FRB20210415E,4.412013,-11.314297,0
FRB20210415F,51.52404,-3.72733,0
FRB20210416A,12.0811825,-34.263416,0
FRB20210416B,23.639164,25.462578,0
FRB20210416C,41.763042,24.94479,0
FRB20210416D,51.145153,-5.432932,0
FRB20210416E,39.94824,-23.489517,0
FRB20210417A,21.868673,54.464478,0
FRB20210418A,-12.747303,36.03022,0
FRB20210418B,34.205017,44.561302,0
FRB20210418C,-19.601418,-41.393085,0
FRB20210418D,37.840393,-12.291171,0
FRB20210419A,0.82561994,23.173527,0
FRB20210419B,-34.06594,-37.996414,0
FRB20210419C,9.708304,-75.77935,0
FRB20210421A,-3.0289726,-23.443193,0
FRB20210421B,57.355854,13.661873,0
FRB20210421C,5.7901454,-38.21092,0
FRB20210421D,52.918182,-2.1263106,0
FRB20210421E,31.332047,4.5166497,1
FRB20210421F,-0.5017569,-43.036976,0
FRB20210422A,-21.75206,18.914877,0
FRB20210422B,-4.1043,45.62565,0
FRB20210423A,24.931086,7.55415,0
FRB20210423B,-7.0575385,-43.84499,0
FRB20210423C,14.445117,-33.156345,0
FRB20210423D,-20.912725,-0.2769553,0
FRB20210423E,-1.7673701,-28.768373,0
FRB20210423F,1.4981681,11.856891,0
FRB20210423G,26.805473,-2.214703,1
FRB20210423H,3.0008676,-27.85852,0
FRB20210424A,-15.6138115,3.8950634,0
FRB20210424B,-38.409107,-23.002731,0
FRB20210424C,-51.346252,7.611395,1
FRB20210425A,46.953854,-20.87044,0
FRB20210426A,42.07821,32.207657,0
FRB20210426B,-57.44692,20.649998,1
FRB20210427A,30.355183,49.3234,0
FRB20210427B,-29.809668,-39.75677,0
FRB20210427C,6.541969,-47.26684,0
FRB20210428A,20.506021,-11.004685,0
FRB20210428B,9.877199,-3.3993838,0
FRB20210428C,10.029954,-16.821083,0
FRB20210429A,-21.34436,18.63904,0
FRB20210429B,-32.132706,-19.068724,0
FRB20210429C,31.45662,28.726997,0
FRB20210430A,33.016006,-19.727222,0
FRB20210430B,11.933752,13.639882,0
FRB20210430C,23.199305,-23.988977,0
FRB20210430D,0.96261597,30.079824,0
FRB20210430E,36.945038,-29.703594,0
FRB20210430F,14.667208,-7.7669544,0
FRB20210430G,-27.782024,23.66952,1
FRB20210430H,12.011917,-75.30112,0
FRB20210430I,36.548237,3.0784574,0
FRB20210430J,-32.34261,-34.431126,0
FRB20210501A,24.748337,41.08558,0
FRB20210501B,-31.068142,4.344456,0
FRB20210501C,-3.379169,-24.23807,0
FRB20210501D,-7.893473,-43.853943,0
FRB20210502A,40.064037,-26.609768,0
FRB20210502B,29.275534,-23.495377,0
FRB20210503A,13.949501,-13.797266,0
FRB20210504A,-40.85902,-7.0086813,1
FRB20210504B,52.173965,27.338211,0
FRB20210504C,-41.53872,24.788063,0
FRB20210504D,-1.1998415,49.54993,1
FRB20210504E,-2.263693,23.743652,0
FRB20210504F,3.6148646,-28.134987,0
FRB20210505A,-26.998962,8.179,0
FRB20210505B,-0.6738666,48.937935,0
FRB20210505C,-33.82035,-29.74758,0
FRB20210505D,-12.140666,3.6680791,0
FRB20210505E,22.502773,-7.7977514,0
FRB20210505F,17.645626,1.7130672,0
FRB20210505G,-46.30527,-21.042625,1
FRB20210506A,35.055588,-7.534788,0
FRB20210506B,34.64703,16.926693,0
FRB20210506C,22.725883,-43.60795,0
FRB20210506D,38.5093,23.052048,0
FRB20210506E,40.19596,-4.4633226,0
FRB20210507A,-23.827288,-8.194499,0
FRB20210507B,15.271158,16.096779,0
FRB20210507C,56.69007,25.408628,0
FRB20210508A,10.952926,-36.28826,0
FRB20210508B,16.93987,-12.485676,0
FRB20210508C,7.595353,-75.834984,0
FRB20210509A,19.500095,34.670986,0
FRB20210510A,-37.565742,-13.989256,1
FRB20210511A,27.368269,47.678627,1
FRB20210512A,18.47968,-28.988638,0
FRB20210512B,25.575262,2.2889023,0
FRB20210512C,11.860108,-20.707302,0
FRB20210513A,37.1022,0.99070024,0
FRB20210513B,8.425921,27.682468,0
FRB20210513C,5.69924,-46.046867,0
FRB20210514A,8.89478,-31.440952,0
FRB20210514B,-0.015874514,-51.45357,0
FRB20210514C,-52.036606,-1.0382502,1
FRB20210518A,-23.869135,-14.033849,1
FRB20210518B,-55.923798,-8.677573,1
FRB20210518D,-21.170137,18.18832,0
FRB20210520A,-15.14081,-8.308493,1
FRB20210521A,-50.45594,-4.7013783,1
FRB20210521B,-18.658463,-32.69861,0
FRB20210521C,-45.81418,8.761661,1
FRB20210521D,-3.7774155,-13.754483,0
FRB20210521E,33.911446,-21.08576,0
FRB20210521F,35.830032,8.794545,0
FRB20210521G,40.553616,-10.368659,0
FRB20210522A,34.912918,19.203777,0
FRB20210522B,-48.57062,12.556825,1
FRB20210522C,42.23171,-10.434583,0
FRB20210523A,-28.008469,33.292877,1
FRB20210523B,-12.767388,1.1496624,0
FRB20210523C,-60.898388,17.65498,0
FRB20210523D,43.872982,17.023952,0
FRB20210523E,-47.92746,3.5313213,1
FRB20210523F,44.6188,-10.895105,0
FRB20210523G,18.37834,6.2032905,0
FRB20210524A,22.01552,-41.84716,0
FRB20210524B,9.9292,34.241325,0
FRB20210524C,10.56531,-75.02108,0
FRB20210524D,29.465591,-24.919592,0
FRB20210525A,-23.848263,-11.194606,1
FRB20210525B,43.043224,26.996384,0
FRB20210525C,-25.97225,-11.737603,1
FRB20210526A,6.892261,34.922142,0
FRB20210526B,-53.179016,-10.461067,1
FRB20210526C,-56.9659,-3.213745,0
FRB20210526D,-16.404121,-19.502562,1
FRB20210526E,-41.228123,-13.723127,1
FRB20210527A,4.91554,-26.89825,0
FRB20210527B,-13.257282,-38.180702,0
FRB20210527C,-57.611774,25.759224,0
FRB20210527D,-53.922974,-16.325441,1
FRB20210527E,11.986602,-11.265556,0
FRB20210528A,-1.9676937,-12.962407,0
FRB20210528B,-2.6745553,2.481561,0
FRB20210529A,-3.7708502,48.102463,0
FRB20210529B,54.656555,22.904173,0
FRB20210530B,19.165627,39.091183,0
FRB20210530C,7.13966,26.789528,0
FRB20210530D,-8.633194,-38.442444,0
FRB20210530E,11.77466,11.234251,0
FRB20210531A,43.03424,14.307994,0
FRB20210531B,39.534603,38.88204,0
FRB20210531C,-5.4391055,-1.3235089,0
FRB20210531E,7.9278507,27.749105,0
FRB20210601A,-40.999958,15.11646,1
FRB20210601C,-57.386913,-4.4550104,1
FRB20210601D,21.235502,6.881953,1
FRB20210601E,-47.31331,5.7214775,1
FRB20210601F,-61.238506,-7.9580913,1
FRB20210601G,-48.69636,-6.7803144,1
FRB20210601H,-56.860107,-6.578456,1
FRB20210601I,-56.913982,-6.5715566,1
FRB20210601J,-51.299763,6.447401,1
FRB20210603A,28.735643,48.47479,0
FRB20210603B,-20.577274,-12.614341,0
FRB20210603C,-23.919386,29.591263,0
FRB20210603D,-26.688034,-27.296968,0
FRB20210603E,-44.836075,-20.952204,1
FRB20210604A,48.43061,35.634315,0
FRB20210604B,-13.339445,-34.78041,0
FRB20210605B,30.441313,13.752144,0
FRB20210605C,17.706676,-12.572996,0
FRB20210606A,32.160133,10.592675,0
FRB20210606B,10.682116,11.602878,0
FRB20210606C,57.606136,12.434482,0
FRB20210606D,-58.419785,19.454174,1
FRB20210606E,-9.837269,-6.7598696,0
FRB20210607A,34.749203,19.251247,0
FRB20210607B,37.39311,34.918957,0
FRB20210607C,31.362104,-24.29745,0
FRB20210607D,40.421688,-26.578405,0
FRB20210608A,11.371388,-15.990682,0
FRB20210608B,-54.766434,-10.271583,1
FRB20210609A,33.724422,-8.435035,0
FRB20210609B,-31.52257,-31.05674,0
FRB20210609C,-42.725033,27.112534,0
FRB20210609D,19.74223,39.20002,0
FRB20210609E,46.75503,-19.36201,0
FRB20210610A,-36.374596,-13.636406,1
FRB20210610B,25.655275,-8.961744,0
FRB20210610C,-7.6983914,-31.258966,0
FRB20210610D,34.579113,-1.7404945,0
FRB20210612A,40.790783,-0.9294725,0
FRB20210612B,-39.977768,16.243351,1
FRB20210612C,10.177374,-21.161037,0
FRB20210613A,-8.891805,-38.01373,0
FRB20210614A,1.0490502,11.318375,0
FRB20210614B,2.0799253,29.352104,0
FRB20210614C,-8.718376,28.574753,0
FRB20210614D,-60.20268,7.9883995,1
FRB20210615A,39.807278,-31.44126,0
FRB20210616A,25.657429,-26.796692,0
FRB20210616B,27.398071,12.252901,0
FRB20210616C,-0.05863798,-31.195412,0
FRB20210616D,12.781766,13.7245245,0
FRB20210617A,-49.040184,15.099719,1
FRB20210618A,-26.532364,34.423454,0
FRB20210618B,19.669018,-21.737535,0
FRB20210619A,6.9763403,25.138208,0
FRB20210619B,26.885729,23.6474,0
FRB20210619C,-6.0045238,50.875713,0
FRB20210619D,20.668608,-2.4762182,0
FRB20210620A,56.42753,12.182942,0
FRB20210620B,55.21108,23.271812,0
FRB20210620C,26.360416,0.785525,0
FRB20210621A,-31.636938,-41.911495,0
FRB20210621B,-10.807285,-4.8783727,0
FRB20210622A,20.2216,36.722378,0
FRB20210622B,3.7815557,44.331528,0
FRB20210623A,22.636845,-43.636448,0
FRB20210624A,-55.50738,21.020771,1
FRB20210624B,-56.537178,-5.1961236,1
FRB20210625A,-33.17727,28.215805,1
FRB20210626A,-31.366299,28.234932,1
FRB20210627A,30.969032,46.84676,0
FRB20210627B,-7.1542425,51.305023,0
FRB20210706A,23.138258,-0.597837,0
FRB20210706B,-20.674095,-41.812546,0
FRB20210706C,16.992146,44.784485,0
FRB20210706D,-20.16883,-35.690178,0
FRB20210708A,23.094063,-23.751215,0
FRB20210708B,24.590343,41.249092,0
FRB20210708C,23.719046,44.736958,0
FRB20210709A,30.994621,41.863453,0
FRB20210709B,-38.478405,13.032372,0
FRB20210709C,-27.17983,-28.477837,0
FRB20210709D,41.53199,24.602655,0
FRB20210710A,-7.6433983,2.3885174,0
FRB20210710B,12.025613,-58.182846,0
FRB20210711A,-47.344116,5.061736,1
FRB20210711B,-55.844383,-13.871378,1
FRB20210712A,-39.36682,33.49514,1
FRB20210712B,12.992989,-68.65011,1
FRB20210712C,-11.026269,47.059013,0
FRB20210712D,31.607248,-23.892239,0
FRB20210713A,26.187555,-1.6368989,0
FRB20210713B,56.93857,23.09096,0
FRB20210713C,-49.24255,-24.082508,1
FRB20210714A,46.111115,22.119673,0
FRB20210717A,18.36512,13.5895815,0
FRB20210717B,30.592825,24.99818,0
FRB20210718A,9.832516,-75.18146,0
FRB20210719A,5.460717,11.532673,0
FRB20210719B,13.228079,-35.079266,0
FRB20210720A,-5.298866,4.767679,0
FRB20210720B,16.585432,-24.462967,0
FRB20210720C,20.106052,-23.260597,0
FRB20210720D,8.059982,1.9713227,0
FRB20210720E,17.333288,-11.330433,0
FRB20210720H,-45.755966,8.277734,0
FRB20210721A,-15.72153,9.422101,0
FRB20210721B,-8.462706,-36.312756,0
FRB20210722A,-49.83626,-23.097755,1
FRB20210722B,15.230544,-35.84297,0
FRB20210722C,11.670459,-58.254723,0
FRB20210722D,42.477154,33.08599,0
FRB20210723A,8.295948,-75.45158,0
FRB20210724A,-9.441489,19.931152,0
FRB20210725A,24.31119,-25.033512,0
FRB20210726A,57.49501,12.272515,0
FRB20210729A,-20.596304,-35.579582,0
FRB20210729B,-23.056698,4.5306935,0
FRB20210729C,40.890087,9.7739315,1
FRB20210803A,0.65207267,51.040558,0
FRB20210803B,-12.160729,37.723988,0
FRB20210803C,46.10628,17.215546,0
FRB20210805A,-46.318066,17.636461,1
FRB20210805B,-35.074356,-35.089466,0
FRB20210806A,3.4569826,1.774636,0
FRB20210807A,-25.144102,9.978404,0
FRB20210807B,-5.853125,-1.5554515,0
FRB20210807C,41.51104,-8.2703495,0
FRB20210808A,46.289974,5.28462,0
FRB20210808B,42.62923,27.366858,0
FRB20210808E,-11.261943,-27.794523,0
FRB20210809A,-0.29490158,48.39177,0
FRB20210809B,6.96559,-75.28733,0
FRB20210810A,25.89307,-26.340952,0
FRB20210810B,-41.031605,-31.289352,0
FRB20210810C,-4.020348,36.369648,0
FRB20210810D,-44.967224,2.055358,1
FRB20210810E,31.217567,44.282257,0
FRB20210811A,-8.387635,33.34448,0
FRB20210811B,33.57057,22.910896,0
FRB20210811C,35.407566,12.052605,0
FRB20210813A,21.84354,47.411922,0
FRB20210813B,49.49328,-24.647245,0
FRB20210814A,48.636345,-15.023202,0
FRB20210814B,29.143698,14.646702,1
FRB20210814C,-45.60618,4.659165,1
FRB20210815A,-27.851074,34.611088,0
FRB20210815B,11.315822,-38.811447,0
FRB20210816A,13.729461,18.823233,0
FRB20210816B,-42.63404,7.535354,1
FRB20210816C,11.855498,1.9520196,0
FRB20210816D,27.420563,-33.316833,0
FRB20210817A,51.475697,23.339039,0
FRB20210817B,29.470451,-4.18154,0
FRB20210818A,40.625244,-10.672072,0
FRB20210819A,30.082163,49.475018,0
FRB20210820A,43.58765,-10.246808,0
FRB20210821A,31.7026,-10.551218,0
FRB20210821B,21.794428,-24.29168,0
FRB20210822A,-45.602337,11.932279,1
FRB20210822B,-26.285822,-20.776867,0
FRB20210822C,40.333355,41.976223,0
FRB20210822D,18.374426,-42.07658,0
FRB20210822E,3.825595,40.140278,1
FRB20210823A,-36.487038,10.743468,0
FRB20210823B,-0.4992817,51.128193,0
FRB20210823C,-39.58599,-23.98572,1
FRB20210823D,-10.735371,2.2405095,0
FRB20210824A,46.68153,20.638197,0
FRB20210825A,3.0796661,-25.938503,0
FRB20210825B,-3.5857077,16.715652,0
FRB20210826A,31.532104,11.877925,0
FRB20210826B,-36.174065,-19.483814,0
FRB20210827A,21.687458,42.441826,0
FRB20210827B,-41.593678,-31.110752,0
FRB20210827C,8.070799,-35.649094,0
FRB20210827D,7.696097,-40.750645,0
FRB20210827E,-64.0755,25.019468,0
FRB20210828A,25.437416,49.743767,0
FRB20210828B,23.671177,0.11316519,0
FRB20210829A,13.188612,-59.17511,0
FRB20210829B,22.634678,20.62729,0
FRB20210829C,33.94341,-18.899164,0
FRB20210829D,-2.8503458,-16.900787,0
FRB20210829E,-47.37756,5.632343,1
FRB20210830A,-1.042238,24.6623,1
FRB20210830B,-22.128017,-15.279113,0
FRB20210830C,42.477875,-10.335655,0
FRB20210830D,-25.554071,27.82812,0
FRB20210830E,-5.2791924,9.602413,0
FRB20210830F,-6.877688,14.915694,0
FRB20210830G,30.549929,29.12585,0
FRB20210830H,-11.923918,23.88372,1
FRB20210831A,-23.152534,-31.399128,0
FRB20210901A,-1.4311318,27.387554,0
FRB20210901B,18.966734,-25.593094,0
FRB20210901C,14.890803,16.241165,0
FRB20210901D,-25.040537,-1.6151792,0
FRB20210902A,31.954659,31.45695,0
FRB20210903A,39.241955,-26.669788,0
FRB20210903B,17.614367,-22.881872,0
FRB20210903C,-27.986853,-29.122747,0
FRB20210903D,7.4052052,-70.078125,1
FRB20210905A,-22.73694,11.902386,0
FRB20210905B,10.231421,-74.65352,0
FRB20210906A,59.58058,24.660835,0
FRB20210906B,59.47411,26.941212,0
FRB20210906C,-27.764572,-39.921707,0
FRB20210907A,-8.102742,-33.561565,0
FRB20210907B,-6.927971,0.6538179,0
FRB20210908A,19.940493,44.793247,0
FRB20210908B,28.830063,46.568256,0
FRB20210908C,-34.32726,-25.060627,0
FRB20210909A,38.696095,2.8497834,0
FRB20210909B,31.138826,46.793907,0
FRB20210910A,-31.274385,-36.0914,0
FRB20210910B,19.729778,38.484,0
FRB20210910C,52.77733,29.268589,0
FRB20210911A,32.580624,5.0921144,0
FRB20210911B,-39.287376,13.26253,0
FRB20210911C,45.676353,19.62488,0
FRB20210911D,-8.653005,9.715179,0
FRB20210912B,-9.782608,22.114908,0
FRB20210913A,-32.40635,-34.336407,0
FRB20210913B,-37.027657,-23.527685,0
FRB20210914A,50.52151,16.63332,0
FRB20210914B,30.71149,-24.337034,0
FRB20210914C,36.8825,-4.865682,0
FRB20210915A,47.054306,-28.61748,0
FRB20210916A,-9.704062,-7.0011168,0
FRB20210916B,25.801231,20.387823,0
FRB20210917A,6.239965,-18.471678,0
FRB20210917B,-2.2908907,-14.367144,0
FRB20210919A,-0.18298538,-51.68621,0
FRB20210919B,-47.9723,13.091669,1
FRB20210920A,56.880104,31.247532,0
FRB20210920B,41.79015,26.138363,0
FRB20210920C,-42.427704,-17.473515,1
FRB20210920D,20.195604,-35.72632,0
FRB20210920E,11.332186,-74.71175,0
FRB20210921A,-45.12301,-15.367025,1
FRB20210921B,28.398336,-30.147913,0
FRB20210921C,31.908134,5.6966825,0
FRB20210922A,17.720156,3.744613,0
FRB20210922B,31.99622,-31.205748,0
FRB20210922C,-8.507467,55.9983,0
FRB20210922D,-9.463897,23.256598,0
FRB20210922E,-6.068343,53.293835,0
FRB20210923A,-5.2985897,56.510796,0
FRB20210923B,18.22255,49.04883,0
FRB20210923C,7.7922654,-27.325884,0
FRB20210924A,-8.934903,48.302082,0
FRB20210924B,-41.028328,-5.3781834,1
FRB20210924C,-41.864765,2.8009467,1
FRB20210925A,31.929214,45.59208,0
FRB20210925B,4.4545426,39.384403,0
FRB20210925C,-37.01019,27.532732,1
FRB20210925E,16.432318,10.414104,0
FRB20210925F,-11.028303,-11.073853,0
FRB20210926A,-24.87742,10.4507675,0
FRB20210926B,-9.073886,20.14403,0
FRB20210927A,5.3999085,42.122562,0
FRB20210927B,-31.209036,-13.327225,0
FRB20210927C,35.421947,-33.355694,0
FRB20210928A,57.400192,22.950481,0
FRB20210928B,32.667553,5.1361613,0
FRB20210929A,-43.415222,7.2236586,0
FRB20210929B,23.496813,46.41559,0
FRB20210929C,-50.67152,3.4765794,1
FRB20210929D,33.25558,-21.043673,0
FRB20210930A,-43.22705,19.896585,1
FRB20210930B,-11.469754,-1.3055488,0
FRB20210930C,36.490456,-3.025747,0
FRB20210930D,-21.130249,-8.015681,1
FRB20210930E,-31.491169,27.278692,1
FRB20210930F,31.87059,50.18594,0
FRB20211001B,32.232517,46.56044,0
FRB20211001C,0.6348699,-14.733,0
FRB20211001D,4.098287,-16.449255,0
FRB20211001E,31.236013,-25.662956,0
FRB20211001F,30.018566,-26.329945,0
FRB20211002A,23.170599,0.5721879,0
FRB20211002B,51.23111,-20.080786,0
FRB20211003A,47.23911,22.441484,0
FRB20211003B,35.90912,18.243181,0
FRB20211003C,-30.100538,28.442835,0
FRB20211003D,20.483896,36.485195,0
FRB20211003E,22.650085,-1.2177974,0
FRB20211003F,11.750128,-20.733751,0
FRB20211003G,46.78502,20.624138,0
FRB20211004A,23.971684,7.2864532,0
FRB20211004B,52.321537,-17.416834,0
FRB20211004C,23.212217,-2.2133896,0
FRB20211004D,-41.663975,14.562322,1
FRB20211004E,-3.5429451,46.264713,0
FRB20211005A,32.207134,48.493404,0
FRB20211005B,-5.02608,-46.69449,0
FRB20211005C,-26.243717,-4.8313546,0
FRB20211006A,-5.1103024,50.33088,0
FRB20211006B,42.058678,29.112257,0
FRB20211006C,9.097791,-17.80721,0
FRB20211006D,9.802129,-70.00086,0
FRB20211006E,-19.023207,10.324295,0
FRB20211006F,18.398355,-23.14128,0
FRB20211006G,-39.00267,13.21269,0
FRB20211007A,-19.698208,-40.21288,0
FRB20211008A,29.940804,-11.84208,0
FRB20211008B,1.4215848,-42.052864,0
FRB20211008C,-36.997837,-23.468895,0
FRB20211008D,25.941734,19.871086,0
FRB20211008E,32.497185,30.025936,0
FRB20211008F,-9.571694,3.46367,0
FRB20211009A,44.70304,21.186739,0
FRB20211009B,-27.469242,30.77818,1
FRB20211010A,22.845982,36.808388,0
FRB20211010B,49.860573,-13.208996,0
FRB20211010C,-44.208,20.291866,1
FRB20211011A,23.279575,-35.93922,0
FRB20211011B,17.435726,-41.753452,0
FRB20211011C,41.912506,-20.043495,0
FRB20211011D,54.08328,-19.943241,0
FRB20211012A,-56.392025,-1.2926242,0
FRB20211012B,-29.902334,-22.549166,0
FRB20211012C,21.568872,16.53204,0
FRB20211012D,-39.131527,7.2697406,0
FRB20211013A,-44.300434,25.664442,0
FRB20211013B,9.850766,-3.3861036,0
FRB20211013C,56.52515,25.457106,0
FRB20211013D,19.832262,-42.84578,0
FRB20211014A,-23.510036,4.786978,0
FRB20211014B,-53.50388,-10.272786,1
FRB20211014C,15.102461,4.485212,0
FRB20211015A,18.985662,-10.012478,0
FRB20211015B,-10.636717,-24.123755,0
FRB20211015C,21.76819,-6.3077035,0
FRB20211015D,-51.39074,8.046452,1
FRB20211020A,-7.2897415,8.293163,0
FRB20211021A,-24.943256,10.099049,0
FRB20211021B,40.3785,-8.871029,0
FRB20211021C,-65.07253,16.292269,1
FRB20211022A,13.13742,1.0148301,0
FRB20211022B,-3.675748,-36.307613,0
FRB20211022C,43.584682,22.813166,0
FRB20211023A,-19.481342,-15.311585,0
FRB20211024A,4.938396,-17.964893,0
FRB20211025A,4.3102603,41.935276,0
FRB20211025B,-1.2911321,-20.81497,0
FRB20211026A,-10.874756,-2.8942413,0
FRB20211027A,17.00963,-21.287603,0
FRB20211028A,43.614403,32.54712,0
FRB20211029A,10.116471,3.8093638,1
FRB20211030A,-6.914689,2.0016468,1
FRB20211030B,-31.191319,-32.567436,0
FRB20211031A,13.57488,-71.60396,0
FRB20211031B,-24.531382,-11.040287,0
FRB20211101A,-17.876495,-18.546328,0
FRB20211101B,-32.854816,5.528267,1
FRB20211101C,-34.924164,37.415707,1
FRB20211101D,-31.495329,29.908714,1
FRB20211102A,42.54211,26.769402,0
FRB20211102B,3.761207,42.367573,0
FRB20211102C,31.787497,44.98977,0
FRB20211102D,49.730072,33.610584,0
FRB20211102E,-7.297365,31.249146,0
FRB20211103A,-8.105138,-32.602768,0
FRB20211103B,-34.072147,32.567165,1
FRB20211103C,22.120481,4.3916025,0
FRB20211103D,-19.220327,-36.76019,0
FRB20211103E,22.66204,3.9313333,0
FRB20211104A,4.5510173,39.312454,0
FRB20211104B,-38.973278,7.261971,1
FRB20211104C,14.46098,-43.64679,0
FRB20211104D,-3.406894,52.180737,0
FRB20211104E,35.095528,-15.914269,0
FRB20211104F,12.079827,-71.23399,0
FRB20211105A,46.713203,34.328423,0
FRB20211105B,46.43788,14.584048,0
FRB20211105C,25.191313,1.9347491,0
FRB20211105D,19.66213,-21.4112,0
FRB20211105E,-24.52741,-43.344128,0
FRB20211105F,-48.42663,15.8069105,1
FRB20211106A,15.424579,21.190535,0
FRB20211106B,31.503542,31.464573,0
FRB20211107A,2.0856478,43.07592,0
FRB20211107B,36.003864,-0.32180285,0
FRB20211107C,49.333736,30.555666,0
FRB20211107D,-58.204678,-0.770662,1
FRB20211108A,-13.370749,34.333138,0
FRB20211108B,39.16287,-25.443274,0
FRB20211109A,54.17582,10.300722,0
FRB20211110A,20.339447,-21.994335,0
FRB20211111A,-52.801483,-15.267713,1
FRB20211111B,-0.38941762,50.91894,0
FRB20211111C,51.358406,-1.9695904,0
FRB20211112A,42.081642,2.0198903,0
FRB20211112B,-13.690986,6.1620502,0
FRB20211112C,35.155506,28.58597,0
FRB20211112D,20.10976,-10.750072,0
FRB20211112E,-7.8889527,4.97031,0
FRB20211113A,57.854534,13.254806,0
FRB20211113B,37.838276,40.67683,0
FRB20211114A,-38.927986,35.772293,1
FRB20211115A,-0.63570434,-22.564993,0
FRB20211115B,-21.210867,-12.590232,1
FRB20211115C,-7.629142,-41.902573,0
FRB20211115D,8.681585,-58.937893,1
FRB20211116A,-20.672945,0.0883155,0
FRB20211116B,5.6054435,32.21924,0
FRB20211116C,-21.896448,31.73651,0
FRB20211117A,-5.192775,-45.124096,0
FRB20211117B,6.8641148,-34.065525,0
FRB20211117C,-10.534822,28.291437,0
FRB20211117D,18.269287,0.22810103,0
FRB20211117E,-63.33211,22.361906,1
FRB20211117F,23.772123,-30.653708,0
FRB20211118A,42.157803,33.09038,0
FRB20211118B,-46.275993,17.661985,1
FRB20211118C,9.615139,-74.285446,0
FRB20211119A,-11.26406,-27.559837,0
FRB20211119B,-24.450293,34.43954,0
FRB20211119C,-4.4264574,-13.951536,0
FRB20211119D,-50.63214,12.24097,1
FRB20211119E,-25.925734,32.701363,0
FRB20211120A,49.63291,1.3885847,0
FRB20211120B,25.078602,-7.791704,0
FRB20211120C,-3.500568,-0.026331158,1
FRB20211120D,18.80803,37.727665,0
FRB20211121A,-0.894591,23.975395,0
FRB20211121B,-29.361528,-40.04062,0
FRB20211121C,-19.979153,-23.989452,0
FRB20211122A,26.09043,49.25903,0
FRB20211122B,39.09595,42.464954,0
FRB20211122C,-25.513954,-2.0806608,0
FRB20211122D,46.642414,-22.495897,0
FRB20211122E,33.182484,9.072932,0
FRB20211123A,25.421955,19.427689,0
FRB20211123B,5.225276,17.770231,0
FRB20211124A,21.259762,5.287262,0
FRB20211124B,-2.7057717,0.22852471,0
FRB20211125A,-36.123917,27.833157,1
FRB20211125B,-32.259983,27.58953,1
FRB20211125C,17.83292,-27.805319,0
FRB20211125D,21.983149,-1.0525088,0
FRB20211126A,-8.735732,-39.3177,0
FRB20211126B,-6.7062488,26.092543,0
FRB20211126C,-3.6704605,12.202582,0
FRB20211127A,29.900797,29.311106,0
FRB20211127B,43.364937,27.022453,0
FRB20211127C,5.5969768,1.74363,0
FRB20211127D,7.4890924,7.941753,0
FRB20211127E,-52.925564,-4.612117,0
FRB20211127F,17.83121,-0.4709608,0
FRB20211127G,42.328003,-10.161803,0
FRB20211127H,-2.837661,5.33619,0
FRB20211128A,-2.7622755,43.15046,0
FRB20211128B,-33.1613,31.864956,1
FRB20211128C,40.898544,-29.827112,0
FRB20211128D,-3.713483,12.237185,0
FRB20211128E,-38.671238,-19.019827,0
FRB20211128F,-33.87338,-30.035496,0
FRB20211128G,12.257384,-17.450293,0
FRB20211129A,-43.1941,24.225536,0
FRB20211129B,-43.648167,4.9047747,1
FRB20211129C,10.442506,-73.58166,0
FRB20211129D,-26.221758,9.680548,1
FRB20211130A,11.070909,-18.723425,0
FRB20211201A,-3.7571,-47.559513,0
FRB20211201B,45.61749,-21.385609,0
FRB20211202A,13.819124,-69.90762,0
FRB20211202B,56.21586,11.839056,0
FRB20211202C,4.7303925,-51.138695,0
FRB20211203A,-41.871098,-30.762844,0
FRB20211203B,39.029022,32.569828,0
FRB20211204A,43.459152,32.678288,0
FRB20211204B,11.828091,-68.188995,0
FRB20211204C,-11.457397,30.564749,0
FRB20211204D,-4.4412494,-5.4268684,1
FRB20211204E,54.357883,10.884126,0
FRB20211205A,-56.005417,-9.626533,1
FRB20211205B,21.434946,44.93089,0
FRB20211205C,41.423748,15.825546,0
FRB20211205D,7.0454936,-70.690315,0
FRB20211205E,-35.878742,-26.214722,0
FRB20211205F,-20.890194,-8.057549,1
FRB20211206A,-42.69159,8.171371,1
FRB20211206B,11.072975,-70.66195,0
FRB20211206C,34.623592,-9.031448,0
FRB20211207A,-35.058823,-25.881378,0
FRB20211208A,-2.057443,35.060932,0
FRB20211209A,22.488527,-0.057176676,0
FRB20211209B,-3.1493678,-0.6746512,0
FRB20211210A,-23.470007,11.317085,0
FRB20211210B,19.4516,0.48705232,0
FRB20211210C,43.604935,-7.756105,0
FRB20211210D,3.0572498,-13.092877,0
FRB20211211A,20.327183,46.816174,0
FRB20211211B,38.10089,1.1708734,0
FRB20211211C,5.989619,24.495499,0
FRB20211211D,1.2675622,29.845749,0
FRB20211211E,-16.804548,7.6276865,0
FRB20211212B,-8.315303,-43.107323,0
FRB20211213A,22.730368,2.3242176,0
FRB20211213B,31.29445,11.771784,0
FRB20211213C,42.47032,27.401846,1
FRB20211214A,-9.340428,24.529655,0
FRB20211214B,31.910143,11.912783,0
FRB20211214C,16.136667,-29.119198,0
FRB20211215A,16.83571,-10.0502,0
FRB20211215B,35.925865,29.488405,0
FRB20211215C,21.00318,-23.22508,0
FRB20211216A,-12.056534,1.801046,0
FRB20211216B,17.620579,11.202697,0
FRB20211217A,21.813177,41.084652,0
FRB20211217B,-31.50233,-18.909428,0
FRB20211217C,-7.973003,4.34834,0
FRB20211217D,-25.949759,9.616501,0
FRB20211218A,-9.10983,25.88163,0
FRB20211218B,-8.155899,-31.928347,0
FRB20211218C,19.018661,3.1676993,0
FRB20211218D,18.649698,-32.025776,0
FRB20211219A,21.7142,-8.819297,0
FRB20211219B,22.809322,1.391098,0
FRB20211219C,59.39504,26.869331,0
FRB20211219D,-8.160369,50.4183,0
FRB20211219E,-23.165527,-12.964094,1
FRB20211220A,-10.679237,31.155117,0
FRB20211220B,50.312786,16.272444,0
FRB20211221A,-39.397217,18.61556,1
FRB20211222A,44.114883,-26.474073,0
FRB20211222B,-27.702728,35.27685,1
FRB20211222C,39.6655,33.534874,0
FRB20211222D,-45.925804,17.68917,0
FRB20211222E,19.844461,-23.242449,0
FRB20211223A,37.481968,40.32168,0
FRB20211223B,-65.12055,10.1970625,1
FRB20211225A,-7.846973,10.305999,0
FRB20211225B,34.69116,8.896913,0
FRB20211226A,-9.379763,1.9186692,0
FRB20211227A,-32.09078,-17.596272,1
FRB20211228A,-36.856785,25.140612,1
FRB20211228B,0.48139888,-27.622442,0
FRB20211229A,-54.187622,-3.1050346,1
FRB20211229B,39.325275,-1.4551481,0
FRB20211229C,-7.825311,23.482252,0
FRB20211229D,-20.937712,0.4121454,0
FRB20211229E,-15.48968,3.964646,0
FRB20211230A,10.569931,26.478651,0
FRB20211230B,-21.475616,-32.476288,0
FRB20211230C,-13.381553,-34.79894,0
FRB20211231A,2.0925915,-26.332544,0
FRB20211231B,52.69438,33.01609,0
FRB20220101A,-2.1472669,-12.800132,1
FRB20220102A,0.83550763,-2.969044,0
FRB20220103A,35.70645,43.28203,0
FRB20220103C,-54.13598,-0.45086834,1
FRB20220104A,-18.984764,-40.933167,0
FRB20220104B,9.361018,-26.463839,0
FRB20220104C,52.847378,31.004969,0
FRB20220104D,21.791153,-43.603626,0
FRB20220104E,-8.061455,-40.72314,0
FRB20220105B,-10.684004,26.781841,0
FRB20220105C,-24.846006,11.115891,0
FRB20220105D,42.301018,20.156616,0
FRB20220105E,-26.614204,0.86012787,0
FRB20220106A,33.07504,23.239454,0
FRB20220106B,50.523212,30.96803,0
FRB20220107A,-25.431162,-10.484023,1
FRB20220107B,-38.715294,-10.77519,1
FRB20220107C,-6.6229835,-45.539917,0
FRB20220108A,41.354984,26.77142,0
FRB20220108B,4.644637,-45.186237,0
FRB20220108C,14.961621,9.722816,0
FRB20220108D,5.6574683,-75.395905,0
FRB20220109A,-17.950323,-24.979769,0
FRB20220109B,30.292967,-9.106361,0
FRB20220109C,17.105335,3.356643,0
FRB20220113A,22.581902,1.2923359,0
FRB20220114A,42.370937,-11.743701,0
FRB20220115A,55.457558,23.005257,0
FRB20220115B,1.5703343,41.293972,0
FRB20220118A,8.524504,31.77259,0
FRB20220118B,-35.96841,11.433343,1
FRB20220119A,16.616251,32.50648,0
FRB20220121A,14.40497,-44.10395,0
FRB20220122A,7.1556544,-42.50469,0
FRB20220122B,39.228973,33.816303,0
FRB20220122C,42.792244,-26.558653,0
FRB20220123A,1.1592617,-11.13399,1
FRB20220124A,4.743264,34.776012,0
FRB20220124B,42.29916,-10.291796,0
FRB20220124C,31.31983,-25.938337,0
FRB20220126A,-8.594652,48.46995,0
FRB20220126B,52.453236,-22.02469,0
FRB20220126C,51.438347,-7.6952276,0
FRB20220127A,-18.977915,-9.953529,0
FRB20220128A,3.0205216,-39.16398,0
FRB20220128B,23.219498,45.813602,0
FRB20220128C,34.649525,31.469973,0
FRB20220128D,24.548845,41.043823,0
FRB20220129A,19.31882,45.782887,0
FRB20220130A,0.7927351,22.576532,0
FRB20220130B,-10.257591,-27.356264,0
FRB20220130C,40.266502,-1.203828,0
FRB20220131A,-26.036171,-28.664787,0
FRB20220131B,-27.438496,0.7939539,0
FRB20220201A,-11.51907,10.925917,0
FRB20220201B,21.184942,1.6243148,0
FRB20220201C,-27.238108,0.9076108,0
FRB20220202A,-38.858913,35.884205,1
FRB20220202B,-37.023632,-36.456966,0
FRB20220203A,-45.980312,23.982708,1
FRB20220203B,17.1927,35.653473,0
FRB20220203C,-1.8423449,-34.5987,0
FRB20220205A,46.247444,20.509104,0
FRB20220205B,18.047647,-9.137157,0
FRB20220206A,-16.534996,-2.7806432,0
FRB20220206B,-2.5216055,-23.193815,0
FRB20220207A,-7.516485,50.93029,1
FRB20220207B,-65.78609,3.8466713,1
FRB20220209A,-35.01646,30.317102,1
FRB20220209B,33.120243,18.70697,0
FRB20220209C,17.22186,-22.62796,0
FRB20220210A,35.27311,19.631445,0
FRB20220211A,21.489998,-1.4288299,0
FRB20220211B,-4.2667117,26.641253,0
FRB20220211C,0.30487594,-39.84399,0
FRB20220211D,54.81301,9.81819,0
FRB20220212A,1.2510259,23.23254,0
FRB20220212B,-4.8401613,48.405777,0
FRB20220213A,-52.0074,-14.257954,1
FRB20220213B,54.838734,13.157716,0
FRB20220213C,-39.080055,-25.619793,0
FRB20220214A,14.884597,0.6846847,0
FRB20220214B,59.741627,26.760693,0
FRB20220214C,24.110764,35.962784,0
FRB20220214D,-54.778355,19.691183,1
FRB20220214E,-20.196909,-23.237942,0
FRB20220215A,6.7742257,42.546494,0
FRB20220216A,51.001614,-11.129788,0
FRB20220218A,23.901224,47.593777,0
FRB20220218B,-15.2381115,-27.854,0
FRB20220218C,48.87399,-2.380865,0
FRB20220219A,-7.740087,-31.037125,0
FRB20220219B,34.121952,23.654486,0
FRB20220220A,56.851086,31.252192,0
FRB20220220B,-11.2745905,45.12002,0
FRB20220220C,-4.2996354,24.181755,0
FRB20220221A,19.071154,40.358456,0
FRB20220221B,52.0279,8.005302,0
FRB20220221C,-18.102295,10.319955,0
FRB20220222A,-5.7637706,55.81424,0
FRB20220222B,-8.499619,57.149956,0
FRB20220224A,-8.678411,31.26374,0
FRB20220225A,-24.558323,-14.177974,1
FRB20220225B,22.189749,-0.6506769,0
FRB20220225C,-2.646368,-25.365438,0
FRB20220225D,-22.383444,30.789476,0
FRB20220225E,-11.641256,11.113349,1
FRB20220225F,11.979848,0.4492009,0
FRB20220225G,7.756348,-18.372686,0
FRB20220225H,30.862047,-8.350444,0
FRB20220226A,-26.112322,-26.295204,0
FRB20220226B,21.649103,-5.4566836,0
FRB20220227A,40.30612,-10.158279,0
FRB20220227B,55.94814,11.25074,0
FRB20220228A,-34.911224,-25.831636,0
FRB20220228B,36.862206,17.715847,1
FRB20220228C,-9.98687,-2.0177028,0
FRB20220228D,-16.236809,-19.530205,0
FRB20220228E,1.6495168,41.088768,0
FRB20220228F,4.294571,-16.614212,0
FRB20220301A,-22.512857,-40.63841,0
FRB20220301B,10.2290325,-7.873615,0
FRB20220301C,33.142506,32.49959,0
FRB20220301D,42.882744,18.090733,0
FRB20220301E,31.882286,43.101765,0
FRB20220301F,57.771484,22.211596,0
FRB20220302A,-43.17915,27.489515,1
FRB20220302C,-15.421922,12.185378,0
FRB20220303A,19.558363,37.492886,0
FRB20220303B,18.056122,-21.682873,0
FRB20220303C,45.80878,-4.996629,0
FRB20220304A,34.719467,-2.6622157,0
FRB20220305A,6.352669,-27.147781,0
FRB20220305B,-32.0586,28.7197,1
FRB20220306A,-6.132013,-0.46390685,0
FRB20220306B,-3.5915124,43.646927,0
FRB20220307A,24.21631,-25.741562,0
FRB20220308A,-27.994776,33.6674,0
FRB20220308B,38.605907,14.845368,0
FRB20220308C,30.455757,31.4162,0
FRB20220308D,-39.49536,28.241362,0
FRB20220308E,-26.658554,-3.98685,0
FRB20220309A,2.2089787,36.6529,0
FRB20220309B,17.677034,-44.86597,0
FRB20220309C,-11.7065525,-11.451257,0
FRB20220310A,43.589478,28.396801,0
FRB20220310B,-20.72726,-33.9068,0
FRB20220310C,41.448566,-9.16018,0
FRB20220310D,7.912741,3.5329127,0
FRB20220310E,49.249886,-1.6524578,0
FRB20220311A,9.0329075,0.20860437,0
FRB20220311B,-0.93465656,15.574937,0
FRB20220311C,-45.459034,14.228515,1
FRB20220311D,41.731667,40.82736,0
FRB20220312A,-46.085464,-7.9182715,1
FRB20220312B,54.07585,9.390788,0
FRB20220312C,24.344057,0.859303,0
FRB20220313A,2.5711071,-44.766655,0
FRB20220313B,-51.914364,-8.427158,1
FRB20220313C,13.14467,11.042313,0
FRB20220313D,42.034107,3.7834427,0
FRB20220313E,-43.030518,-22.75588,0
FRB20220314A,8.211786,12.817753,0
FRB20220315A,-46.00799,-24.81824,0
FRB20220315B,-27.070234,3.8933344,0
FRB20220315C,-12.702275,7.429038,0
FRB20220315D,22.944101,48.085606,0
FRB20220315E,24.42086,-26.463709,0
FRB20220316A,-34.404293,26.962341,1
FRB20220316B,21.785309,49.109028,0
FRB20220316C,43.959415,27.016144,0
FRB20220316D,-7.6733804,-2.6733315,0
FRB20220316E,-3.6903908,-46.588085,0
FRB20220316F,21.225292,-0.63765234,0
FRB20220317A,-40.923553,-2.877404,1
FRB20220317B,-38.902626,-13.343937,0
FRB20220317C,-8.131586,-32.260033,0
FRB20220317D,39.33424,34.671997,0
FRB20220317E,44.145405,-19.0882,0
FRB20220318A,-7.9098253,23.352606,0
FRB20220318B,-25.402723,1.6514128,0
FRB20220318C,-9.98061,23.809566,0
FRB20220319A,-9.476815,3.2316437,0
FRB20220319B,13.693671,-70.63294,0
FRB20220319C,-38.16057,27.044668,1
FRB20220320A,-0.93663615,22.857502,0
FRB20220320B,-7.4992313,-34.52623,0
FRB20220320C,18.057903,-22.659105,0
FRB20220321A,6.394794,27.29695,0
FRB20220321B,-19.628977,-40.496872,0
FRB20220321C,-39.61252,-12.336592,1
FRB20220321D,-3.3172948,49.504738,0
FRB20220321E,17.183266,33.59921,0
FRB20220321F,32.279125,33.20389,0
FRB20220322A,20.09675,-17.88237,0
FRB20220322B,11.241269,-11.335557,0
FRB20220322C,-47.534286,14.692209,1
FRB20220322D,11.697337,-69.29199,0
FRB20220323A,18.883938,-39.61083,0
FRB20220323B,6.9825606,30.214043,0
FRB20220324A,31.914288,10.734201,0
FRB20220324B,37.43754,-11.694596,0
FRB20220324C,31.15558,25.008375,0
FRB20220325A,-48.60075,26.58389,1
FRB20220325B,7.0395374,17.586493,0
FRB20220325C,24.764631,21.877169,0
FRB20220325D,1.7623535,-42.932636,0
FRB20220326A,-1.2284101,-11.858253,0
FRB20220328A,-52.12438,-14.735631,1
FRB20220328B,-16.683062,7.3972173,0
FRB20220328C,19.015434,0.26502365,0
FRB20220329A,19.804739,-3.0900278,0
FRB20220329B,-47.17497,13.129222,1
FRB20220329C,50.6089,30.819063,0
FRB20220330A,0.24682829,19.292149,0
FRB20220330B,-6.075721,5.1660175,0
FRB20220330C,-0.5974538,35.876564,0
FRB20220331A,-23.823149,10.812845,0
FRB20220331B,-26.688313,27.71729,0
FRB20220401A,38.906002,23.670237,0
FRB20220405A,38.144684,12.387083,0
FRB20220405B,-13.792368,-10.946048,0
FRB20220405C,21.337044,4.208785,0
FRB20220406A,16.835669,43.851948,0
FRB20220407A,8.98688,-27.147234,0
FRB20220407B,-49.7423,-23.918509,0
FRB20220408A,-15.115404,-7.9358463,1
FRB20220408B,-18.810013,17.142286,0
FRB20220408C,21.415848,1.9943808,0
FRB20220409A,21.438469,-42.58252,0
FRB20220409B,-9.153439,28.575241,0
FRB20220410A,15.090164,-1.1477327,0
FRB20220410B,21.275854,-35.91841,0
FRB20220411A,-13.968507,3.3149767,0
FRB20220411B,-3.5031865,-34.838707,0
FRB20220411C,-48.78163,15.343585,1
FRB20220412A,10.901051,-71.75317,0
FRB20220412B,34.41276,16.986942,0
FRB20220413A,-22.165434,30.924921,0
FRB20220413B,29.717415,46.4334,0
FRB20220413C,-2.1575294,-42.93147,0
FRB20220414B,-42.93648,6.800422,1
FRB20220414C,37.14043,10.708414,0
FRB20220415A,40.156544,33.06518,0
FRB20220415B,48.859528,-19.160082,0
FRB20220415C,-13.97255,3.0339808,0
FRB20220415D,17.797039,4.349316,0
FRB20220416A,42.125652,39.647305,0
FRB20220416B,-53.908566,20.672518,1
FRB20220417A,19.891153,-6.4252453,0
FRB20220419A,-31.060907,-36.493877,0
FRB20220420A,-14.89654,-3.2347856,0
FRB20220420B,-2.659222,-32.637405,0
FRB20220420C,0.11821722,-12.882044,0
FRB20220420D,-27.466003,34.460625,0
FRB20220420E,-9.520002,27.490156,0
FRB20220421A,36.426167,29.138348,0
FRB20220421B,-40.46769,-3.9002216,1
FRB20220421C,19.630035,2.3191397,0
FRB20220421D,-52.192677,-0.19091326,0
FRB20220421E,20.379757,3.9979532,0
FRB20220423A,13.3136635,-42.062454,0
FRB20220423B,-39.657665,8.134622,1
FRB20220423C,37.65185,-1.6205353,0
FRB20220424A,-19.546103,-9.509908,0
FRB20220424B,37.01177,10.771895,0
FRB20220424C,15.689136,-1.8367634,0
FRB20220424D,-4.9508905,24.314177,0
FRB20220425A,6.2290435,-12.56202,0
FRB20220426A,35.175976,45.88706,0
FRB20220426B,12.008615,12.674538,0
FRB20220426C,-10.967079,-11.127035,0
FRB20220426D,44.330353,-8.272121,0
FRB20220428A,-20.548908,16.254995,1
FRB20220428B,-7.2686357,54.91115,1
FRB20220428C,0.40077522,52.082134,1
FRB20220428D,-27.616825,-11.781563,0
FRB20220429A,-11.895091,-11.539417,0
FRB20220430A,-19.069544,-33.53276,0
FRB20220430B,38.820114,-1.769754,0
FRB20220430C,6.057505,-75.06287,0
FRB20220430D,22.052357,45.502934,0
FRB20220501A,37.871037,6.5515847,0
FRB20220501B,-7.2774453,46.641117,0
FRB20220502A,41.92834,-4.587148,0
FRB20220502B,39.027336,30.396366,0
FRB20220502C,-3.6576138,2.7123559,0
FRB20220503A,33.42571,23.435377,0
FRB20220503B,34.138454,31.949944,0
FRB20220503C,30.299223,15.796041,0
FRB20220503D,12.738323,10.987378,0
FRB20220503E,-0.27048647,-38.60163,0
FRB20220505A,-54.154125,-15.967148,1
FRB20220505B,-2.1507635,-36.853127,0
FRB20220505C,18.50431,1.803687,0
FRB20220506A,-15.286892,2.4048345,0
FRB20220506B,-58.935364,-13.698799,0
FRB20220506C,4.3590746,-18.553455,0
FRB20220507A,-57.509453,-14.110891,1
FRB20220508A,-1.7436353,-34.815727,0
FRB20220508B,15.155125,-45.559887,0
FRB20220509A,24.852777,39.09677,0
FRB20220509B,-17.266245,-40.797466,0
FRB20220509C,3.6273143,-1.9845494,0
FRB20220509D,-15.452007,12.074688,0
FRB20220509E,40.41261,1.7425464,0
FRB20220509F,26.020716,2.8655329,0
FRB20220510A,29.177591,9.631247,0
FRB20220511A,-18.926813,-24.574024,0
FRB20220511B,37.350586,-29.321075,0
FRB20220511C,9.286529,-72.351456,0
FRB20220512A,-23.3642,11.728558,0
FRB20220513A,15.085014,12.995165,0
FRB20220514A,16.39677,-29.277111,0
FRB20220514B,49.995564,25.997822,0
FRB20220514C,-40.934753,-6.88316,1
FRB20220516A,-22.360918,18.984953,0
FRB20220517B,-11.770515,-6.610222,0
FRB20220517C,36.050346,-1.197169,0
FRB20220517E,17.099691,42.062683,0
FRB20220517F,-60.361656,-4.1280932,1
FRB20220518B,-54.601036,14.433807,1
FRB20220518C,-25.958776,-2.695777,0
FRB20220518D,19.141212,-29.76527,0
FRB20220518E,20.86827,38.698566,0
FRB20220518F,52.439873,-8.181116,0
FRB20220520A,14.5992155,21.8112,0
FRB20220521A,24.478594,3.3151367,0
FRB20220521B,-5.849936,-34.1408,0
FRB20220521C,-46.935493,19.06592,1
FRB20220525A,-48.587513,16.337427,1
FRB20220525B,59.55871,26.913908,1
FRB20220526A,1.0055137,-26.289759,0
FRB20220527A,-34.50473,-32.358204,0
FRB20220527B,-3.532087,-13.331962,0
FRB20220527C,14.92019,-0.7229789,0
FRB20220527D,-38.535343,-16.589464,0
FRB20220528A,-23.123455,4.726988,0
FRB20220528B,25.477312,-0.7598246,0
FRB20220528C,-49.01017,-9.445074,1
FRB20220528D,39.166084,-28.296661,0
FRB20220529A,-34.748978,19.206757,1
FRB20220529B,5.446457,-4.3764243,0
FRB20220529C,48.61717,-14.604625,0
FRB20220529D,-27.821892,-40.771503,0
FRB20220530A,-3.6373029,16.573822,0
FRB20220530B,-52.851547,-2.038347,1
FRB20220601A,49.768826,-19.201523,0
FRB20220602A,26.350826,50.367558,0
FRB20220602B,31.568708,34.379765,0
FRB20220602C,-6.0889106,54.129017,0
FRB20220602D,-52.58371,-3.6349604,1
FRB20220602E,27.692905,9.088696,0
FRB20220607A,24.095556,7.7068477,0
FRB20220607B,-6.6456223,-30.104097,0
FRB20220607C,-39.63044,-4.4805646,0
FRB20220608A,-36.010624,33.358986,1
FRB20220608B,-6.663875,-15.918183,0
FRB20220609A,17.918476,6.981975,0
FRB20220609B,7.982358,4.099959,0
FRB20220611A,22.437784,-7.869018,0
FRB20220612A,-1.110412,15.257692,0
FRB20220612B,-13.756184,-38.29274,0
FRB20220612C,-12.912445,35.731606,0
FRB20220613A,31.069359,34.314796,0
FRB20220613B,-48.936573,27.195324,1
FRB20220614A,-2.9196146,43.118977,0
FRB20220614B,38.242252,12.202719,0
FRB20220615A,-4.2136617,2.1992247,1
FRB20220615B,-57.24736,-8.699914,1
FRB20220615C,54.953297,23.394564,0
FRB20220615D,33.913166,17.59102,0
FRB20220615E,31.207129,24.118908,0
FRB20220615F,-2.0322416,22.546513,0
FRB20220616A,-2.398247,-43.444508,0
FRB20220618A,-7.3634853,52.112106,0
FRB20220618B,-46.57253,-21.906265,1
FRB20220618C,-13.233489,43.840984,1
FRB20220619A,-46.271866,1.0347441,1
FRB20220619B,-30.693413,35.33495,1
FRB20220619C,25.887243,32.52387,0
FRB20220621A,7.8399014,-32.77865,0
FRB20220621B,35.990883,3.5335793,0
FRB20220621C,-7.315259,55.64483,0
FRB20220621D,-15.503227,-10.468157,0
FRB20220622A,40.122498,-27.940575,0
FRB20220622B,55.451283,25.47047,0
FRB20220622C,-17.72272,9.421943,0
FRB20220623B,0.12839097,-41.8022,0
FRB20220623C,-31.314735,-33.90739,0
FRB20220623D,-47.37109,0.37518424,0
FRB20220624A,14.066295,2.212063,0
FRB20220624B,4.4024205,1.1798886,0
FRB20220625B,-19.65338,-41.52412,0
FRB20220625C,24.772608,42.24467,0
FRB20220626A,-39.50124,-2.781351,0
FRB20220626B,-46.413837,-20.394718,0
FRB20220627D,-31.257545,-1.9002162,0
FRB20220627E,32.571087,24.742638,0
FRB20220627F,-26.651178,-24.774231,0
FRB20220627G,4.509558,41.58974,0
FRB20220627H,-26.389446,-27.63635,0
FRB20220627I,48.17394,35.358856,1
FRB20220627J,-11.390165,-4.676882,0
FRB20220628A,18.405516,4.6181307,0
FRB20220628B,45.736374,5.19015,0
FRB20220629A,56.136032,7.8374314,0
FRB20220630A,-31.92199,5.113886,0
FRB20220630B,46.397694,1.2645278,0
FRB20220702A,11.211257,-17.428904,0
FRB20220703A,-4.0649037,-34.976627,0
FRB20220703B,55.79943,10.57591,0
FRB20220703C,38.468864,-10.713214,0
FRB20220703D,-22.523367,-30.408197,0
FRB20220704A,-7.063835,9.020589,0
FRB20220704B,44.110073,18.277443,0
FRB20220705A,-32.742996,26.989609,1
FRB20220705B,-29.398321,32.511974,1
FRB20220706B,5.042734,-38.381977,0
FRB20220706C,22.363626,-22.73666,0
FRB20220706D,39.6356,-26.907139,0
FRB20220707A,8.543359,-72.39328,0
FRB20220707B,22.060682,-0.1162941,0
FRB20220707C,33.57203,12.001658,0
FRB20220707D,-11.339537,-1.6584938,0
FRB20220707E,8.574182,-71.515465,0
FRB20220708A,-50.89183,-12.922779,1
FRB20220708B,18.059381,1.7974658,0
FRB20220709A,35.932056,41.808243,0
FRB20220710A,-23.828663,12.676899,0
FRB20220710B,-2.4521303,4.4363813,0
FRB20220711A,-9.422735,2.046995,0
FRB20220711B,-30.255753,24.34371,1
FRB20220712A,22.582716,22.988913,0
FRB20220712B,42.96562,-8.463897,0
FRB20220714A,39.288643,-28.43425,0
FRB20220714B,-21.548641,-0.6522433,0
FRB20220714C,-60.80305,-3.7862902,1
FRB20220714D,19.27731,43.558662,0
FRB20220715A,1.1420116,-41.082966,0
FRB20220715B,20.301315,44.67036,0
FRB20220715C,57.120235,26.579542,0
FRB20220716A,-55.107815,-10.137396,1
FRB20220716B,15.45106,-44.58049,0
FRB20220716C,57.698494,22.235952,0
FRB20220716D,28.953241,18.382214,0
FRB20220716E,23.671011,25.209988,0
FRB20220717B,-4.616992,-28.016829,0
FRB20220717C,17.214106,42.008343,0
FRB20220717D,46.758484,34.392708,0
FRB20220717E,12.404619,1.4738334,0
FRB20220717F,7.718171,-31.619795,0
FRB20220718A,-70.21598,7.0552673,1
FRB20220718B,-9.719839,-27.361073,0
FRB20220719A,39.84836,23.569035,0
FRB20220719B,-18.973068,16.899307,1
FRB20220719C,19.832087,-3.2789085,0
FRB20220719D,-10.505869,-30.853167,0
FRB20220719E,0.8586968,48.32106,0
FRB20220719F,54.668854,9.161375,0
FRB20220720A,6.4006805,-1.1620598,0
FRB20220720B,-17.135767,-19.005949,0
FRB20220720C,-11.551993,-28.024437,0
FRB20220720D,-17.379797,8.201562,0
FRB20220722A,-30.647495,26.309578,1
FRB20220722B,6.6789913,20.70176,0
FRB20220722C,32.34736,33.33066,0
FRB20220722D,6.517739,-70.30731,0
FRB20220723A,-11.048451,-27.641518,0
FRB20220723B,-8.518236,4.206967,0
FRB20220724A,-10.659442,-4.5228357,0
FRB20220724B,-47.681053,-3.877475,0
FRB20220724C,-34.022465,-29.349195,0
FRB20220724D,4.717589,42.07874,0
FRB20220724E,55.294193,-17.638601,0
FRB20220725B,-50.189556,-9.070734,1
FRB20220726B,-36.96914,-36.48908,0
FRB20220726C,-1.3995479,29.471828,0
FRB20220802A,11.500553,4.3586617,0
FRB20220803A,40.025955,-30.732752,0
FRB20220803B,-5.2701907,3.5497744,0
FRB20220805A,8.002758,3.926198,0
FRB20220806A,-28.261745,7.855918,0
FRB20220807A,5.682395,2.6153898,0
FRB20220807B,-40.042915,-4.200743,1
FRB20220807C,38.797306,15.263654,0
FRB20220808A,-51.944664,12.664431,1
FRB20220809A,28.482939,17.593445,0
FRB20220809B,-1.2768139,-39.103394,0
FRB20220809C,18.930492,1.6140196,0
FRB20220809D,-65.944115,8.146468,1
FRB20220810A,-19.825289,-13.405755,1
FRB20220811A,3.382611,-26.132004,0
FRB20220811B,-2.7743454,-13.675571,0
FRB20220813A,6.365137,-76.17901,0
FRB20220813B,11.363822,-68.2028,0
FRB20220814A,-41.1896,14.95034,0
FRB20220815A,-9.463738,-3.2630854,0
FRB20220816A,-10.612243,-17.15658,0
FRB20220817A,40.0578,-2.8161747,0
FRB20220818A,-43.97155,-3.3923216,1
FRB20220818B,21.291422,-41.50511,0
FRB20220819A,58.103752,24.202011,0
FRB20220819B,-0.82271874,-24.0533,0
FRB20220820A,-5.412923,0.2820143,0
FRB20220820B,37.05583,13.620588,0
FRB20220821A,3.0162852,-1.482062,0
FRB20220822A,-24.675783,-43.134483,0
FRB20220822B,-43.983597,-7.8369713,1
FRB20220822C,-10.280612,3.2838697,0
FRB20220831B,14.719364,0.5364722,0
FRB20220901A,-49.809086,-14.840089,1
FRB20220901B,23.001093,48.15407,0
FRB20220901C,23.909039,22.705723,0
FRB20220902A,-24.833553,-11.024633,0
FRB20220902B,0.7219445,10.392224,0
FRB20220902C,-14.076919,-1.1876426,0
FRB20220902D,41.127136,28.333872,0
FRB20220903A,-21.391157,13.305666,0
FRB20220903B,-8.328137,3.2881973,0
FRB20220904A,-44.422096,22.808535,1
FRB20220904C,-37.304996,34.200706,1
FRB20220904F,-38.65566,35.688015,1
FRB20220905B,-14.918317,-27.078274,0
FRB20220905C,8.08334,-14.351302,0
FRB20220906A,10.524254,33.64513,0
FRB20220906B,-53.545845,-2.0326064,0
FRB20220906C,5.1730947,42.23872,0
FRB20220906D,44.069508,18.343927,0
FRB20220906E,8.012906,-0.90572596,0
FRB20220907A,-63.35131,12.017381,0
FRB20220907B,46.891224,17.629292,0
FRB20220907C,-11.775933,-6.326798,0
FRB20220907D,7.1670837,-15.00323,0
FRB20220908C,32.05405,26.957043,0
FRB20220908D,2.3806288,32.45582,0
FRB20220908G,-56.041298,26.047834,1
FRB20220909D,-37.262524,-13.624765,1
FRB20220910A,-6.6129894,27.294613,0
FRB20220910B,10.374469,-33.472782,0
FRB20220911A,39.423298,12.443779,0
FRB20220911B,-43.00547,17.121725,1
FRB20220911C,-1.2028933,15.108158,0
FRB20220911D,44.26448,-26.266603,0
FRB20220912A,-44.970745,15.973169,1
FRB20220912C,-15.468786,-6.2593055,0
FRB20220913A,16.850237,-46.372055,0
FRB20220913B,22.307976,2.308183,0
FRB20220913C,-1.9608839,46.796494,0
FRB20220914B,8.503136,-14.029031,0
FRB20220915A,-51.58522,-12.57679,1
FRB20220915B,-69.50372,6.0062146,1
FRB20220915C,34.15917,9.177736,0
FRB20220915D,-10.684287,21.593206,0
FRB20220916A,-0.6922132,3.0864234,0
FRB20221012B,-56.60232,25.013412,1
FRB20221012C,-38.00787,28.880241,1
FRB20221012D,-49.74644,20.575842,1
FRB20221012E,10.387323,0.28501588,0
FRB20221013A,-67.08369,16.867804,1
FRB20221013B,-54.023033,-6.3428535,1
FRB20221013C,-64.0604,21.543278,1
FRB20221013D,10.719239,-12.969583,0
FRB20221013E,-10.085666,-29.504778,0
FRB20221013F,9.531246,-8.261835,0
FRB20221013G,43.920776,16.067583,0
FRB20221013H,-33.360546,29.760225,1
FRB20221013I,20.06642,1.8983464,0
FRB20221014A,-8.250616,1.1071055,0
FRB20221014B,30.126991,48.626045,0
FRB20221014C,-43.32668,21.474102,1
FRB20221014D,-52.39513,13.851196,1
FRB20221014E,-4.1256638,4.534743,0
FRB20221014F,-0.28264794,27.304098,0
FRB20221015A,5.7358418,-11.591306,0
FRB20221015B,-66.20146,7.125842,1
FRB20221015C,-5.0805473,2.4443958,0
FRB20221015D,50.30166,33.473045,0
FRB20221017A,-34.136868,-24.666384,0
FRB20221018B,-38.03686,-11.642458,1
FRB20221018C,-41.6451,16.357603,1
FRB20221018D,43.474392,18.342836,0
FRB20221019A,6.2124825,-34.55717,0
FRB20221019B,18.585144,-9.283354,0
FRB20221020A,-33.480534,27.503416,1
FRB20221020B,0.6932479,-14.292083,0
FRB20221020C,2.371225,32.619698,0
FRB20221020D,10.288281,-0.9383249,0
FRB20221021A,-64.57686,10.558007,1
FRB20221021B,-31.993927,0.61631984,1
FRB20221021C,23.846495,24.436733,0
FRB20221021D,51.203094,-9.177707,0
FRB20221021E,41.905704,2.0331573,0
FRB20221021F,35.260944,-28.32055,0
FRB20221022A,30.818651,46.092793,0
FRB20221022B,1.7195492,27.259165,0
FRB20221022C,-43.60001,11.551474,1
FRB20221022D,-24.64675,16.896656,1
FRB20221022E,52.68764,-4.5825253,0
FRB20221022F,-10.921681,-28.24757,0
FRB20221022G,41.75677,-5.0851574,0
FRB20221022H,-8.648721,-46.10428,0
FRB20221022I,2.422896,-0.5959812,0
FRB20221023A,4.8123317,37.341835,0
FRB20221023B,-33.81619,18.490437,1
FRB20221023C,-68.5489,23.817339,1
FRB20221023D,-68.243126,27.82854,1
FRB20221023E,-64.31045,10.4954,1
FRB20221023G,-25.635979,17.364088,1
FRB20221024A,-2.8149157,2.266333,0
FRB20221024C,5.4272037,0.07103601,0
FRB20221025B,-62.524708,9.747706,1
FRB20221025C,-66.69293,20.367882,1
FRB20221025D,-25.608961,1.4733742,1
FRB20221025E,-61.3641,23.722181,1
FRB20221025F,-40.89348,-2.4940329,1
FRB20221025G,-19.35566,10.304174,0
FRB20221025H,1.3227619,27.351387,0
FRB20221025I,-1.9642905,50.759212,0
FRB20221025K,-39.90896,4.3110104,1
FRB20221027B,29.242987,29.041887,0
FRB20221027C,7.3798747,29.069319,0
FRB20221029B,7.9229765,-1.2795084,0
FRB20221029C,8.135039,20.82161,0
FRB20221030A,-47.64441,23.777119,1
FRB20221030B,-55.793835,15.252302,1
FRB20221030C,-33.031307,19.421972,1
FRB20221031A,1.6927841,38.583645,0
FRB20221031B,-43.759323,19.073175,1
FRB20221031C,-36.299904,-3.3646939,1
FRB20221101C,-62.399693,13.176582,1
FRB20221101D,-25.401348,-42.611973,1
FRB20221101E,-58.08461,-3.0805051,1
FRB20221101F,21.62513,21.243952,0
FRB20221101G,-42.48509,15.647699,1
FRB20221102A,-67.13102,26.40747,1
FRB20221102B,-68.45533,25.884573,1
FRB20221102C,-56.26686,18.070791,1
FRB20221102D,-14.925013,-6.861466,1
FRB20221102E,31.857056,9.227779,0
FRB20221103A,-3.7529647,-44.7611,0
FRB20221103B,-57.343903,25.447737,1
FRB20221103C,-47.174488,11.913633,1
FRB20221103D,-59.76501,23.222612,1
FRB20221103E,-21.83305,16.08811,0
FRB20221104A,-54.55385,-0.6672782,1
FRB20221104B,-53.647663,4.580212,1
FRB20221104C,-53.052757,13.053875,1
FRB20221104D,-35.8045,18.696873,1
FRB20221104E,2.272511,-26.845911,0
FRB20221104F,-3.7319186,-22.323538,0
FRB20221105A,-42.061314,-3.8074615,0
FRB20221106B,-62.439632,21.056648,1
FRB20221106C,-62.003403,10.890642,1
FRB20221106D,-62.937904,-3.6228223,1
FRB20221106E,-58.728565,15.989725,1
FRB20221106F,-48.231995,-21.423458,1
FRB20221106G,-35.513832,18.667496,1
FRB20221106H,-37.87706,27.990755,1
FRB20221106I,-4.8165336,0.7396645,0
FRB20221106J,20.22155,54.69395,0
FRB20221107A,-9.186535,-0.91949105,0
FRB20221107B,-5.076288,6.055427,0
FRB20221107C,0.79807043,-24.309814,0
FRB20221107D,-34.84881,-33.382465,0
FRB20221107E,-42.224964,17.609873,1
FRB20221107F,-70.08216,5.0067225,1
FRB20221107G,-45.13485,21.999205,1
FRB20221107H,-53.691193,13.594198,1
FRB20221107I,-56.50679,-3.2175345,1
FRB20221107J,53.075775,9.38811,0
FRB20221107K,13.693282,-0.15204902,0
FRB20221108A,5.2720103,12.1359,0
FRB20221108B,-52.962574,13.234367,1
FRB20221108C,-28.0818,25.77836,1
FRB20221108D,-30.612206,35.379623,0
FRB20221109A,56.010014,11.259022,0
FRB20221109B,-67.101166,20.784336,1
FRB20221109C,-64.699295,19.191795,1
FRB20221109D,-3.5221035,-45.209385,0
FRB20221109E,-9.193778,52.42962,0
FRB20221110A,-8.899177,0.63207155,0
FRB20221110B,1.3444104,35.34889,0
FRB20221110C,19.379036,4.2702737,0
FRB20221111A,2.8189344,-0.47329962,1
FRB20221111B,-43.945923,-3.482765,1
FRB20221111C,5.7220287,-1.7968264,0
FRB20221111D,10.483052,-69.78804,0
FRB20221112A,-68.67706,23.045612,1
FRB20221112B,-56.262768,1.1647398,1
FRB20221112C,-52.296516,2.9672105,1
FRB20221112D,-68.78337,5.3053646,1
FRB20221112E,-69.30292,24.368052,1
FRB20221112F,-50.61223,20.874474,1
FRB20221112G,-37.04518,33.449944,0
FRB20221112H,-13.12581,-0.94621813,0
FRB20221113B,-65.326065,21.761387,1
FRB20221113C,-47.91712,-22.49227,1
FRB20221113D,-68.73204,13.224761,1
FRB20221113E,-1.7997975,29.752848,0
FRB20221113F,-42.02873,15.494616,0
FRB20221113G,1.5659875,27.34536,0
FRB20221113H,13.552015,12.336478,0
FRB20221113I,3.9340124,-13.048249,0
FRB20221114A,-64.89902,21.11105,1
FRB20221114B,-18.614685,-17.592333,1
FRB20221114C,-68.38103,5.719201,1
FRB20221114D,-37.12237,28.745743,0
FRB20221114E,-9.929618,4.6706862,0
FRB20221115B,-50.200695,9.072489,1
FRB20221115C,-57.694023,25.458925,1
FRB20221115D,-41.774075,0.063435405,1
FRB20221115F,-54.49569,10.62909,1
FRB20221116B,-11.842391,0.5438139,0
FRB20221116C,-50.044518,-22.897314,1
FRB20221116D,-67.84109,5.843969,1
FRB20221116E,-69.65446,13.594201,1
FRB20221116F,-70.798355,10.654815,1
FRB20221116G,-7.4602385,-1.5990589,0
FRB20221116H,1.8033236,35.65941,0
FRB20221116J,-66.240036,19.15105,1
FRB20221117A,57.92426,23.649612,0
FRB20221117B,11.8090925,-68.10368,0
FRB20221117C,-1.6646085,29.621464,0
FRB20221117E,-55.230434,-6.0883822,1
FRB20221117F,-56.535717,19.9137,1
FRB20221117G,-68.03829,4.9023685,1
FRB20221117H,-52.400055,12.702124,1
FRB20221117I,-42.60344,30.023232,1
FRB20221117J,-33.127087,17.79463,1
FRB20221118A,-62.93972,-3.8655949,1
FRB20221118B,-33.546597,18.205894,1
FRB20221118C,3.9052672,27.773727,0
FRB20221118D,25.682232,48.788193,0
FRB20221119A,32.909325,45.96598,0
FRB20221119B,-52.930695,-4.260357,1
FRB20221129A,-69.72314,21.04616,1
FRB20221129B,-60.245705,8.52973,1
FRB20221129C,-67.61318,20.684397,1
FRB20221129D,-67.19506,26.843618,1
FRB20221129E,3.1489017,-0.7105211,0
FRB20221130A,-60.042145,8.606712,1
FRB20221130B,-59.45592,16.43374,1
FRB20221130C,-23.932732,12.857282,0
FRB20221130D,-42.081882,-0.4060792,1
FRB20221201A,-7.922516,46.813984,0
FRB20221201B,-52.332542,17.823103,1
FRB20221201C,-66.34695,16.505135,1
FRB20221201D,-66.68783,23.18715,1
FRB20221201E,39.20921,12.656545,0
FRB20221201F,13.708861,2.9841273,0
FRB20221201G,9.0284395,-10.47948,0
FRB20221202A,-69.200264,6.730267,1
FRB20221202B,-36.770744,31.530025,1
FRB20221202C,-50.587795,21.133852,1
FRB20221202D,11.035765,0.4781196,0
FRB20221202E,6.958665,-38.142975,0
FRB20221202F,8.298639,-10.264831,0
FRB20221203B,-26.536957,-24.94137,0
FRB20221203C,-68.73215,7.115134,1
FRB20221203D,-68.33351,22.769466,1
FRB20221203E,-67.83267,23.896378,1
FRB20221203F,-66.89502,24.750565,1
FRB20221203G,-55.98307,14.853022,1
FRB20221203H,-67.26594,21.041563,1
FRB20221203I,-59.39028,16.382221,1
FRB20221203J,-54.430084,20.670528,1
FRB20221203K,-50.739456,16.445337,1
FRB20221203L,-52.184563,19.222633,1
FRB20221203M,-66.58395,24.059202,1
FRB20221203N,-7.607223,9.049228,0
FRB20221203O,21.106281,4.0060873,0
FRB20221204A,-63.784264,9.926894,1
FRB20221204B,-63.944183,22.750248,1
FRB20221204C,-59.805576,28.002691,1
FRB20221204D,-53.760803,6.352482,1
FRB20221204E,-55.940636,1.5956093,1
FRB20221204F,-56.719494,-3.7254834,1
FRB20221204G,-20.128353,14.698354,0
FRB20221205B,-64.14626,9.164845,1
FRB20221205C,-56.873383,-15.263435,1
FRB20221205D,-51.391354,17.265457,1
FRB20221205E,-41.280632,16.375683,1
FRB20221205F,-70.889114,15.288053,1
FRB20221205G,-70.39965,9.385528,1
FRB20221205H,-51.567596,17.822208,1
FRB20221205I,-61.76377,22.204237,1
FRB20221205J,-21.937254,16.20231,0
FRB20221205K,-35.812077,18.716805,1
FRB20221206A,-26.61304,29.86423,1
FRB20221206B,-55.27194,17.23013,1
FRB20221206C,-51.691383,-12.079058,1
FRB20221206D,-66.91394,18.275333,1
FRB20221206E,-53.645638,13.991867,1
FRB20221206F,-53.61999,20.363884,1
FRB20221206G,-30.826164,1.5622255,0
FRB20221206H,-2.216939,43.08596,0
FRB20221206I,-4.1284647,53.068962,0
FRB20221207A,7.2200236,12.11065,0
FRB20221207B,-62.969116,-3.5810187,1
FRB20221207C,-53.544437,-15.161465,1
FRB20221207D,-41.909813,3.5009198,1
FRB20221207E,-39.48603,28.336548,1
FRB20221208A,-69.67922,19.620771,1
FRB20221208B,-68.34203,24.040445,1
FRB20221208C,-69.26125,9.130528,1
FRB20221208D,5.767162,-14.786169,0
FRB20221208E,36.487503,29.382496,0
FRB20221209A,-7.3176007,46.66068,0
FRB20221209B,45.283943,20.178028,0
FRB20221209C,42.135952,-3.7240975,0
FRB20221209D,-10.61618,-24.019344,0
FRB20221210A,-24.362518,-11.754377,0
FRB20221210B,-69.76431,19.017561,1
FRB20221210C,-58.18292,12.94188,1
FRB20221210D,14.57063,4.9694242,0
FRB20221210E,-69.68515,21.49283,1
FRB20221210F,-6.5054216,6.111065,0
FRB20221210G,-41.592224,0.014282713,1
FRB20221210H,16.190712,2.890179,0
FRB20221210I,-10.282957,-0.61395407,0
FRB20221210J,-9.104778,8.348687,0
FRB20221211A,-67.91619,19.597897,1
FRB20221211B,-55.433353,15.828917,1
FRB20221211C,-65.41017,21.613522,1
FRB20221211D,-27.19423,5.268242,0
FRB20221211E,-0.19386804,49.90731,0
FRB20221212A,-57.60204,18.390205,1
FRB20221212C,-50.596153,-4.515021,1
FRB20221213A,-5.1775975,45.00955,0
FRB20221213B,-49.611607,26.909334,1
FRB20221213C,-68.71579,24.829103,1
FRB20221213D,-43.77531,11.358227,1
FRB20221213E,-65.798996,22.857286,1
FRB20221213F,-68.96481,10.203091,1
FRB20221213G,18.426075,45.413074,0
FRB20221213H,52.03463,27.312365,1
FRB20221213I,7.980134,26.177671,0
FRB20221214A,-60.34136,25.549202,1
FRB20221214B,-68.813095,8.432581,1
FRB20221214C,0.92631215,-2.910482,0
FRB20221215A,-43.43089,27.360373,1
FRB20221215B,-59.751686,28.065092,1
FRB20221215C,-7.0966544,-14.528369,1
FRB20221215D,-56.269028,16.674906,1
FRB20221215E,-57.19316,19.109528,1
FRB20221215F,41.841022,27.937168,0
FRB20221215G,-35.119766,33.381226,1
FRB20221215H,26.356808,48.87379,0
FRB20221215I,32.115402,5.960017,0
FRB20221215J,-18.047314,7.9174547,0
FRB20221216A,-66.28381,26.487127,1
FRB20221216B,-64.68398,28.102308,1
FRB20221216C,36.914234,-5.6994014,0
FRB20221216D,-40.974113,-2.429165,1
FRB20221216E,41.892838,-1.3172166,0
FRB20221216F,-14.081269,-5.096946,0
FRB20221217A,-62.48159,25.338715,1
FRB20221217B,-65.47905,10.911607,1
FRB20221217C,-36.48851,-7.908788,1
FRB20221217D,24.223528,16.314098,0
FRB20221218A,-69.66133,23.089079,1
FRB20221218B,-34.793694,22.276125,1
FRB20221218C,31.504202,24.72574,0
FRB20221219B,-57.712498,27.254103,1
FRB20221219C,-42.7847,16.147747,1
FRB20221219D,-45.49806,23.191715,1
FRB20221219E,-57.313427,20.078098,1
FRB20221219F,-8.625623,7.102259,0
FRB20221220A,-64.73029,11.249917,1
FRB20221220B,-66.176,17.59043,1
FRB20221220C,-39.109398,31.797312,1
FRB20221220D,-67.9354,25.038603,1
FRB20221220E,50.882298,-10.829114,0
FRB20221220F,-15.16332,9.410502,0
FRB20221221A,-71.673584,22.287483,1
FRB20221221B,-60.683434,17.890596,1
FRB20221221C,-54.391785,17.360395,1
FRB20221221D,-4.466726,5.9747415,0
FRB20221222A,-37.595215,33.026615,1
FRB20221222B,-55.045837,14.456399,1
FRB20221222C,-64.84059,28.131914,1
FRB20221222D,-70.47297,23.260754,1
FRB20221222E,-67.24833,21.536793,1
FRB20221222F,50.210114,-18.948172,0
FRB20221222G,-14.951933,-3.0751722,0
FRB20221222H,-11.158138,41.559193,0
FRB20221223A,-2.2267992,40.32236,0
FRB20221223B,-57.16351,20.9303,1
FRB20221223C,-64.73411,22.063118,1
FRB20221223D,-42.37505,26.82433,1
FRB20221223E,-38.821384,32.715565,1
FRB20221223F,-2.3755753,-38.95657,0
FRB20221223G,-25.171309,15.336317,0
FRB20221223H,4.197095,-11.902162,0
FRB20221223I,-50.387146,5.5486097,1
FRB20221224A,-57.454468,13.580502,1
FRB20221224B,-67.09651,11.264167,1
FRB20221224C,-58.826218,18.859116,1
FRB20221224D,-51.936882,16.597992,1
FRB20221226A,-67.60301,19.749899,1
FRB20221226B,-65.10973,21.790878,1
FRB20221226C,-38.530167,25.663132,1
FRB20221226G,52.76181,29.71294,0
FRB20221227A,-52.615894,13.243317,1
FRB20221227B,-35.24542,22.538773,1
FRB20221227C,32.00185,26.858046,0
FRB20221228A,19.038713,37.99448,0
FRB20221230A,-57.229527,18.99381,1
FRB20221230B,-40.162025,4.1173363,0
FRB20221230C,53.802734,9.868886,0
FRB20221231A,-45.669743,11.836732,1
FRB20221231B,-63.79702,27.060307,1
FRB20221231C,-55.833256,12.46947,1
FRB20221231D,-15.961482,11.482474,1
FRB20221231E,-17.192627,7.9629583,0
FRB20221231F,13.228443,-74.1623,0
FRB20221231G,-4.859548,4.8957596,0
FRB20230101A,-57.247856,17.732904,1
FRB20230101B,19.21248,40.144226,0
FRB20230101C,30.089115,17.743334,0
FRB20230102A,-66.131165,18.013283,1
FRB20230102B,-68.7389,19.056213,1
FRB20230102C,-71.61444,21.535572,1
FRB20230102D,-4.9419622,1.5037676,0
FRB20230103A,6.558782,-1.9672595,0
FRB20230103B,-1.4725878,-15.586045,0
FRB20230104A,-68.27063,13.588235,1
FRB20230104B,-66.4589,25.164583,1
FRB20230105A,-67.980545,11.159867,1
FRB20230105B,-62.813705,20.780376,1
FRB20230106A,-68.250084,8.765593,1
FRB20230106B,26.883543,20.899221,0
FRB20230106C,-62.243504,13.0250025,1
FRB20230106D,-58.059372,18.63512,1
FRB20230107A,-48.571335,13.971849,1
FRB20230107B,-64.91226,27.545147,1
FRB20230107D,-51.403618,-6.1194806,0
FRB20230110A,-2.9461806,50.461826,0
FRB20230112A,-10.895505,-0.48316422,0
FRB20230114A,-26.698215,5.2002234,0
FRB20230116A,31.300035,26.430761,0
FRB20230116B,2.3023357,41.58371,0
FRB20230117A,6.9420366,34.359695,0
FRB20230118A,3.3828223,26.12374,0
FRB20230119A,-68.09408,5.881053,0
FRB20230119B,24.782127,16.415224,0
FRB20230120A,22.73068,46.418007,0
FRB20230120B,38.90561,-1.1469176,0
FRB20230122A,-12.553027,7.3581867,0
FRB20230122B,-24.1956,16.164948,0
FRB20230122C,-8.926808,5.290757,0
FRB20230123A,40.277645,-22.766825,0
FRB20230123B,9.38605,-73.645706,0
FRB20230124B,-55.930244,-5.2392855,1
FRB20230125A,-15.870808,11.455898,1
FRB20230125B,24.53015,4.565124,0
FRB20230125C,-25.787622,17.13981,0
FRB20230126A,-15.9484,-9.988274,0
FRB20230126B,-4.084651,5.661007,0
FRB20230127A,-3.1717398,49.801197,0
FRB20230131A,39.10923,13.412756,0
FRB20230201A,-67.035995,-1.8661107,1
FRB20230202A,15.779874,13.895103,0
FRB20230202B,-62.333023,9.672119,1
FRB20230203A,-16.692396,-19.384483,0
FRB20230203B,-52.606316,16.133842,1
FRB20230204A,-5.8418093,1.6663492,0
FRB20230204B,-2.9445095,5.782899,0
FRB20230204C,-36.75366,-11.19348,0
FRB20230204D,24.523376,-24.956734,0
FRB20230205A,-11.666873,41.863045,0
FRB20230206A,-9.162893,52.096634,0
FRB20230207A,47.044907,-3.326364,0
FRB20230208A,10.607782,-70.52883,0
FRB20230209A,18.669903,34.20373,0
FRB20230209B,42.23807,28.795448,0
FRB20230209C,-7.77511,15.346914,0
FRB20230210A,9.607268,33.644722,0
FRB20230210B,-9.157324,4.200379,0
FRB20230210C,3.0718203,1.8105955,0
FRB20230210D,-65.37098,12.648187,0
FRB20230210E,35.19548,11.863083,0
FRB20230210F,-45.81498,9.909544,1
FRB20230214A,-50.89112,16.38553,1
FRB20230214B,-54.18592,13.658687,1
FRB20230215A,-10.912359,2.403327,0
FRB20230215B,35.541256,-2.702802,0
FRB20230216B,-4.0514245,3.388858,0
FRB20230216C,14.203378,8.883144,0
FRB20230216D,22.861973,23.28519,0
FRB20230216E,-70.43073,16.62305,1
FRB20230218A,-49.94307,20.413258,1
FRB20230218B,32.174,10.85334,0
FRB20230218C,6.2325606,-34.747044,0
FRB20230218D,3.241263,-1.8504717,0
FRB20230222A,-10.008514,-27.133656,0
FRB20230222B,22.542192,51.785465,0
FRB20230222D,-2.249597,-43.443363,0
FRB20230223A,15.1570635,-36.953636,0
FRB20230223B,-30.4742,6.955323,0
FRB20230223C,27.131077,20.476233,0
FRB20230223D,9.123706,-1.1477013,0
FRB20230223E,32.845604,-0.16134551,0
FRB20230223F,6.5119276,1.5408784,0
FRB20230224A,4.833491,-13.82315,0
FRB20230224B,25.780302,49.744728,0
FRB20230224C,-6.4377527,3.6387691,0
FRB20230225A,28.414293,19.27092,0
FRB20230225B,34.32125,-2.150329,0
FRB20230226A,57.483715,10.561796,0
FRB20230226C,14.24993,-8.366476,0
FRB20230227A,59.3893,25.62824,0
FRB20230227B,15.216121,-45.22053,0
FRB20230228A,19.72031,-41.569942,0
FRB20230228B,-22.860085,-12.287164,0
FRB20230301A,-44.317482,-22.279728,0
FRB20230301B,60.040104,28.399666,0
FRB20230303A,-10.464489,-3.7330577,0
FRB20230303B,46.66719,20.747032,0
FRB20230304A,-4.991702,8.318324,0
FRB20230305A,-31.494259,2.2585497,0
FRB20230305B,-10.87599,7.4313545,0
FRB20230305C,18.377598,-12.850593,0
FRB20230305D,-7.8552976,1.8483078,0
FRB20230306A,3.2297072,0.07391013,0
FRB20230306B,21.363686,-0.34678093,0
FRB20230306C,19.442839,33.82517,0
FRB20230306D,-45.961727,-7.929521,1
FRB20230306E,24.822731,21.727661,0
FRB20230307B,-5.9828153,11.79772,0
FRB20230307C,-11.737151,46.467377,0
FRB20230307D,21.578114,2.2738266,0
FRB20230307E,8.413541,0.7257628,0
FRB20230307F,-12.533497,-2.5493815,0
FRB20230308A,8.486726,-76.5988,0
FRB20230308B,-5.03398,0.75110364,0
FRB20230308C,21.594458,17.35778,0
FRB20230308D,-49.197906,20.45337,1
FRB20230308E,13.383875,3.201759,0
FRB20230309A,-9.455972,39.11587,0
FRB20230309B,-8.221296,46.11365,0
FRB20230309C,45.650745,-5.2742352,0
FRB20230309D,51.359703,-17.413996,0
FRB20230309E,12.351861,-0.216592,0
FRB20230310A,-9.997628,-28.36931,0
FRB20230310B,-67.9404,21.150488,1
FRB20230310C,-64.990875,19.703733,1
FRB20230311A,11.392109,34.003765,0
FRB20230311B,-35.304554,22.398909,1
FRB20230312A,-64.438324,24.709515,1
FRB20230312B,-57.969036,19.463984,1
FRB20230313A,50.15085,16.046627,0
FRB20230313B,-7.228691,-44.36935,0
FRB20230313C,-14.92251,2.577201,0
FRB20230313E,52.521534,28.934793,0
FRB20230314A,32.144436,47.88239,0
FRB20230314B,-4.4179254,8.775898,0
FRB20230314C,-6.600433,-28.474867,0
FRB20230314D,-57.676212,-5.5246563,1
FRB20230314E,8.68536,-72.03645,0
FRB20230315A,7.95321,-0.71112853,0
FRB20230315B,-62.40085,8.392638,1
FRB20230316A,-0.05193681,33.30667,0
FRB20230316B,-37.54745,-34.39815,0
FRB20230316C,-47.02757,-3.4135182,1
FRB20230316D,-60.370358,18.070225,1
FRB20230316E,-60.71826,18.605402,1
FRB20230316F,-46.686794,20.449139,1
FRB20230316G,-52.62177,11.345316,1
FRB20230316H,-9.424266,7.688097,0
FRB20230317A,-12.219096,-26.548475,0
FRB20230317B,10.338143,-33.047398,0
FRB20230317C,-11.307253,0.6215392,0
FRB20230317D,-59.677505,23.148212,1
FRB20230317E,5.869161,1.4422659,0
FRB20230318A,-2.2370465,40.24741,1
FRB20230318B,35.71823,1.2736549,0
FRB20230318C,-55.640614,17.434172,1
FRB20230319A,-13.560956,6.254751,0
FRB20230320A,-9.139746,0.3481793,0
FRB20230320B,50.94603,15.223157,0
FRB20230321A,-10.659622,35.01958,0
FRB20230322A,-9.705548,-0.29300925,0
FRB20230322B,22.46222,44.492767,0
FRB20230322C,-12.576062,2.7219481,0
FRB20230322D,4.6548076,-40.1667,0
FRB20230323A,-9.316088,23.428692,0
FRB20230323B,22.68037,4.6641273,0
FRB20230323C,31.915924,-10.330366,0
FRB20230324A,-11.5205965,9.408922,0
FRB20230324B,-16.644634,-3.861507,0
FRB20230324C,39.909428,-32.291245,0
FRB20230325A,-7.260693,49.261955,0
FRB20230325B,-62.576736,-5.6936674,1
FRB20230327A,-8.217055,-45.637997,0
FRB20230327B,-21.17276,-11.900589,1
FRB20230327D,-7.2902727,5.3807273,0
FRB20230328A,-5.126656,8.968841,0
FRB20230328B,-25.338762,-10.50536,1
FRB20230328C,5.6355467,19.79511,0
FRB20230328D,6.0661283,3.2475495,0
FRB20230328E,0.9888457,-26.25583,0
FRB20230329A,13.660171,12.266905,0
FRB20230329B,-10.587306,-16.833357,0
FRB20230329C,-43.972527,23.371294,1
FRB20230329D,-54.05625,20.70048,1
FRB20230329E,-54.303577,13.170143,1
FRB20230329F,20.562849,46.8744,0
FRB20230330A,-33.603806,18.723618,1
FRB20230330B,-9.294327,0.9019317,0
FRB20230331A,-16.000856,11.334489,0
FRB20230331B,-10.9137945,-5.1263113,0
FRB20230401A,12.112522,0.5116676,0
FRB20230401B,-6.4451385,7.695522,0
FRB20230402A,21.482098,47.661324,0
FRB20230402B,1.789017,31.846056,0
FRB20230402C,32.196293,5.51764,0
FRB20230402D,38.866417,16.635204,0
FRB20230402E,-3.951575,5.1957245,0
FRB20230402F,30.481857,-25.172813,0
FRB20230403A,-39.817196,33.293377,1
FRB20230404A,35.13695,18.105307,0
FRB20230404B,1.033225,-45.854412,0
FRB20230404C,-68.043686,14.06998,1
FRB20230404D,-61.354088,8.03312,1
FRB20230405A,12.082581,3.821187,0
FRB20230405B,31.800959,9.168394,0
FRB20230405C,-15.025561,-9.913506,0
FRB20230405D,57.240673,10.667746,0
FRB20230405E,17.613949,-45.74721,0
FRB20230406A,31.840794,26.267485,0
FRB20230406B,-14.243757,-1.8168977,0
FRB20230406C,41.708267,-28.989323,0
FRB20230406D,-40.999676,-3.6176705,0
FRB20230406E,-60.675896,10.002694,1
FRB20230407A,-15.18832,-3.2682533,0
FRB20230407B,61.280933,26.295853,0
FRB20230407C,-58.43968,16.02887,1
FRB20230407D,-42.251472,17.843737,1
FRB20230407E,-10.819698,35.437767,0
FRB20230409A,-5.5725784,45.256004,0
FRB20230409B,-12.127125,-0.21315071,0
FRB20230409C,-0.38304254,28.482687,0
FRB20230410A,-0.08623125,47.351288,0
FRB20230410B,-3.7159412,0.36002964,0
FRB20230410C,22.358583,5.7868066,0
FRB20230410D,8.968631,-0.35123497,0
FRB20230410E,10.132241,-72.98199,0
FRB20230410F,9.594191,-75.12003,0
FRB20230410G,48.656036,-2.658735,0
FRB20230411A,40.342705,29.841988,0
FRB20230411B,1.0845654,-40.436928,0
FRB20230411C,16.081474,13.340612,0
FRB20230411D,30.335958,11.153539,0
FRB20230411E,-1.8868909,3.0292442,0
FRB20230411F,26.27617,-7.9430566,0
FRB20230413A,12.770448,2.8729806,0
FRB20230413B,-6.0853686,1.6256865,0
FRB20230414A,37.180794,31.01037,0
FRB20230414B,25.178791,1.1116557,0
FRB20230414C,-66.26645,16.383268,1
FRB20230414D,-16.787395,7.2634053,0
FRB20230415A,28.927395,18.108772,0
FRB20230415B,21.235325,2.9497442,0
FRB20230417A,-1.642496,-39.04057,0
FRB20230417B,-41.457954,-0.2413737,1
FRB20230417C,0.9093632,35.088978,0
FRB20230418A,22.017626,17.840565,0
FRB20230418B,-0.5094641,3.1037824,0
FRB20230418C,-33.558483,18.2577,1
FRB20230418D,-43.55548,27.615938,1
FRB20230418E,-9.324991,24.7422,0
FRB20230419A,5.249625,-1.8045911,0
FRB20230419B,30.217318,18.329092,0
FRB20230419C,11.883984,10.992976,0
FRB20230419D,49.21639,31.745567,0
FRB20230419E,-25.233442,18.080372,1
FRB20230419F,40.822117,-23.337818,0
FRB20230419G,-42.51796,-3.848002,0
FRB20230420A,-11.667475,4.9635,0
FRB20230420B,58.175793,25.130909,0
FRB20230421A,6.0910225,-18.66719,0
FRB20230422A,-32.170296,28.92918,1
FRB20230422B,-28.810928,5.606333,0
FRB20230423A,18.961447,2.0900238,0
FRB20230423B,-62.50067,8.100345,1
FRB20230423C,-8.463728,37.997,0
FRB20230423D,40.906124,-24.041773,0
FRB20230423E,50.68698,-19.706005,0
FRB20230423F,-19.512531,10.336524,1
FRB20230423G,38.009357,11.398668,0
FRB20230424A,16.595232,20.389713,0
FRB20230424B,-11.432693,5.3973994,0
FRB20230424C,42.443584,-4.9120307,0
FRB20230425A,-1.6007305,5.7000113,0
FRB20230425B,-8.161851,39.795486,0
FRB20230425C,20.236712,33.48825,0
FRB20230425D,31.583801,12.831638,0
FRB20230425E,40.09934,0.36233416,0
FRB20230425F,-11.612557,5.0918045,0
FRB20230425G,13.360667,-0.8252916,0
FRB20230425H,10.381871,12.053406,0
FRB20230426A,14.326491,12.479042,0
FRB20230426B,40.358646,-2.9168804,0
FRB20230426C,-4.8111653,3.374348,0
FRB20230426D,-71.47464,21.727713,1
FRB20230426E,38.694584,-32.269836,0
FRB20230426F,-11.972572,36.4179,0
FRB20230427A,22.335526,43.388126,0
FRB20230427B,-55.279427,10.834524,1
FRB20230428A,-11.28235,-27.981686,0
FRB20230428B,-1.4697104,5.33428,0
FRB20230428C,21.543129,5.2205925,0
FRB20230429A,-21.854698,14.984025,0
FRB20230429B,-36.117855,29.50801,1
FRB20230429C,-6.9150963,3.7125258,0
FRB20230429D,-5.853579,42.45311,0
FRB20230429E,-60.54226,27.205221,1
FRB20230429F,-56.103416,14.312358,1
FRB20230430A,4.436239,-13.149556,0
FRB20230430B,-62.004093,25.828676,1
FRB20230501B,6.5646124,2.012649,0
FRB20230501C,50.967976,15.232059,0
FRB20230501D,11.873152,-76.3459,0
FRB20230502A,53.62451,30.149603,0
FRB20230502B,-39.55247,23.578693,1
FRB20230502C,-61.69908,-3.9039125,1
FRB20230502D,-55.489716,-2.0452604,1
FRB20230502E,-67.76802,26.084938,0
FRB20230503A,-26.235712,15.59997,0
FRB20230503B,-46.29546,-7.874011,1
FRB20230503C,-69.82488,23.893303,1
FRB20230503D,10.284902,1.6011981,0
FRB20230504A,6.010837,0.53342307,0
FRB20230504B,-1.932602,54.36045,0
FRB20230504C,-68.930214,10.153918,1
FRB20230504D,-50.278202,-22.823942,1
FRB20230504E,-66.928535,4.727444,1
FRB20230504F,-68.65963,6.234478,1
FRB20230504G,2.2544894,32.615467,0
FRB20230504H,-21.32554,13.603641,0
FRB20230504I,2.1212144,-2.3123848,0
FRB20230504J,-61.94918,11.08008,0
FRB20230504K,-7.5706,-1.3140887,0
FRB20230505A,41.007072,1.8297938,0
FRB20230505B,21.802006,25.227495,0
FRB20230505C,-40.856705,2.9010642,1
FRB20230505D,-55.77342,25.980904,1
FRB20230505E,9.215786,-75.17359,1
FRB20230505F,-35.33165,18.756144,1
FRB20230505G,49.41123,30.275679,0
FRB20230506A,-6.797035,2.7149396,0
FRB20230506B,6.4635143,1.4186648,0
FRB20230507A,-35.036186,33.89392,1
FRB20230507B,-26.140278,15.503174,0
FRB20230507C,26.761757,49.37313,0
FRB20230508A,-42.86179,-23.037367,0
FRB20230508B,4.6564264,1.908605,0
FRB20230508C,-9.469517,35.991985,0
FRB20230508D,6.678944,-73.742714,0
FRB20230509A,-11.4932375,2.4936328,0
FRB20230509B,-10.942806,-5.172138,0
FRB20230510A,-25.479422,35.16462,0
FRB20230510B,-32.76349,17.632141,1
FRB20230510C,-61.73511,13.505062,1
FRB20230510D,6.69479,10.22575,0
FRB20230510E,-32.206665,30.73344,1
FRB20230510F,-50.57492,6.40562,1
FRB20230510G,-37.298576,33.933193,1
FRB20230510H,-38.03323,33.891884,1
FRB20230511A,7.6423464,-75.632,0
FRB20230511B,-2.0251362,3.0744147,0
FRB20230511C,-55.833973,25.059826,1
FRB20230511D,0.3048124,34.95498,0
FRB20230511E,-69.17002,26.381313,1
FRB20230512A,-54.79099,-4.4329686,0
FRB20230512B,36.79136,-1.6818247,0
FRB20230512C,6.8377676,-3.3869522,0
FRB20230512D,-24.008322,-8.927092,1
FRB20230512E,-68.22452,23.09126,1
FRB20230512F,14.618878,21.82565,0
FRB20230513A,51.71928,28.553436,0
FRB20230513B,-26.620174,27.598938,0
FRB20230513C,-14.938761,-9.666734,0
FRB20230513D,-22.113369,13.21269,0
FRB20230514A,31.52556,28.238749,0
FRB20230514B,21.903645,22.710781,1
FRB20230524A,-29.946724,2.5860713,0
FRB20230524B,-41.940643,-3.8750749,0
FRB20230525A,-17.567293,9.727022,0
FRB20230525B,57.62489,22.862764,0
FRB20230525C,9.64593,-72.70457,0
FRB20230525D,48.98991,27.06865,0
FRB20230527A,-41.514053,16.247126,1
FRB20230527B,30.113533,23.02199,0
FRB20230528A,-3.318355,-21.625675,0
FRB20230528B,40.899456,-25.647419,0
FRB20230528C,-66.45441,24.05188,1
FRB20230528D,-40.54725,15.382599,1
FRB20230528E,-25.184755,-20.731466,0
FRB20230528F,9.566676,-20.254925,0
FRB20230529A,-12.882381,-3.295555,0
FRB20230530A,-18.67522,16.675617,0
FRB20230530B,-45.093006,20.376917,1
FRB20230530C,-2.7411761,3.9702837,0
FRB20230601A,8.860566,-76.038994,0
FRB20230601B,-20.999804,18.069414,0
FRB20230601D,-52.44268,4.3531027,1
FRB20230601E,-67.02758,-1.8529248,1
FRB20230601F,-8.885386,6.467337,0
FRB20230601G,-20.63573,16.137846,0
FRB20230602A,14.557366,-1.3434426,0
FRB20230602B,32.371742,30.037367,0
FRB20230602C,-55.757355,15.846972,1
FRB20230602D,-15.184541,-27.270094,0
FRB20230602E,30.227667,25.022469,0
FRB20230603A,-54.89532,17.858889,1
FRB20230603B,-44.28321,-4.21626,1
FRB20230603C,-50.97219,-13.3397045,1
FRB20230604A,-32.73948,7.6556206,0
FRB20230604B,-59.377098,-5.33431,1
FRB20230604C,9.373024,-71.38303,1
FRB20230604D,-65.30964,11.121838,1
FRB20230605A,5.36106,11.380731,0
FRB20230605B,-4.071171,-21.84457,0
FRB20230605C,-68.91252,8.508275,1
FRB20230605D,-58.874367,27.96074,1
FRB20230605E,6.514847,0.0857547,0
FRB20230606A,-47.46426,12.770541,1
FRB20230606B,-43.946068,-3.0316877,1
FRB20230607A,-11.484333,-5.9306,0
FRB20230607B,40.13354,-2.5251977,0
FRB20230608A,-65.19324,19.34234,1
FRB20230614A,19.845589,54.615673,0
FRB20230614B,1.6145124,43.69908,0
FRB20230614C,5.848652,-2.1003745,0
FRB20230615A,-3.6709876,22.326807,0
FRB20230615B,49.382076,-3.2064111,0
FRB20230615C,56.7658,26.648336,0
FRB20230616A,7.893879,47.367348,0
FRB20230617A,-13.73033,2.4368868,0
FRB20230618A,-39.886436,-2.9130902,0
FRB20230618B,42.134613,40.512333,0
FRB20230619A,12.231003,3.6067672,0
FRB20230619B,-66.181206,6.9904633,1
FRB20230620A,-17.822277,7.8768687,0
FRB20230620B,6.751831,29.828932,0
FRB20230621A,11.349511,-0.13703094,0
FRB20230623A,-63.238594,28.12758,1
FRB20230623B,-64.44411,18.826555,1
FRB20230624A,-16.68995,-2.561828,0
FRB20230624B,-67.38303,16.050016,1
FRB20230624C,-65.8387,25.55773,1
FRB20230624D,-7.692652,6.8736567,0
FRB20230625A,-29.979692,5.633754,0
FRB20230625B,-51.88387,-12.105137,1
FRB20230625C,-26.212421,-13.444573,0
FRB20230625D,6.806672,-12.137732,0
FRB20230626B,31.149927,25.197466,0
FRB20230626C,-66.40233,25.784222,1
FRB20230626D,-67.284294,16.788525,1
FRB20230626E,-67.35969,23.445345,1
FRB20230626F,-11.538061,9.5072975,1
FRB20230627A,-56.68989,0.4722022,1
FRB20230627B,-56.4948,16.697695,1
FRB20230627C,-47.16769,9.739463,1
FRB20230627D,-52.874035,14.49937,1
FRB20230627E,26.435795,-7.8739533,1
FRB20230627F,-3.6459556,5.2827616,0
FRB20230627G,-54.76597,15.97247,1
FRB20230628B,8.510164,-2.5222192,0
FRB20230628C,31.187468,-6.1579833,0
FRB20230628D,-55.99498,0.9970786,1
FRB20230628E,-56.814632,26.093386,1
FRB20230628F,-67.67764,10.189696,1
FRB20230628G,-67.77457,9.790031,1
FRB20230629A,4.5490265,37.591805,0
FRB20230629B,-68.80502,15.679061,1
FRB20230629C,-57.633633,18.912302,1
FRB20230629D,-41.150196,21.734476,1
FRB20230629E,-70.04902,18.310986,1
FRB20230629F,-3.8314447,2.6183643,0
FRB20230629G,-5.7032256,-28.13202,0
FRB20230629H,2.8389955,-42.357796,0
FRB20230629I,-18.916319,-16.452,0
FRB20230629J,-10.988842,5.2031,0
FRB20230630A,-21.996048,30.905642,0
FRB20230630B,-6.0662923,42.147358,0
FRB20230630C,-42.820282,29.81547,1
FRB20230630D,-68.374054,27.99315,1
FRB20230630E,-66.46086,6.997952,1
FRB20230701A,-43.072956,21.944382,1
FRB20230702A,52.559574,33.085056,0
FRB20230702B,26.520279,-8.8375845,0
FRB20230702C,-63.26062,11.135455,0
FRB20230702D,-57.867165,27.995024,1
FRB20230702E,-67.799805,19.096918,1
FRB20230702F,11.152972,2.588753,0
FRB20230703A,-3.3641613,13.378358,0
FRB20230703B,-4.824325,5.235871,0
FRB20230703C,6.5677805,9.94895,0
FRB20230703D,-54.681293,-0.7725238,1
FRB20230703E,40.43791,28.175007,0
FRB20230703F,-15.261224,-3.1528025,0
FRB20230704A,-4.960234,2.5919125,0
FRB20230704B,-65.12335,16.959225,1
FRB20230704C,9.139104,-33.87331,0
FRB20230704D,-16.675117,10.028658,0
FRB20230705A,33.812706,18.25854,0
FRB20230705B,-61.73806,24.390825,1
FRB20230705C,-63.602737,10.380446,1
FRB20230705D,-23.311525,14.007022,0
FRB20230705E,16.23087,-37.32919,0
FRB20230706A,-45.896606,12.481366,1
FRB20230706B,-20.214462,-10.0623455,1
FRB20230706C,36.11963,-3.5964966,0
FRB20230706D,-33.967194,-29.350155,0
FRB20230706E,7.800551,-73.54277,0
FRB20230708B,-66.37747,11.667817,1
FRB20230708C,-37.808056,29.293453,1
FRB20230709A,-45.70927,23.201748,1
FRB20230709B,11.608492,2.6439767,0
FRB20230710A,-11.549092,5.8905697,0
FRB20230710B,-68.666016,7.5529356,1
FRB20230712B,24.072151,16.42006,0
FRB20230712C,-52.29923,3.5242264,1
FRB20230712D,-63.836636,21.835058,1
FRB20230712E,-52.148624,19.34638,1
FRB20230712F,-70.1897,21.95511,1
FRB20230712G,-62.57209,12.281672,1
FRB20230712J,-64.899,25.433943,1
FRB20230713A,-63.20343,11.60976,1
FRB20230713B,20.772099,48.500233,1
FRB20230713C,-51.417282,4.0543385,1
FRB20230713D,-70.75994,21.265945,1
FRB20230713E,-66.83805,4.9067936,1
FRB20230713F,-49.52911,19.395298,1
FRB20230714A,-9.671735,39.005028,0
FRB20230714B,-55.890457,-13.441342,1
FRB20230715A,-67.70276,2.7585638,1
FRB20230715B,22.259468,0.5525019,0
FRB20230716A,15.744379,-36.972553,0
FRB20230717A,-1.5394251,47.043083,0
FRB20230717B,-2.5598724,1.9646819,0
FRB20230717C,-9.241172,50.755466,0
FRB20230718B,-9.2003145,5.061359,0
FRB20230718C,-18.43139,-9.759532,0
FRB20230719A,-52.39059,17.169586,1
FRB20230719B,7.9249787,-73.53252,0
FRB20230720A,-11.912447,-26.5373,0
FRB20230720C,30.582722,28.720495,0
FRB20230720D,-8.978973,37.432022,0
FRB20230721A,23.945326,24.23014,0
FRB20230721B,-55.674732,26.062347,1
FRB20230721C,-0.5099421,-44.071033,0
FRB20230722A,-8.933181,-35.74591,0
FRB20230722B,-4.743412,2.1010041,0
FRB20230724A,-10.054964,34.325184,0
FRB20230724B,-12.424138,-2.6888576,0
FRB20230725A,7.0178995,-7.8906894,0
FRB20230725B,53.040493,29.885067,0
FRB20230725C,-51.7114,-14.845115,1
FRB20230725D,-59.43763,-4.985579,1
FRB20230725E,6.735908,-74.20911,0
FRB20230725F,41.561035,28.923914,0
FRB20230725G,26.832043,19.762266,0
FRB20230726A,-29.221838,25.580334,1
FRB20230726B,-9.2759905,5.879141,0
FRB20230727A,5.206207,0.5276755,0
FRB20230727B,-8.067371,9.0382,0
FRB20230727C,37.711235,-1.7358488,0
FRB20230728A,-8.264011,0.26856005,0
FRB20230728B,-30.828537,2.1114798,0
FRB20230728C,5.9941106,1.2336986,0
FRB20230728D,-64.688286,17.088005,1
FRB20230729A,-6.519835,24.96095,0
FRB20230729B,40.025448,-22.03151,0
FRB20230729C,3.1555114,-44.99187,0
FRB20230730A,21.948912,54.349083,0
FRB20230730B,7.4370675,-37.269253,0
FRB20230730C,-2.9930286,4.696428,0
FRB20230801A,31.136581,16.779556,0
FRB20230801B,5.970498,-9.857656,0
FRB20230802A,-6.8561068,52.18433,0
FRB20230802B,-8.817708,-39.894917,0
FRB20230802C,-55.44723,12.917158,1
FRB20230802D,8.624967,-1.8631257,0
FRB20230803A,-52.00035,17.638155,1
FRB20230803B,-53.312775,-2.2938714,1
FRB20230803C,-8.276048,25.16259,0
FRB20230803D,35.262657,43.53423,0
FRB20230804A,-60.291355,1.3369886,1
FRB20230805A,53.866203,29.292559,0
FRB20230805B,-62.259,8.00599,1
FRB20230805C,35.146313,-2.5951142,0
FRB20230806A,-68.40173,20.626265,1
FRB20230806B,-68.756424,15.738864,1
FRB20230806C,-61.82867,8.174594,1
FRB20230807A,-2.4137125,43.08556,0
FRB20230807B,-66.83625,15.500338,1
FRB20230807C,-64.580315,22.14776,1
FRB20230807D,-64.20681,9.504971,1
FRB20230808A,-31.72716,1.9588412,0
FRB20230808B,-63.709858,12.163893,1
FRB20230808C,-51.71531,-4.4035344,1
FRB20230808D,-64.776855,25.257849,1
FRB20230808E,-67.96897,19.034195,1
FRB20230810A,11.868046,-72.32928,0
FRB20230811A,37.3827,42.80771,0
FRB20230812A,9.956307,-34.909897,0
FRB20230813A,-18.506601,10.423815,0
FRB20230814C,-15.104887,9.939923,0
FRB20230814D,-9.195541,6.2439723,0
FRB20230814E,-67.8822,24.742876,1
FRB20230814G,-42.579556,-31.666578,0
FRB20230814H,0.8791581,10.331271,0
FRB20230815A,-45.462753,10.122353,1
FRB20230815B,-52.3541,3.992038,1
FRB20230815C,-69.99709,10.241249,1
FRB20230815D,-21.494179,31.614439,0
FRB20230817A,-34.032085,-29.299635,0
FRB20230817B,-7.41553,15.120253,0
FRB20230818A,-49.835403,26.875517,1
FRB20230825A,-20.874605,15.463776,0
FRB20230825B,-25.161085,15.264277,0
FRB20230825C,37.35328,34.921127,0
FRB20230825D,-25.218302,-11.254905,0
FRB20230825E,-36.292435,-3.3695812,0
FRB20230825F,-12.184512,41.989117,0
FRB20230825G,-60.439983,26.320444,0
FRB20230825H,-66.40735,11.719707,0
FRB20230825I,-13.89415,-4.6344657,0
FRB20230825J,24.022709,1.1594996,0
FRB20230826A,-13.694213,46.787846,1
FRB20230826B,-63.91183,16.79731,1
FRB20230826C,-58.02392,13.1972,1
FRB20230826D,-62.272007,21.164848,1
FRB20230826E,-36.938587,-12.407017,0
FRB20230827A,18.540916,33.283157,0
FRB20230827B,-38.895786,33.02963,1
FRB20230827C,-41.50912,23.30004,1
FRB20230827D,26.264507,-5.253365,0
FRB20230828A,-10.902916,47.14044,0
FRB20230828C,-20.919834,16.205051,0
FRB20230828D,-65.198524,20.915417,1
FRB20230829A,-69.3849,18.091963,1
FRB20230829B,44.347702,16.729147,0
FRB20230830A,9.4016,-7.906999,0
FRB20230831A,2.912228,27.24616,0
FRB20230831B,-56.984764,15.264005,1
FRB20230831C,-60.98359,7.700143,0
FRB20230831D,20.354311,48.73414,0
FRB20230831E,6.986817,-71.46192,0
FRB20230901A,-38.97318,32.016823,1
FRB20230901B,38.459835,14.760348,0
FRB20230902B,-32.61784,20.061646,1
FRB20230902C,9.070617,-12.445564,0
FRB20230903A,-43.628197,26.921417,1
FRB20230904A,10.154108,34.80573,0
FRB20230904B,-44.107216,-7.9125943,1
FRB20230904C,-4.3330665,-27.910727,0
FRB20230905A,27.659687,47.792694,0
FRB20230905B,-57.57827,16.936552,1
FRB20230905C,25.05074,2.266199,0
FRB20230905D,-8.622689,57.39484,0
FRB20230906A,-8.752792,-0.8924435,0
FRB20230906B,-39.400352,9.024523,0
FRB20230907A,-66.92005,10.984227,1
FRB20230907B,-62.42941,25.473845,1
FRB20230908A,-69.249435,20.887419,1
FRB20230908B,-52.111588,7.7051673,1
FRB20230908C,-5.3279333,39.007877,0
FRB20230909A,-12.055142,-2.3935516,0
FRB20230909B,-57.1958,26.331627,1
FRB20230909C,-51.532516,17.380821,1
FRB20230909D,11.952305,2.6863863,0
FRB20230909E,2.2714489,-0.9389254,0
FRB20230909F,42.001972,20.842041,0
FRB20230910A,-48.28303,23.77421,1
FRB20230910B,-52.403465,4.223025,1
FRB20230910C,-18.594229,-9.842391,0
FRB20230910D,15.375503,-8.37029,0
FRB20230911A,-7.20463,49.13781,0
FRB20230911B,-10.058642,55.853653,0
FRB20230912A,2.6924093,-26.318155,0
FRB20230912B,-10.553214,6.51584,0
FRB20230912C,35.742825,43.13494,0
FRB20230912D,-46.89862,-23.681383,1
FRB20230912E,-40.86908,19.807833,1
FRB20230912F,10.9117,-75.08804,0
FRB20230913A,32.195835,47.48118,0
FRB20230913B,-45.89838,22.247328,1
FRB20230913C,-67.22157,26.787363,1
FRB20230913D,11.66222,-74.32211,0
FRB20230913E,-52.96886,-9.229212,1
FRB20230914A,-34.274353,-25.971855,1
FRB20230914B,-67.415085,25.002651,1
FRB20230914C,8.807796,0.70945036,0
FRB20230915A,-5.987621,42.28804,0
FRB20230915B,-11.51626,0.773187,0
FRB20230915C,-5.4537363,0.55366504,0
FRB20230915D,19.018278,-39.327377,0
FRB20230915E,5.4035726,-10.642363,0
FRB20230915F,-38.30331,-23.10377,0
FRB20230915G,-13.395937,-3.3931756,0
FRB20230915H,25.17975,1.9162309,0
