frb_id,tsne_1,tsne_2,label
FRB20180725A,37.515026,28.698206,0
FRB20180727A,-13.064206,21.54284,0
FRB20180729A,-4.947781,32.080173,0
FRB20180729B,-12.661025,16.216927,0
FRB20180730A,-0.09091904,30.736687,0
FRB20180801A,41.43396,16.44844,0
FRB20180806A,7.9168134,64.99876,0
FRB20180810A,-10.412926,17.958313,0
FRB20180810B,0.53013384,64.22613,0
FRB20180812A,-47.311256,11.705347,0
FRB20180814A,2.663322,61.65513,1
FRB20180814B,40.9736,14.214766,0
FRB20180817A,46.5036,29.37781,0
FRB20180904A,12.804783,35.58152,0
FRB20180906A,-11.037973,17.817194,0
FRB20180906B,43.589275,47.929905,0
FRB20180907A,13.72781,34.6226,0
FRB20180907B,-5.4225235,23.70347,0
FRB20180907C,-7.9954143,19.26839,0
FRB20180907D,-6.8902736,15.842722,0
FRB20180907E,43.505413,47.03221,0
FRB20180908B,14.235796,34.550453,1
FRB20180909A,-17.631603,12.079286,0
FRB20180910A,12.667716,35.29724,1
FRB20180911A,1.70065,-22.489775,0
FRB20180911C,14.706472,34.256508,1
FRB20180912A,-0.91078895,-10.949654,0
FRB20180915A,14.115855,34.22922,0
FRB20180915B,-57.305954,11.097771,0
FRB20180916A,17.623907,13.797205,0
FRB20180916B,14.020663,35.038166,1
FRB20180916C,-7.6237803,15.642492,0
FRB20180917A,15.218677,34.44863,1
FRB20180917B,-0.6613335,16.486534,0
FRB20180918A,43.117954,48.677715,0
FRB20180919A,-50.017124,1.9419352,1
FRB20180919B,-10.384116,24.949497,0
FRB20180920A,-3.838164,11.615715,0
FRB20180920B,-50.026764,2.090545,0
FRB20180921A,14.071626,35.37002,0
FRB20180922A,-14.228141,12.261768,0
FRB20180923A,-18.213167,25.226841,0
FRB20180923C,-35.253994,21.597485,0
FRB20180923D,12.994542,34.84487,0
FRB20180924A,-7.628997,20.159925,0
FRB20180925A,-0.8903548,5.909092,0
FRB20180925B,-15.972618,21.841755,0
FRB20180928A,13.475018,34.773582,0
FRB20181012B,14.010437,34.772892,0
FRB20181013A,-8.480388,25.512482,0
FRB20181013B,15.158284,33.228977,0
FRB20181013C,-12.53016,21.770086,0
FRB20181013E,-21.362074,17.348368,0
FRB20181014A,17.087698,14.700675,0
FRB20181014B,-4.665874,24.354979,0
FRB20181014C,-14.911297,17.376415,0
FRB20181014D,1.3778641,-24.33825,0
FRB20181015A,-8.956725,20.035208,0
FRB20181017A,44.109943,47.029163,1
FRB20181017B,-3.9047756,11.615287,0
FRB20181018A,43.633305,47.958588,0
FRB20181018B,-7.0625343,26.711588,1
FRB20181018C,43.347977,47.773014,0
FRB20181019A,13.996551,32.77738,1
FRB20181019B,-15.524351,22.818808,0
FRB20181019C,14.25796,33.97948,0
FRB20181020A,-3.7530107,15.735779,0
FRB20181022A,-13.704254,21.91983,0
FRB20181022C,-9.36741,20.56459,0
FRB20181022D,-1.1875572,23.354229,0
FRB20181022E,43.42931,47.744957,0
FRB20181022F,43.715664,47.996693,0
FRB20181025A,17.700947,14.155808,0
FRB20181027A,-13.358511,3.8682761,0
FRB20181028A,-55.898434,0.44614354,1
FRB20181030A,13.640917,36.582523,1
FRB20181030B,44.237698,48.55602,1
FRB20181030C,-8.967282,18.309729,0
FRB20181030D,43.20528,48.64924,0
FRB20181030E,43.771095,48.446507,0
FRB20181101A,15.335957,32.89652,0
FRB20181102A,44.57258,48.066746,0
FRB20181104A,-53.057194,-12.153028,1
FRB20181104B,14.423903,34.555397,1
FRB20181104C,43.4803,49.356636,0
FRB20181115A,43.215538,47.754955,0
FRB20181116A,44.24919,48.207882,0
FRB20181116B,44.25457,47.823883,0
FRB20181117A,14.285649,34.006073,0
FRB20181117B,13.738723,36.728607,0
FRB20181117C,14.1795845,33.571404,0
FRB20181118A,43.73803,48.707573,0
FRB20181118B,43.08204,48.123585,0
FRB20181118C,14.9217825,33.299034,1
FRB20181119A,43.110527,47.992134,1
FRB20181119B,17.375744,35.748055,0
FRB20181119C,43.25668,47.651886,0
FRB20181119D,14.987074,34.082554,0
FRB20181119E,43.305126,48.193977,0
FRB20181120B,-7.157399,13.374355,1
FRB20181120C,-12.6922655,2.4210281,1
FRB20181122A,13.9750805,33.92884,0
FRB20181122B,-3.5412118,31.956388,0
FRB20181123A,42.937977,47.84028,0
FRB20181124A,-8.407617,16.891613,0
FRB20181124B,1.7087299,-22.548798,0
FRB20181125A,-48.73799,11.009833,0
FRB20181126A,17.72738,14.146475,0
FRB20181127A,13.696805,34.181953,0
FRB20181128A,42.697105,47.677258,1
FRB20181128B,-35.87362,11.055654,0
FRB20181128C,-46.753773,8.117177,0
FRB20181128D,-2.207383,30.154411,0
FRB20181129A,-3.6053967,24.416355,0
FRB20181129B,44.146496,48.585255,0
FRB20181129C,0.73224956,16.60735,0
FRB20181130A,-41.39862,24.061995,0
FRB20181201A,44.770332,47.380455,0
FRB20181201B,-3.6476645,18.67401,0
FRB20181201D,13.622798,36.089046,1
FRB20181202A,3.1353862,14.522109,0
FRB20181202B,-0.11816154,16.952856,0
FRB20181202C,14.692103,34.68737,0
FRB20181203A,1.2982959,-24.371548,0
FRB20181203B,14.202381,33.51851,0
FRB20181203C,0.84420055,16.635174,0
FRB20181208A,17.701807,14.34962,0
FRB20181208C,-35.364895,-43.639942,0
FRB20181209A,43.477356,47.19094,0
FRB20181213A,-4.6892076,23.118237,0
FRB20181213B,13.865074,36.625057,0
FRB20181213C,7.7882857,64.166214,0
FRB20181214A,33.863697,29.909887,0
FRB20181214B,-13.283433,21.899084,0
FRB20181214C,4.9138904,51.89169,0
FRB20181214D,1.0980598,7.2785234,0
FRB20181214F,38.99788,32.551083,0
FRB20181215A,7.125399,61.404495,0
FRB20181215B,-0.044491854,62.322784,0
FRB20181216A,-9.044366,18.13654,0
FRB20181217A,-8.154862,20.97977,0
FRB20181218A,-23.56242,27.108135,0
FRB20181218B,7.283255,63.044132,0
FRB20181218C,-16.569426,17.931776,0
FRB20181219A,-1.9242183,10.914981,1
FRB20181219B,-13.937811,3.6565912,0
FRB20181219C,42.556328,34.116333,0
FRB20181220A,0.610316,64.209885,0
FRB20181220B,-15.161212,25.228155,0
FRB20181221A,-51.047802,15.443761,0
FRB20181221B,40.870296,33.092144,0
FRB20181222A,-9.782423,11.460323,1
FRB20181222B,38.38153,14.204534,0
FRB20181222C,4.825206,64.29494,0
FRB20181222D,-46.50373,8.133477,0
FRB20181222E,46.02796,35.793365,0
FRB20181223A,43.304203,19.856201,1
FRB20181223B,-4.019726,11.635087,0
FRB20181223C,4.1596837,63.93084,0
FRB20181224A,-1.2111089,61.182358,0
FRB20181224B,42.107502,16.202618,0
FRB20181224C,11.005351,65.60475,0
FRB20181224D,7.9668303,61.4632,0
FRB20181224E,-7.350054,29.594517,0
FRB20181225A,3.0793378,57.903923,1
FRB20181225B,-4.7810407,24.020693,0
FRB20181226A,17.653812,15.778113,1
FRB20181226B,37.265675,36.1362,0
FRB20181226D,-9.257204,25.69305,0
FRB20181226E,-23.294882,26.896702,0
FRB20181226G,3.6846883,63.13386,0
FRB20181227A,-11.129398,19.874506,0
FRB20181228A,11.77053,47.0768,0
FRB20181228B,-43.404774,13.785954,0
FRB20181228C,35.73515,29.910885,0
FRB20181229A,35.449127,27.469372,0
FRB20181229B,-43.217823,2.2064884,0
FRB20181230A,-13.123622,-14.178427,0
FRB20181230B,8.015627,65.44309,0
FRB20181230C,36.215206,30.112875,0
FRB20181230D,0.31484216,-24.626774,0
FRB20181230E,44.37908,35.814285,0
FRB20181231A,9.756058,46.961918,0
FRB20181231B,0.8542472,-24.946688,0
FRB20181231C,-25.69358,25.27806,0
FRB20190101A,35.223755,15.501908,0
FRB20190101B,8.998346,65.63753,0
FRB20190102A,-50.862305,15.378442,0
FRB20190102B,0.31746632,-24.5418,0
FRB20190103A,-12.774065,0.42070505,1
FRB20190103B,11.737656,66.131454,0
FRB20190103C,42.57452,34.039234,0
FRB20190103D,41.561775,24.94368,0
FRB20190103E,7.556222,61.93007,0
FRB20190104A,-6.4455023,23.280128,0
FRB20190104B,44.270718,39.773636,0
FRB20190105A,41.827988,29.853851,0
FRB20190106A,-12.576702,3.7316732,0
FRB20190106B,48.387833,36.05805,0
FRB20190107A,-8.869836,-12.787342,0
FRB20190107B,-10.20129,26.054806,0
FRB20190109A,-4.9630985,16.239132,0
FRB20190109B,12.671078,41.532005,0
FRB20190110A,34.027084,29.485676,0
FRB20190110B,-7.3717036,4.5671463,0
FRB20190110C,1.7418947,65.40762,1
FRB20190111A,45.80362,12.800603,0
FRB20190111B,10.685042,48.233013,0
FRB20190112A,44.006493,20.459846,0
FRB20190113A,-13.229727,3.3126743,1
FRB20190114A,-57.35447,9.667828,0
FRB20190115A,40.36155,21.469698,0
FRB20190115B,-4.627928,20.81447,0
FRB20190116A,41.36757,20.83326,1
FRB20190116B,3.957061,65.23257,1
FRB20190116C,1.5610999,66.36946,0
FRB20190116D,-0.23240454,11.180109,0
FRB20190116E,9.044861,61.279087,0
FRB20190116F,-14.1008835,15.140145,0
FRB20190117A,37.59899,12.480169,1
FRB20190117C,-10.544311,17.775284,0
FRB20190117D,39.45317,13.665295,0
FRB20190118A,-45.82506,27.90696,0
FRB20190118B,43.066498,27.072847,0
FRB20190121A,3.2829247,14.240855,0
FRB20190122A,38.34961,32.742153,0
FRB20190122B,11.746997,49.36681,0
FRB20190122C,37.330303,36.220295,0
FRB20190124A,39.737755,19.732689,0
FRB20190124B,44.409084,17.83028,0
FRB20190124C,6.935154,15.652942,0
FRB20190124D,17.845089,15.028982,0
FRB20190124E,41.683544,19.155247,0
FRB20190124F,52.42361,24.787258,0
FRB20190125A,36.501083,15.015465,0
FRB20190125B,-37.064274,-3.448133,0
FRB20190126A,-6.847163,11.2120695,1
FRB20190127B,13.147467,67.94939,0
FRB20190128A,-17.884039,17.982025,0
FRB20190128B,11.015864,47.80086,0
FRB20190128C,-46.068478,7.5224333,0
FRB20190128D,7.4133134,64.086296,0
FRB20190129A,-11.794848,2.5595403,0
FRB20190130A,43.408005,30.177443,0
FRB20190130B,-49.202934,25.971579,0
FRB20190131B,42.13199,30.528803,0
FRB20190131C,-10.530816,22.917843,0
FRB20190131D,-5.0030465,28.55832,0
FRB20190131E,10.828581,41.626904,0
FRB20190201A,44.25235,37.94449,1
FRB20190201B,-23.19388,27.250675,0
FRB20190202A,-7.9180746,12.236891,0
FRB20190202B,-5.0765758,21.358776,0
FRB20190203A,-49.31057,25.514223,0
FRB20190203B,38.313717,15.553619,0
FRB20190203C,44.51714,36.814312,0
FRB20190204A,4.2229905,61.969913,0
FRB20190204B,-2.2984347,27.426619,0
FRB20190205A,42.809048,29.783197,0
FRB20190206A,2.2047987,13.009929,0
FRB20190206B,11.800453,42.45057,0
FRB20190206C,7.6787314,54.876587,0
FRB20190208A,-52.23447,-13.817552,1
FRB20190208B,-14.302546,12.240142,0
FRB20190208C,37.949387,31.328672,1
FRB20190209A,-55.374706,-3.1914184,1
FRB20190210A,-54.61623,-3.0747523,1
FRB20190210B,-4.6563554,30.926296,0
FRB20190210C,-7.1935916,24.196692,0
FRB20190210D,-37.120796,-10.079615,0
FRB20190210E,-20.689262,20.253233,0
FRB20190211A,7.8289704,65.95129,0
FRB20190211B,38.558197,16.034449,0
FRB20190212A,-46.479275,2.098074,1
FRB20190212B,0.93521357,62.181396,0
FRB20190212C,43.307663,18.88658,0
FRB20190212D,-0.6923187,6.0077553,0
FRB20190213A,-49.13146,5.0413613,1
FRB20190213B,-33.81778,7.5162163,1
FRB20190213C,-13.002794,19.318787,0
FRB20190213D,9.260013,62.640667,0
FRB20190214A,0.32267222,6.855455,0
FRB20190214C,4.6828337,58.048717,0
FRB20190215B,-4.2745366,30.447098,0
FRB20190216A,-10.51197,-9.851288,1
FRB20190217A,35.36233,27.128057,0
FRB20190217B,-1.3450142,11.684707,0
FRB20190218A,-7.0475144,22.59911,0
FRB20190218B,-6.031553,11.504112,0
FRB20190218C,-5.154965,31.98759,0
FRB20190219A,5.4604497,53.390865,0
FRB20190219B,2.440773,8.1260805,0
FRB20190219C,39.19829,14.984902,0
FRB20190220A,-18.041418,25.382433,0
FRB20190221A,41.701096,30.658512,0
FRB20190221B,-2.2413244,17.902992,0
FRB20190221C,1.2899241,7.617531,0
FRB20190221D,38.746834,15.554751,0
FRB20190222A,2.0662317,58.013737,1
FRB20190222B,-41.499153,4.1376386,0
FRB20190222C,-41.395447,23.417307,0
FRB20190222D,6.445339,65.449394,0
FRB20190223A,40.24881,30.699997,0
FRB20190223B,8.529426,61.556957,0
FRB20190224A,-41.57939,4.0305376,0
FRB20190224B,-13.281995,22.44142,0
FRB20190224C,-11.628012,2.5954862,0
FRB20190224D,43.171516,31.50993,1
FRB20190224E,45.374565,14.710697,0
FRB20190226A,12.029166,54.896862,0
FRB20190226B,-4.147897,12.99022,1
FRB20190226C,38.04998,14.301295,0
FRB20190227A,45.999775,13.275871,0
FRB20190227B,-17.571175,21.285122,0
FRB20190228A,13.994292,48.38283,0
FRB20190228B,2.1974635,4.7144613,0
FRB20190301A,38.447685,13.195898,1
FRB20190301B,9.605022,52.706116,0
FRB20190301C,-2.0414782,6.1345367,0
FRB20190301D,41.782734,28.958605,0
FRB20190302A,10.778867,61.580956,0
FRB20190303A,39.337635,14.609719,1
FRB20190303B,47.32269,12.709636,0
FRB20190303C,4.472454,63.383358,0
FRB20190303D,38.968994,15.009664,0
FRB20190304A,37.488285,26.428385,0
FRB20190304B,37.60547,26.36221,0
FRB20190304C,8.603896,58.852528,0
FRB20190307A,13.832823,35.722874,0
FRB20190307B,14.542669,34.412083,0
FRB20190308B,11.280537,42.658432,0
FRB20190308C,-49.978394,10.41638,0
FRB20190309A,-14.952894,20.965607,0
FRB20190313A,40.62594,29.151516,1
FRB20190313B,44.34236,46.62639,0
FRB20190316A,14.278907,56.141064,0
FRB20190317A,-19.23017,20.313457,0
FRB20190317B,7.115996,64.969864,0
FRB20190317C,13.251722,57.043053,0
FRB20190317D,0.37750164,14.841499,0
FRB20190317E,-4.922873,17.371716,0
FRB20190318A,2.3820207,11.21737,0
FRB20190319A,42.368828,31.188143,0
FRB20190320A,11.756773,48.35873,0
FRB20190320B,5.6301956,62.192677,0
FRB20190320C,-11.953005,21.707134,0
FRB20190320D,-13.947576,-13.028999,0
FRB20190320E,9.383673,46.5617,1
FRB20190322A,1.0178038,5.1816497,0
FRB20190322B,-13.056672,20.626055,0
FRB20190322C,-2.3333254,61.522907,0
FRB20190323A,38.667805,31.076977,0
FRB20190323B,46.875957,15.775945,0
FRB20190323C,-18.026407,19.875439,0
FRB20190323D,-14.072485,19.816534,0
FRB20190325A,-3.6707494,15.271593,0
FRB20190325B,-5.0666394,17.34172,0
FRB20190325C,41.03143,27.07139,0
FRB20190326A,41.190536,28.080667,0
FRB20190326B,44.799454,40.89375,0
FRB20190327A,-6.172957,26.585089,0
FRB20190328A,41.205845,21.15619,0
FRB20190328B,11.751144,51.931892,0
FRB20190328C,11.453993,46.447212,0
FRB20190329A,-14.9671335,18.9062,1
FRB20190329B,-0.7969255,17.052263,0
FRB20190329C,-2.7942567,26.1613,0
FRB20190330A,6.35886,63.202374,0
FRB20190330B,0.17863692,62.738167,0
FRB20190401A,3.2685378,13.303854,0
FRB20190402A,7.693138,63.668186,0
FRB20190403A,41.747368,28.447613,0
FRB20190403B,1.372191,11.282612,0
FRB20190403C,39.924114,16.505013,0
FRB20190403D,11.3057165,48.55695,0
FRB20190403E,1.9165298,9.3427,0
FRB20190403F,-2.4314973,7.0412173,0
FRB20190403G,5.4989223,65.630104,0
FRB20190404A,10.506649,48.951096,0
FRB20190404B,-2.462692,32.517857,0
FRB20190405A,-3.0460896,5.7081623,0
FRB20190405B,-6.9108176,13.432033,0
FRB20190406A,40.06866,21.915222,1
FRB20190408A,-8.178622,13.0172205,0
FRB20190409A,41.68137,30.273655,0
FRB20190409B,11.515649,66.05805,0
FRB20190409C,6.478416,62.913383,0
FRB20190409D,39.017574,32.94107,0
FRB20190410A,14.741708,47.18617,0
FRB20190410B,40.725346,33.033062,0
FRB20190411A,-10.998936,17.816692,0
FRB20190411B,-5.593666,21.086971,0
FRB20190411C,42.380054,13.822428,0
FRB20190412A,-2.2050583,27.490871,0
FRB20190412B,-16.435055,-8.26375,0
FRB20190414A,40.065132,22.261147,0
FRB20190414B,-1.4518638,8.344216,0
FRB20190415A,7.230889,64.93319,0
FRB20190415B,12.029305,65.805046,0
FRB20190416A,-0.2770596,11.157188,0
FRB20190416B,43.34899,24.580482,0
FRB20190417A,-51.533104,-14.44819,1
FRB20190417B,-13.893151,-13.081555,0
FRB20190417C,-0.9047434,61.667015,0
FRB20190418A,-41.791603,22.04758,0
FRB20190419A,10.935263,51.228687,0
FRB20190419B,-29.675255,29.24851,0
FRB20190420A,-15.590151,3.039207,0
FRB20190420B,3.1856194,14.119288,0
FRB20190420C,-5.934126,3.965314,0
FRB20190421A,13.313106,58.01155,1
FRB20190421B,46.183517,13.722854,0
FRB20190422A,11.475213,66.13275,0
FRB20190423A,2.5259066,32.111942,0
FRB20190423B,41.31761,18.582603,0
FRB20190423C,-0.91961133,12.723531,0
FRB20190423D,12.535868,47.663372,0
FRB20190424A,-10.1845255,25.247522,0
FRB20190425A,47.30875,15.472002,0
FRB20190425B,42.976505,36.30731,0
FRB20190426A,-39.458588,23.182405,0
FRB20190427A,10.7659025,46.7496,0
FRB20190428A,39.952007,32.93639,0
FRB20190429A,37.8709,17.946209,0
FRB20190429B,44.019447,25.810707,0
FRB20190430A,13.3687935,47.566013,0
FRB20190430B,-8.093244,-12.664255,0
FRB20190430C,12.485673,54.690357,1
FRB20190501B,5.6067476,55.1769,0
FRB20190502A,46.201057,13.182176,0
FRB20190502B,-0.688054,30.432377,0
FRB20190502C,43.030807,36.70678,0
FRB20190515A,-14.464203,-13.8677225,0
FRB20190515B,43.942936,34.57429,0
FRB20190515C,-51.367565,-9.897635,1
FRB20190515D,-8.350864,9.691939,0
FRB20190516B,-7.3535047,6.121921,0
FRB20190517B,-23.306513,19.043875,1
FRB20190517C,9.858949,42.03702,0
FRB20190518A,-24.642204,17.097284,1
FRB20190518B,-10.902898,22.15662,0
FRB20190518C,44.71923,36.495956,0
FRB20190518D,11.640573,42.06775,0
FRB20190518E,42.81382,23.77921,1
FRB20190518G,44.12758,30.610952,0
FRB20190519A,3.8572886,60.23168,1
FRB20190519B,-54.325714,-9.724883,1
FRB20190519C,43.10045,24.077374,1
FRB20190519D,-4.2352157,-9.736816,0
FRB20190519E,39.41157,22.492695,0
FRB20190519F,10.026336,50.356632,0
FRB20190519G,2.1926074,7.9779654,0
FRB20190519H,-5.3534403,31.419853,0
FRB20190519J,12.231421,42.748344,0
FRB20190520A,-42.596897,31.100458,0
FRB20190527A,11.811249,42.93011,0
FRB20190527B,-9.166662,14.079158,1
FRB20190527C,5.9709125,48.64807,0
FRB20190529A,-20.279709,21.264051,0
FRB20190530A,11.669506,45.081467,0
FRB20190531A,-14.1254425,21.875423,0
FRB20190531B,12.998466,34.865284,0
FRB20190531C,-19.321943,22.706272,0
FRB20190531E,12.409752,42.026157,0
FRB20190601A,10.767619,60.060146,0
FRB20190601B,8.673493,49.036816,0
FRB20190601C,17.586405,15.8011055,0
FRB20190601D,13.800553,64.158455,0
FRB20190603A,-16.205917,4.6566215,1
FRB20190603B,12.448218,41.247692,0
FRB20190604A,2.9625096,54.414974,1
FRB20190604C,2.7096019,5.764886,0
FRB20190604D,38.46452,26.63959,0
FRB20190604E,11.124936,49.33266,0
FRB20190604F,7.0969787,55.179806,1
FRB20190604G,6.392356,54.62565,0
FRB20190605A,4.8039923,55.644604,1
FRB20190605B,1.3081535,-21.635958,1
FRB20190605C,-40.53181,26.432228,0
FRB20190605D,-8.102311,13.214742,0
FRB20190606A,38.34016,13.895449,1
FRB20190606B,38.917774,26.604868,0
FRB20190607A,37.271378,36.106552,0
FRB20190607B,37.795853,17.364761,0
FRB20190607C,-23.35517,19.059177,0
FRB20190608A,40.440086,21.588863,0
FRB20190609A,-3.1275847,5.25657,0
FRB20190609B,14.445382,41.67536,0
FRB20190609C,-14.727317,-5.8187585,1
FRB20190609D,5.2432685,61.697906,0
FRB20190611A,12.169823,62.97023,1
FRB20190612A,-13.405307,-9.22298,0
FRB20190612B,11.923542,50.830444,0
FRB20190612C,-2.3481274,27.260788,0
FRB20190613A,41.76322,20.591648,0
FRB20190613B,1.9697073,63.57374,0
FRB20190614A,10.852486,51.871357,0
FRB20190614B,-4.674427,30.170326,0
FRB20190614C,-19.035099,16.414423,0
FRB20190616A,42.923386,25.478004,0
FRB20190617A,-6.1343317,32.048374,0
FRB20190617B,40.985664,29.841856,0
FRB20190617C,-3.7959816,5.4793477,0
FRB20190618A,1.2743372,65.60335,0
FRB20190618B,-1.0206493,61.754932,0
FRB20190619A,0.3228043,-24.708876,0
FRB20190619B,12.146587,55.160934,0
FRB20190619C,-10.870083,15.882646,0
FRB20190619D,42.766823,21.890078,0
FRB20190621A,34.612488,28.828007,1
FRB20190621B,4.564628,62.26967,0
FRB20190621C,-21.416012,24.232088,0
FRB20190621D,34.574257,30.126556,0
FRB20190622A,12.503696,49.643826,0
FRB20190623A,-17.267231,22.647898,0
FRB20190623B,8.919166,62.234505,0
FRB20190623C,-10.005887,19.179968,0
FRB20190624A,39.08629,30.269999,0
FRB20190624B,17.744368,14.004535,0
FRB20190625A,-47.09974,-4.517432,0
FRB20190625C,42.522514,35.583984,0
FRB20190625D,-41.984974,27.084358,0
FRB20190625E,2.3517735,60.397003,1
FRB20190626A,-0.19550182,-21.226503,1
FRB20190627A,-20.08012,21.158123,0
FRB20190627B,45.954365,14.3400755,0
FRB20190627C,-4.638864,28.617413,0
FRB20190627D,1.1243374,-21.552332,0
FRB20190628A,40.001575,21.727806,0
FRB20190628B,-16.74026,25.73335,0
FRB20190628C,5.762676,59.43584,0
FRB20190629A,43.31155,30.387856,0
FRB20190630A,41.32803,40.967884,1
FRB20190630B,41.31796,40.967876,0
FRB20190630C,15.530898,42.44239,0
FRB20190630D,-15.629772,24.711437,0
FRB20190701A,-11.460936,21.208809,0
FRB20190701B,39.31365,30.34021,0
FRB20190701C,11.780402,51.059074,0
FRB20190701D,3.5530632,13.320911,0
FRB20190701E,37.293625,30.378635,0
FRB20190702A,11.173492,63.70848,1
FRB20190702B,10.429934,65.55107,1
FRB20190702C,43.17526,35.66953,0
FRB20190708A,-49.263165,27.441504,0
FRB20190710A,41.329586,40.967453,0
FRB20190710B,-21.792141,19.312902,0
FRB20190710C,41.324253,40.990013,0
FRB20190712A,42.868893,30.816395,0
FRB20190712B,-1.5079372,30.287178,0
FRB20190712C,40.1893,17.740356,0
FRB20190713A,44.897903,39.887375,0
FRB20190713B,49.955574,26.012266,0
FRB20190714B,-2.5022395,17.661736,0
FRB20190714C,-46.27029,11.395129,0
FRB20190714D,-4.2336245,16.601105,0
FRB20190715A,-57.326683,10.788403,0
FRB20190715B,7.6574306,46.637688,0
FRB20190715C,-0.35069385,8.517905,0
FRB20190716A,37.910995,14.594938,0
FRB20190716B,3.2750034,13.677765,0
FRB20190716C,43.55637,35.83601,1
FRB20190716D,-8.37108,24.456373,0
FRB20190718A,-50.4167,7.2928796,1
FRB20190720A,45.755318,14.593243,0
FRB20190720B,4.5809555,62.166264,0
FRB20190721A,-40.107822,31.746048,0
FRB20190721C,12.098909,41.569397,0
FRB20190721D,46.27815,13.037833,0
FRB20190722A,-50.321903,6.167525,0
FRB20190722B,10.047591,43.667744,0
FRB20190723A,14.965691,41.91423,0
FRB20190724A,-3.908504,-14.23267,0
FRB20190725A,-13.387257,22.882969,0
FRB20190726A,42.95488,35.013927,0
FRB20190727A,43.494427,14.06844,0
FRB20190727B,36.247105,30.682762,0
FRB20190728A,6.801662,62.857533,0
FRB20190729A,40.317413,23.509813,0
FRB20190729B,-4.2934504,-8.958868,0
FRB20190804B,-19.362558,20.474545,0
FRB20190804C,36.325573,29.908325,0
FRB20190804D,-18.867748,19.996243,0
FRB20190804E,1.1364573,57.458233,1
FRB20190805A,-23.028215,26.796629,0
FRB20190805B,12.323394,41.35515,1
FRB20190805C,37.49601,23.179176,0
FRB20190805D,46.76306,32.01509,0
FRB20190805E,45.678467,32.79949,0
FRB20190806A,15.0642605,33.431934,1
FRB20190806B,40.74684,21.30487,0
FRB20190806C,46.885704,32.529457,0
FRB20190807A,-5.2942357,5.252473,0
FRB20190807B,41.901127,30.208735,0
FRB20190808A,4.198137,61.822132,0
FRB20190809A,11.339822,60.473312,1
FRB20190809B,-22.028038,15.735953,0
FRB20190809C,40.73307,20.384686,0
FRB20190810A,42.128983,19.146091,1
FRB20190810B,-21.23721,17.510094,1
FRB20190810C,-48.481537,24.656857,0
FRB20190810D,-1.1152517,13.399219,0
FRB20190810F,7.1824985,62.880783,0
FRB20190811A,-10.461267,18.775692,0
FRB20190811B,-9.84644,6.7212086,0
FRB20190811C,39.55612,14.640945,0
FRB20190811D,-4.3774505,-7.805397,0
FRB20190812A,46.783005,13.424467,0
FRB20190812B,5.564279,56.92376,0
FRB20190812C,1.5909123,55.5075,0
FRB20190813A,44.099827,38.67066,0
FRB20190813B,46.154366,13.048873,0
FRB20190813C,-4.9604096,13.712087,0
FRB20190813D,15.040917,41.956425,0
FRB20190814A,49.77637,27.982513,0
FRB20190814B,46.586456,32.06047,0
FRB20190815A,39.68444,31.771399,1
FRB20190815B,-0.9092379,29.899996,0
FRB20190815C,42.64511,13.963659,0
FRB20190815D,-1.2810582,61.420013,0
FRB20190816A,2.9895804,15.807602,0
FRB20190816B,6.477053,45.98514,0
FRB20190817A,5.378295,67.16833,1
FRB20190817B,-43.981415,4.2937865,0
FRB20190817C,-9.065073,19.617403,0
FRB20190817E,13.3005495,59.144276,0
FRB20190818A,-22.975876,2.1270504,0
FRB20190818B,41.55789,15.227964,0
FRB20190818C,-29.96977,28.98073,0
FRB20190818D,10.780716,51.36657,0
FRB20190819A,8.219778,64.59631,0
FRB20190819B,44.055325,20.49932,0
FRB20190820A,45.773212,35.110817,0
FRB20190820B,5.04876,63.849567,0
FRB20190821A,44.682224,17.232573,0
FRB20190821B,43.854996,33.947918,0
FRB20190821C,-1.7697967,30.093925,0
FRB20190821D,6.464159,62.004337,0
FRB20190821E,-4.3584013,20.619883,0
FRB20190822A,-14.526712,2.653916,0
FRB20190823A,44.608776,35.99909,0
FRB20190824A,41.30298,28.389212,1
FRB20190824B,-0.14432976,3.3595545,0
FRB20190824C,-7.3828893,21.727001,0
FRB20190824D,-7.8155527,21.956026,0
FRB20190824E,7.2893744,54.469444,0
FRB20190824I,-10.469877,21.694372,0
FRB20190825A,40.388382,26.002602,1
FRB20190825B,39.150234,16.168823,1
FRB20190825C,-6.860152,11.3413925,1
FRB20190825D,-47.328373,7.2823734,0
FRB20190825E,8.5597105,62.25859,0
FRB20190825G,46.944992,31.91374,0
FRB20190826A,38.790554,32.270374,0
FRB20190826B,0.27871576,59.005867,0
FRB20190827A,-21.970148,-2.3583703,0
FRB20190829A,42.665085,25.944214,0
FRB20190829B,8.100407,60.02948,0
FRB20190829C,14.2476225,56.317204,0
FRB20190901A,-42.196472,23.82142,0
FRB20190901B,48.203213,29.775644,0
FRB20190902A,-45.91275,11.738712,0
FRB20190902B,9.924988,52.42736,0
FRB20190902C,40.093243,22.167639,0
FRB20190902D,-17.761059,25.883293,0
FRB20190902E,-16.077919,15.428952,0
FRB20190903A,-1.5820397,60.986225,0
FRB20190903B,-13.053566,16.07435,0
FRB20190903C,-6.012002,26.504053,0
FRB20190903D,-11.99784,17.795406,0
FRB20190903E,8.525925,69.360146,0
FRB20190904A,-2.2193003,5.39096,0
FRB20190905A,-34.042164,7.772996,1
FRB20190905B,11.121927,41.153988,0
FRB20190906A,-9.07583,-11.379535,0
FRB20190907A,40.97612,18.428177,1
FRB20190907B,7.684706,64.67463,0
FRB20190907C,6.832427,47.20774,0
FRB20190908A,12.989265,67.945816,0
FRB20190910B,42.079113,25.611742,0
FRB20190912A,-14.008906,15.241776,0
FRB20190912B,2.213481,13.080795,0
FRB20190912C,-17.83429,25.772291,0
FRB20190912D,41.100876,24.957584,0
FRB20190912E,39.996925,16.24826,0
FRB20190912F,39.03981,17.11579,0
FRB20190913A,-4.590542,25.092402,0
FRB20190913B,-47.105396,5.318676,0
FRB20190913D,-1.3283406,4.7853513,0
FRB20190913E,35.331512,30.3072,0
FRB20190914A,44.965145,38.806335,0
FRB20190914B,-0.025749313,14.911776,0
FRB20190915A,39.311,22.710424,1
FRB20190915B,42.75996,35.949104,0
FRB20190915C,2.8049338,60.84405,0
FRB20190915D,6.4003315,56.393745,1
FRB20190915E,3.637667,11.903098,0
FRB20190915F,11.465011,44.174614,0
FRB20190916A,39.25948,15.630754,0
FRB20190917A,43.63045,28.446167,0
FRB20190917B,-0.96168107,-10.903992,0
FRB20190918A,9.422696,63.052837,0
FRB20190918B,33.192913,28.904013,0
FRB20190918C,0.86025774,8.87775,0
FRB20190918D,-15.208708,25.176857,0
FRB20190918E,11.908148,67.278076,0
FRB20190918F,14.333002,56.476536,0
FRB20190919A,-3.7880616,24.433323,0
FRB20190919B,5.026995,54.474674,0
FRB20190919C,0.9386982,11.054521,0
FRB20190919D,48.37818,35.9717,0
FRB20190920A,-1.1902351,28.86502,0
FRB20190922A,34.509315,29.344025,0
FRB20190923A,-22.625502,21.650385,0
FRB20190924A,6.891086,63.836086,0
FRB20190925A,38.925568,13.500792,1
FRB20190925B,-32.709045,38.6321,0
FRB20190925C,9.957531,44.587498,1
FRB20190925E,4.9127736,66.25817,0
FRB20190926A,-2.2182674,6.1546245,1
FRB20190926C,10.969074,47.99744,0
FRB20190926D,5.394169,64.61418,0
FRB20190927A,-9.068138,24.991608,0
FRB20190927B,-6.680352,17.66619,0
FRB20190927C,4.0150495,63.372086,0
FRB20190927D,8.158403,62.62774,0
FRB20190928A,-18.66574,26.300688,0
FRB20190929A,11.065099,63.029675,1
FRB20190929B,-11.279154,19.100752,0
FRB20190929C,34.862923,31.170473,1
FRB20190929D,2.436979,64.16974,0
FRB20190929E,41.889446,16.681202,1
FRB20191009A,-8.973057,13.508151,0
FRB20191010A,-1.6942124,9.41981,0
FRB20191010B,6.606501,63.687298,0
FRB20191012B,6.199941,64.10545,0
FRB20191013A,-46.13389,7.4970074,1
FRB20191013C,43.455364,15.065559,0
FRB20191013D,-3.792449,11.615623,1
FRB20191014A,-2.2877688,9.47132,0
FRB20191014B,-25.809502,22.885633,0
FRB20191015A,0.37843236,15.288784,0
FRB20191015B,-0.67696166,16.226244,0
FRB20191016A,-18.43717,17.234934,0
FRB20191017A,-11.840273,19.835222,0
FRB20191018A,-10.727815,25.556236,0
FRB20191018B,35.768463,23.337181,0
FRB20191018C,4.1382217,48.49081,0
FRB20191018D,-20.056725,23.610836,0
FRB20191019A,-15.427962,2.609459,0
FRB20191019B,0.47428748,12.73202,0
FRB20191019C,2.2229686,8.3751,0
FRB20191019D,-17.753717,23.645033,0
FRB20191019E,38.571407,31.304289,0
FRB20191019F,42.49647,17.858973,0
FRB20191019G,13.223535,48.823383,0
FRB20191020A,-10.393023,10.096149,1
FRB20191020C,-16.070307,23.157507,0
FRB20191021A,47.679558,15.0853405,0
FRB20191021B,-40.675686,26.53646,0
FRB20191021C,-1.3419747,29.755808,0
FRB20191023A,11.153301,43.47078,0
FRB20191023B,-1.3887527,20.423101,0
FRB20191023C,34.04399,28.718737,0
FRB20191024A,-14.30908,12.263462,0
FRB20191024B,49.99,26.005783,1
FRB20191024C,-18.080061,14.40898,0
FRB20191025A,0.29906496,5.420812,0
FRB20191025B,39.707283,31.974888,0
FRB20191025C,40.704575,15.829715,0
FRB20191025D,36.61029,21.203896,0
FRB20191026A,-6.5242944,9.007766,1
FRB20191026B,-52.52579,-9.321041,1
FRB20191028A,-15.787057,10.678635,0
FRB20191028B,11.358157,64.12512,1
FRB20191029A,-13.269295,1.8515825,1
FRB20191029C,-16.359539,4.225457,0
FRB20191029D,38.840797,26.41327,0
FRB20191030A,35.71434,23.338379,1
FRB20191030B,-57.57524,5.0686255,1
FRB20191030C,17.677183,15.394479,0
FRB20191030D,-6.802433,32.267292,0
FRB20191030E,-1.5914341,5.515526,0
FRB20191101A,48.007656,14.648961,0
FRB20191101B,-20.414814,22.877518,0
FRB20191101C,37.68716,25.809723,0
FRB20191101D,38.189606,26.11584,0
FRB20191101E,-23.455576,18.884836,0
FRB20191102A,-47.418625,8.419013,0
FRB20191102B,36.764515,28.859314,0
FRB20191102C,0.18918063,7.5884933,0
FRB20191103A,39.03379,21.695265,0
FRB20191103B,12.736974,49.265625,0
FRB20191103C,-12.0359,17.949469,0
FRB20191103D,38.447437,16.684322,0
FRB20191103E,-19.371567,15.911151,0
FRB20191103F,8.869083,58.978657,0
FRB20191104A,-14.836395,21.8148,0
FRB20191104B,-12.012478,20.501476,0
FRB20191104C,36.54477,24.779892,0
FRB20191104D,35.566692,23.71395,0
FRB20191104E,37.158905,20.253183,0
FRB20191105A,-2.3442178,31.803688,0
FRB20191105B,9.12078,59.095436,0
FRB20191106A,35.80943,25.776054,0
FRB20191106B,12.453073,52.43125,0
FRB20191106C,11.841379,57.63598,1
FRB20191107A,-12.316849,-5.816942,1
FRB20191107C,0.5330881,56.970592,1
FRB20191108B,-41.383553,23.592619,0
FRB20191108C,35.62795,23.760736,0
FRB20191108D,36.700897,23.935793,0
FRB20191109B,-17.725836,22.720848,0
FRB20191109C,35.914665,23.44267,0
FRB20191110A,1.4421575,53.090626,1
FRB20191110B,-4.509549,-8.13971,0
FRB20191110C,11.42808,62.097137,0
FRB20191110D,12.381871,61.585415,0
FRB20191111A,-6.5951295,10.909152,1
FRB20191113A,1.3890315,53.133038,1
FRB20191113B,-3.7723334,15.218675,0
FRB20191113C,37.117176,29.07404,1
FRB20191113D,-13.5662365,21.10583,0
FRB20191114A,39.63079,20.362055,1
FRB20191114B,39.068684,21.207727,0
FRB20191114C,-18.377262,13.273641,0
FRB20191114D,4.6493897,13.075562,0
FRB20191114E,2.9722686,14.948765,0
FRB20191114F,-13.355148,-13.967846,0
FRB20191115B,36.377106,24.831303,0
FRB20191116A,39.43937,18.533468,1
FRB20191117A,10.718507,67.98006,1
FRB20191117B,8.812908,60.806477,0
FRB20191118A,35.087147,30.987963,0
FRB20191118B,-47.907856,-4.2068105,0
FRB20191202B,41.510853,31.496918,0
FRB20191202C,-49.136322,27.624685,0
FRB20191202D,39.64076,16.931293,0
FRB20191205A,42.868656,24.84058,1
FRB20191205D,5.2162867,53.612057,0
FRB20191205F,-44.42474,17.946537,0
FRB20191205G,9.588013,60.154415,0
FRB20191206A,2.2561517,56.197086,0
FRB20191206B,34.724236,27.842735,0
FRB20191206C,42.504887,16.409954,0
FRB20191206D,-40.591965,31.5832,0
FRB20191207A,46.32257,15.028939,0
FRB20191207B,-1.9474351,7.399534,0
FRB20191208A,37.281742,20.43885,0
FRB20191209A,-2.211261,17.68752,0
FRB20191209B,-8.033244,21.507547,0
FRB20191209C,13.127313,68.026146,0
FRB20191209D,43.759132,26.653479,0
FRB20191210A,47.69495,14.871753,0
FRB20191210B,6.7126913,54.82227,0
FRB20191210C,-1.4472157,5.8697033,0
FRB20191211A,2.235369,64.40786,0
FRB20191212A,36.230946,24.653076,0
FRB20191212B,-1.5867407,7.9976997,0
FRB20191212C,-1.1825702,23.313242,0
FRB20191212D,-5.096858,23.9557,0
FRB20191212E,-12.605167,17.525698,0
FRB20191212F,3.0245938,54.550682,0
FRB20191213A,44.1297,14.902307,0
FRB20191213B,44.789158,16.618877,0
FRB20191213C,4.251249,53.190414,0
FRB20191213D,-17.0428,23.600441,0
FRB20191214A,-1.1865492,13.029857,0
FRB20191214B,-0.8852165,31.658901,0
FRB20191215A,-52.994442,-11.832033,1
FRB20191215B,-39.660492,22.810375,0
FRB20191215C,9.855843,58.440605,0
FRB20191216A,-4.877429,26.221289,0
FRB20191217A,45.94009,38.34898,1
FRB20191217B,-6.8433337,17.717857,0
FRB20191217D,-15.064422,17.375898,0
FRB20191217E,-12.550921,21.111048,0
FRB20191218A,-49.720352,2.6527157,1
FRB20191218B,39.073204,21.04209,0
FRB20191218D,-21.468458,18.441416,0
FRB20191218E,39.110497,22.284227,0
FRB20191219A,6.782809,59.798233,1
FRB20191219B,39.39105,17.74209,1
FRB20191219F,-1.7406697,33.36996,0
FRB20191219G,4.784985,65.07489,0
FRB20191219H,-7.3393145,16.513357,0
FRB20191220A,44.56128,38.221497,1
FRB20191220B,-18.107115,-11.664757,0
FRB20191220C,5.787407,48.667255,0
FRB20191220E,9.43123,63.577713,0
FRB20191221B,-9.667304,20.709742,0
FRB20191221D,2.9466462,55.055164,0
FRB20191222A,6.649131,46.02025,0
FRB20191223A,42.327896,27.940655,1
FRB20191223C,-3.7062562,29.752884,0
FRB20191223D,43.375637,30.817196,0
FRB20191223E,43.82337,37.788757,0
FRB20191224A,10.696973,42.651398,0
FRB20191224B,-19.259123,17.193722,0
FRB20191225A,9.432859,44.166637,0
FRB20191225B,6.0461617,57.156578,0
FRB20191226A,41.207092,30.800314,0
FRB20191226B,38.672375,17.453691,0
FRB20191226C,-3.344254,24.52271,0
FRB20191226D,-7.3088994,22.194923,0
FRB20191227A,-20.951603,20.40981,0
FRB20191227B,-2.3535483,6.5183783,0
FRB20191227C,40.956554,30.325863,0
FRB20191227D,34.78943,15.784504,0
FRB20191227E,-17.530468,26.430328,0
FRB20191228B,-8.887918,19.275148,0
FRB20191228C,-6.1876593,17.970043,0
FRB20191228D,44.772217,28.173246,0
FRB20191229A,43.715122,36.479916,0
FRB20191229B,-20.538557,20.109348,0
FRB20191230A,2.588577,14.855061,0
FRB20191230B,-4.6028705,28.607578,0
FRB20191230C,11.775684,47.29737,0
FRB20191230D,44.04146,18.178305,0
FRB20191231A,10.45964,57.82874,1
FRB20191231B,3.2680514,55.193913,0
FRB20200102A,11.231617,62.658695,0
FRB20200105A,43.231865,38.331577,0
FRB20200106A,43.192684,31.575893,0
FRB20200106B,-9.837302,16.79315,0
FRB20200106C,-4.99411,26.213877,0
FRB20200106E,37.317093,17.909706,0
FRB20200107A,36.61995,17.427803,0
FRB20200107B,-45.822197,-2.5375261,0
FRB20200109A,9.527093,64.90672,0
FRB20200109B,-31.12171,-8.321197,1
FRB20200109C,-6.837032,17.558035,0
FRB20200109E,7.163682,58.144215,0
FRB20200109F,11.083891,42.324776,0
FRB20200110A,12.238791,51.9102,0
FRB20200110B,-5.740778,25.183222,0
FRB20200111A,-7.8885136,6.7476974,0
FRB20200111B,12.798859,51.68091,0
FRB20200111D,2.527965,4.308463,0
FRB20200112A,-55.288403,4.8547683,1
FRB20200112B,43.599163,14.347198,0
FRB20200112C,7.8534174,61.660515,0
FRB20200112D,-7.424808,9.095074,0
FRB20200112E,-20.70208,16.040773,0
FRB20200113A,10.743815,55.844,0
FRB20200113B,-40.431618,25.7125,0
FRB20200113C,34.893055,28.475883,0
FRB20200114A,-1.4056091,30.309053,0
FRB20200114B,-49.652756,26.399168,0
FRB20200114C,4.6453056,63.665237,0
FRB20200115A,-3.9425068,-28.446074,0
FRB20200115B,-10.001046,16.57944,0
FRB20200115C,45.496788,37.547802,0
FRB20200115D,38.66669,16.028667,0
FRB20200116A,12.359603,54.453346,0
FRB20200116B,5.1718583,12.348766,0
FRB20200116D,46.345516,36.419838,0
FRB20200116E,-44.888065,27.20724,0
FRB20200117A,10.560031,41.5631,0
FRB20200117B,6.74677,48.48644,0
FRB20200117C,38.738914,16.851957,0
FRB20200118A,-13.425134,22.666742,0
FRB20200118B,-7.384718,10.217916,1
FRB20200118C,-18.828516,24.32825,0
FRB20200118D,-48.517387,11.668432,1
FRB20200118E,-6.409604,15.699432,0
FRB20200118F,43.8485,28.827337,0
FRB20200118G,-10.043835,6.791671,0
FRB20200119A,-12.218521,-5.8300014,0
FRB20200119B,-7.777076,8.971168,0
FRB20200119C,10.270641,65.15564,0
FRB20200119D,-20.076479,15.028854,0
FRB20200119E,-5.856177,-14.130466,0
FRB20200120A,-6.644337,10.821556,1
FRB20200120E,38.58283,16.922756,1
FRB20200120F,-44.289097,6.5366096,0
FRB20200120G,13.894222,54.157524,0
FRB20200120I,-1.7294743,16.712772,0
FRB20200121A,-0.20798305,5.003528,1
FRB20200122A,3.1126032,62.081608,1
FRB20200122B,40.223843,16.526258,1
FRB20200122C,7.1053004,60.19928,1
FRB20200122D,-26.846458,17.94554,1
FRB20200122E,44.775677,38.484528,1
FRB20200122F,44.810673,38.19996,1
FRB20200122G,45.081463,38.3215,1
FRB20200122K,8.690632,61.0889,0
FRB20200122L,37.890533,17.477196,0
FRB20200123A,13.659595,64.20901,0
FRB20200124A,-54.48113,-9.886028,1
FRB20200124B,12.026612,63.529163,1
FRB20200124C,-1.3840603,7.2169743,0
FRB20200124D,12.011715,43.132843,0
FRB20200124E,13.377966,60.99578,0
FRB20200125B,-2.9892676,30.674953,0
FRB20200125C,1.271131,-21.52708,0
FRB20200125D,4.1314497,60.777637,0
FRB20200125E,6.976384,60.90503,0
FRB20200126A,38.076096,16.69947,0
FRB20200126B,9.154716,61.502754,0
FRB20200126C,3.9883585,57.979584,0
FRB20200126D,-6.366715,5.0689807,0
FRB20200127A,0.41228428,4.054345,0
FRB20200127B,42.92091,26.646442,1
FRB20200127C,42.693935,47.605667,0
FRB20200128A,-2.8294964,28.670868,0
FRB20200128B,46.83143,15.424847,0
FRB20200128C,-0.23738231,4.145268,0
FRB20200129A,-5.862509,24.274233,0
FRB20200129B,42.75809,21.805223,0
FRB20200130A,-2.14993,32.85295,0
FRB20200130B,-19.262997,26.230957,0
FRB20200131A,33.558296,29.966887,0
FRB20200131B,14.427107,47.425087,0
FRB20200201A,-13.11324,18.634882,0
FRB20200201B,12.775788,57.682667,0
FRB20200202A,1.4800907,53.081093,1
FRB20200202B,-3.4104288,32.366035,0
FRB20200203A,12.587727,62.076115,1
FRB20200203B,3.9569638,56.000557,0
FRB20200203C,10.155943,58.22925,0
FRB20200203D,3.1385515,55.705982,0
FRB20200203E,8.987892,59.09031,0
FRB20200203H,9.103166,59.6631,0
FRB20200204A,9.004225,59.436115,0
FRB20200204B,-50.347862,7.2275224,1
FRB20200204C,8.513367,69.370995,1
FRB20200204D,-8.921261,13.899271,1
FRB20200204E,-16.17683,4.912027,1
FRB20200204F,-6.973372,24.04177,0
FRB20200204G,-4.3907976,21.43245,0
FRB20200204H,41.034344,28.180098,0
FRB20200204I,4.4472055,12.624306,0
FRB20200204K,7.540583,53.02651,0
FRB20200205A,-44.431473,2.3463376,0
FRB20200205B,-12.185533,-5.798196,0
FRB20200205C,14.395883,54.53995,0
FRB20200205D,-4.7196436,28.624,0
FRB20200206A,-4.0260754,31.028063,0
FRB20200206B,-8.1563015,6.587885,0
FRB20200207A,-5.3441615,30.179335,0
FRB20200208A,-43.257675,20.784067,0
FRB20200209A,-13.8632345,20.123325,0
FRB20200210B,-54.089924,-9.561445,0
FRB20200212A,-5.129939,30.26121,0
FRB20200213B,4.952533,59.86265,1
FRB20200213C,4.00505,59.02691,1
FRB20200213D,-1.9161953,61.02839,0
FRB20200213E,39.62922,31.341637,0
FRB20200214A,35.58072,23.102427,1
FRB20200214B,-57.237713,0.24948792,1
FRB20200214C,10.888595,57.415478,0
FRB20200215A,3.4036465,53.124016,1
FRB20200215B,9.64381,58.385967,0
FRB20200216B,-19.220596,22.843231,0
FRB20200217A,36.773914,32.933037,0
FRB20200218A,12.866482,61.159805,0
FRB20200218B,1.2117714,5.109935,0
FRB20200218C,43.69953,15.799651,0
FRB20200218D,-18.957003,24.446672,0
FRB20200219B,-6.959085,26.064184,1
FRB20200219C,-6.185933,25.32255,0
FRB20200220A,38.526096,17.860426,1
FRB20200220E,11.360006,46.35706,0
FRB20200220F,-16.343792,23.562819,0
FRB20200220G,10.815987,55.926556,0
FRB20200220H,-9.208234,14.130879,0
FRB20200220I,1.0612516,10.033584,0
FRB20200221A,-57.425255,4.729382,1
FRB20200221B,-15.648565,10.892008,0
FRB20200222A,-43.067574,14.211543,0
FRB20200222B,4.8881145,54.211655,0
FRB20200222C,42.549534,30.596542,0
FRB20200222D,-3.4844697,32.447544,0
FRB20200222E,-11.5342655,22.548298,0
FRB20200223A,7.530403,60.83509,0
FRB20200223B,9.303364,65.457535,1
FRB20200223C,41.97858,17.794304,0
FRB20200223D,-5.649915,29.816616,0
FRB20200223E,42.240807,35.869347,0
FRB20200223F,1.7467048,64.97726,0
FRB20200224A,41.789536,16.974323,1
FRB20200224C,12.267921,51.775223,0
FRB20200224D,6.9187903,60.10875,0
FRB20200224E,39.05585,16.465702,0
FRB20200225A,44.78863,12.206224,0
FRB20200225B,10.823708,62.831364,0
FRB20200227A,12.760389,55.084404,0
FRB20200227B,41.083828,20.370634,0
FRB20200227C,44.343803,21.008871,0
FRB20200229A,-44.04118,4.10724,0
FRB20200229B,-10.549265,19.774004,0
FRB20200229C,-0.25632092,3.3749433,0
FRB20200229D,-50.207054,7.2687507,0
FRB20200301A,0.4760238,10.863056,0
FRB20200302A,41.982155,17.253576,1
FRB20200302B,2.6354938,58.207165,0
FRB20200302C,37.292595,20.111229,0
FRB20200302E,11.837226,42.588287,0
FRB20200302F,12.664151,47.97107,0
FRB20200302G,-2.088506,7.7108235,0
FRB20200302H,-13.89605,23.201054,0
FRB20200304A,0.37050492,11.761581,0
FRB20200304B,-18.569092,26.53145,0
FRB20200305A,-14.078055,0.79210186,1
FRB20200305B,10.323508,41.567513,0
FRB20200306A,9.110892,63.288013,0
FRB20200306B,2.8362608,53.6393,0
FRB20200306C,10.94208,42.505436,0
FRB20200307B,39.146313,17.03827,0
FRB20200307C,-1.129753,62.044247,0
FRB20200308A,7.45818,54.809757,0
FRB20200308B,40.354057,17.531271,1
FRB20200308C,44.720806,38.466576,0
FRB20200308D,-14.06914,20.76155,0
FRB20200309A,4.8747935,60.977856,0
FRB20200309B,3.2057495,65.83258,0
FRB20200310A,-8.416429,22.678446,0
FRB20200311A,41.88963,14.686105,0
FRB20200311B,42.673134,16.500961,0
FRB20200311C,6.594669,59.41973,0
FRB20200311D,-2.8447165,9.749112,0
FRB20200311E,-42.405926,2.9537044,0
FRB20200312A,-45.20094,6.9343967,1
FRB20200313A,41.26245,18.299547,0
FRB20200313C,-54.39211,-9.0707245,1
FRB20200314A,3.4520445,59.85639,1
FRB20200314B,-9.140717,24.622416,0
FRB20200314D,3.9823084,12.252297,0
FRB20200314E,33.501404,29.708136,0
FRB20200314F,-5.518641,23.7758,0
FRB20200314G,-40.36666,17.049171,0
FRB20200314H,34.432446,29.824875,0
FRB20200315A,47.60826,12.408603,0
FRB20200315C,-41.351303,16.531872,0
FRB20200315D,-2.2073143,27.256338,0
FRB20200316A,-3.8974614,13.530762,0
FRB20200316B,7.1848984,53.232025,0
FRB20200316C,-38.997715,23.23972,0
FRB20200317A,43.3999,15.576122,0
FRB20200317B,-2.454978,33.06469,0
FRB20200317C,-44.701244,24.697233,0
FRB20200317D,11.15076,59.23717,1
FRB20200317E,-6.551111,15.58426,0
FRB20200317F,6.9611692,48.39037,0
FRB20200317G,-12.780109,18.646496,0
FRB20200317H,-11.746077,18.769411,0
FRB20200318A,-10.842869,12.928203,0
FRB20200318B,17.609896,15.855131,0
FRB20200319A,43.471058,36.32182,0
FRB20200319B,8.298492,56.558197,0
FRB20200320A,2.656364,32.201107,0
FRB20200320B,10.657383,42.226646,0
FRB20200320C,5.3939104,59.27105,0
FRB20200320D,37.88469,17.367603,0
FRB20200320E,-12.133229,23.68539,0
FRB20200321B,13.140429,57.083046,0
FRB20200321C,11.237656,58.809246,0
FRB20200321D,-47.740852,11.724557,0
FRB20200321E,-8.853653,13.7971945,0
FRB20200321F,-18.308796,22.07042,0
FRB20200321G,11.84511,42.083767,1
FRB20200322C,-4.7608976,15.622666,0
FRB20200323F,-20.809494,16.246832,0
FRB20200323G,-3.2828474,17.981396,0
FRB20200324A,-54.162193,6.308534,1
FRB20200324E,-42.088123,21.501646,0
FRB20200324F,-11.925013,7.7344832,0
FRB20200324G,6.425956,54.25519,0
FRB20200324H,-16.35684,22.810598,0
FRB20200325A,-18.06193,14.249402,0
FRB20200326A,44.48575,38.4532,0
FRB20200327A,-1.4219161,10.518531,0
FRB20200327B,47.12752,15.44041,0
FRB20200327C,-22.083351,16.1619,0
FRB20200327D,-2.7326803,30.941513,0
FRB20200327E,1.3945109,55.211998,0
FRB20200327F,-18.862865,22.943203,0
FRB20200327G,-14.552494,22.552706,0
FRB20200328A,-3.4614544,30.713993,0
FRB20200328C,-2.4359689,33.0094,0
FRB20200329A,-46.77954,27.48171,0
FRB20200330A,-5.5771346,-14.027832,0
FRB20200330B,12.577617,56.85057,0
FRB20200401A,4.5312505,10.270601,0
FRB20200401B,4.127621,48.491455,0
FRB20200402A,-45.601498,27.955206,1
FRB20200405B,11.162061,42.69265,0
FRB20200412A,13.383178,55.300217,0
FRB20200412B,-2.291478,29.98041,0
FRB20200412C,40.581566,26.398321,0
FRB20200412D,-9.432123,26.550379,0
FRB20200415A,34.05587,29.976452,0
FRB20200415B,-10.401205,25.281012,0
FRB20200416A,43.119602,17.828737,0
FRB20200416B,-6.0545135,26.641392,0
FRB20200416C,2.6515048,65.04398,0
FRB20200416D,0.85608304,10.52961,0
FRB20200417A,-9.384923,-8.99115,0
FRB20200417B,44.664944,39.245106,0
FRB20200417C,-16.187368,21.55659,0
FRB20200418A,-52.672882,-12.4875345,1
FRB20200418B,42.24894,13.9667845,0
FRB20200419B,-1.0861088,6.553501,0
FRB20200419C,4.980705,10.20525,0
FRB20200420A,42.615784,18.403591,1
FRB20200420B,-20.690453,8.454795,0
FRB20200420C,-16.381105,23.023067,0
FRB20200421A,44.491592,38.456474,0
FRB20200421B,36.6826,32.620308,0
FRB20200421C,2.3577065,56.26444,0
FRB20200422A,9.516504,61.600494,1
FRB20200422B,44.857258,39.49609,0
FRB20200422C,34.02254,30.629639,0
FRB20200422D,-22.676447,17.127655,0
FRB20200423B,10.391459,54.361156,1
FRB20200423C,45.35275,22.509428,0
FRB20200423D,41.318756,29.947067,0
FRB20200423E,38.864677,31.142105,0
FRB20200424A,9.123577,53.883995,1
FRB20200424B,9.173692,61.48742,0
FRB20200424C,6.0915804,64.58466,0
FRB20200427A,-4.018899,21.853415,0
FRB20200427B,12.317099,55.919235,0
FRB20200427C,12.051428,47.446335,0
FRB20200428A,-17.862663,12.027802,0
FRB20200428B,38.134434,14.126978,0
FRB20200428C,42.839596,26.661802,0
FRB20200428D,45.781006,34.764275,0
FRB20200428E,-18.448011,17.64745,0
FRB20200429A,11.020573,63.915398,0
FRB20200429B,-1.5588342,26.37904,0
FRB20200429C,-0.53758585,12.022588,0
FRB20200429D,12.424322,54.5373,0
FRB20200430B,38.823574,34.35901,0
FRB20200430C,-3.0358987,8.716675,0
FRB20200430D,5.026031,60.619015,0
FRB20200501A,-8.474327,6.5543356,0
FRB20200501B,-13.350141,1.832005,0
FRB20200501C,6.7983923,61.81973,0
FRB20200502A,5.82134,53.533028,0
FRB20200503A,13.300383,55.651623,0
FRB20200503B,2.2361517,64.519424,0
FRB20200504A,1.2350719,-21.483727,0
FRB20200505A,16.76779,16.593784,0
FRB20200505B,-44.405247,23.871754,0
FRB20200506A,12.640669,55.585957,0
FRB20200506B,13.0439005,57.692524,0
FRB20200506C,-12.262868,18.029772,0
FRB20200506D,-6.868665,11.402384,0
FRB20200506E,16.660318,16.65429,0
FRB20200507A,-3.9082808,28.87292,0
FRB20200508B,-18.239607,23.273872,0
FRB20200508C,-15.298473,24.752445,0
FRB20200508D,6.5217996,56.89969,0
FRB20200508E,10.970601,47.7944,0
FRB20200508F,-4.3046846,-9.297755,0
FRB20200508G,-12.769905,22.243885,0
FRB20200509A,13.354347,59.657677,0
FRB20200509B,44.104237,29.942774,0
FRB20200509C,44.151623,30.153463,0
FRB20200510A,46.80808,12.9071245,1
FRB20200511A,44.661087,22.898737,0
FRB20200511B,38.737133,31.195765,0
FRB20200511C,11.041471,63.021664,0
FRB20200512A,-13.219699,0.64980036,1
FRB20200512B,0.5184079,14.8432865,0
FRB20200512C,-12.764796,15.971276,0
FRB20200512D,12.733411,49.48899,0
FRB20200512E,-12.903253,0.6810226,0
FRB20200513A,2.9510558,60.872437,1
FRB20200513B,-16.100512,2.9050303,1
FRB20200514C,12.558185,67.42775,0
FRB20200514D,-1.1049938,13.776281,0
FRB20200514E,5.3996577,53.18384,0
FRB20200515A,1.6902521,4.808015,1
FRB20200516B,-29.734283,29.201626,0
FRB20200516C,11.282296,52.086323,0
FRB20200516D,-11.200714,12.734043,0
FRB20200516E,4.878917,51.74811,0
FRB20200516F,-6.5540314,-13.991058,0
FRB20200516G,-42.93415,26.753992,0
FRB20200516H,10.954247,49.699364,0
FRB20200518B,-19.411018,10.302823,0
FRB20200519A,-2.4952006,32.633026,0
FRB20200519B,38.150864,28.48356,0
FRB20200519C,43.900486,32.782383,0
FRB20200520A,-0.116002746,11.349116,0
FRB20200520B,10.653146,48.113846,0
FRB20200521A,36.06197,30.721783,0
FRB20200521B,-0.61112255,16.24091,0
FRB20200521C,43.388626,34.82313,0
FRB20200521D,1.7102017,5.0746717,0
FRB20200522A,8.249822,46.675938,0
FRB20200522B,-0.47604412,8.43496,0
FRB20200523B,43.319275,34.85724,0
FRB20200523C,5.3941603,63.10094,0
FRB20200523D,-0.30540538,16.138016,0
FRB20200523E,10.935236,47.960365,0
FRB20200524A,43.785194,35.45862,0
FRB20200525A,1.3850085,-21.691507,0
FRB20200525B,1.6224259,57.714783,0
FRB20200525C,-17.007471,27.358992,0
FRB20200530A,-19.742477,15.407198,0
FRB20200530B,11.86256,51.24429,0
FRB20200530C,45.920395,31.284494,0
FRB20200530D,-6.5153537,-12.17214,0
FRB20200603A,6.134869,58.184025,0
FRB20200603B,-40.63016,-4.684655,0
FRB20200606A,4.7490253,12.584985,0
FRB20200606B,-2.1127107,4.104371,0
FRB20200607B,-7.4571857,4.6269774,0
FRB20200607C,-7.8903637,-12.563547,0
FRB20200607D,-2.154649,16.848192,0
FRB20200607E,-15.008257,20.701286,0
FRB20200608A,6.050082,64.22206,0
FRB20200609A,48.037525,15.209297,0
FRB20200609B,9.550118,61.699223,0
FRB20200609C,-16.562315,-7.9609003,0
FRB20200609D,3.0795774,65.02212,0
FRB20200610A,41.154476,22.595078,0
FRB20200610B,6.548906,66.18867,0
FRB20200610C,-16.950457,-5.6900473,1
FRB20200612A,3.0175805,59.399994,0
FRB20200613A,-57.637936,5.4409914,1
FRB20200613B,7.106787,57.601204,0
FRB20200613C,-53.887123,-2.5902135,1
FRB20200613D,10.795652,67.94935,0
FRB20200614A,-7.59387,11.253158,1
FRB20200614B,2.4495432,58.46006,1
FRB20200615A,39.539726,12.898189,0
FRB20200615B,4.180499,65.26861,0
FRB20200615C,37.731667,11.856601,0
FRB20200615D,-50.364113,6.7103705,0
FRB20200616B,41.850903,13.589262,0
FRB20200617A,-7.6548324,11.909348,0
FRB20200617B,34.79514,30.257391,0
FRB20200617C,-47.476307,-4.4680834,1
FRB20200618A,-7.9821777,19.532915,0
FRB20200619A,-42.49201,18.923828,1
FRB20200620A,-6.2089443,15.537991,0
FRB20200620B,-7.38997,-12.798655,0
FRB20200620C,-11.538451,18.075909,0
FRB20200620D,3.504615,65.328575,0
FRB20200621A,37.287933,16.442528,1
FRB20200621B,44.703922,16.905285,0
FRB20200621C,-15.28507,1.5745935,1
FRB20200621D,44.331226,29.895763,1
FRB20200622A,-14.864384,1.1281068,1
FRB20200623A,10.774906,43.180294,0
FRB20200623B,-13.402231,-14.011676,0
FRB20200624A,43.600136,36.043472,0
FRB20200624B,-7.7096233,22.561073,0
FRB20200624C,-16.247509,15.487005,0
FRB20200624D,-15.029385,23.77688,0
FRB20200625A,14.466888,58.35519,0
FRB20200626A,12.068773,48.112103,0
FRB20200626B,-7.508941,12.697416,0
FRB20200627B,-40.486282,-4.770662,0
FRB20200627C,38.325546,14.972799,0
FRB20200627D,-19.12432,24.64791,0
FRB20200627E,-1.3636014,60.907997,0
FRB20200627F,-27.174286,19.64275,0
FRB20200628A,49.006485,30.80211,1
FRB20200628B,-42.23029,20.964085,0
FRB20200628C,-2.2623367,9.357096,0
FRB20200628D,-3.7029302,18.401659,0
FRB20200629A,-12.637723,-14.548857,0
FRB20200629B,52.324825,27.850859,0
FRB20200629C,17.091825,62.748856,1
FRB20200629D,-9.81534,20.6908,0
FRB20200629E,-9.723456,25.534689,0
FRB20200701A,1.6508365,12.800867,1
FRB20200701C,-14.799722,-14.70255,0
FRB20200701D,17.693554,62.794594,0
FRB20200701E,12.721648,42.54859,0
FRB20200701F,15.426773,62.54471,0
FRB20200701G,48.357697,35.880825,0
FRB20200701H,51.779003,27.675085,0
FRB20200702A,-19.302822,12.436233,0
FRB20200702B,52.838036,27.423426,1
FRB20200702C,52.48888,28.025473,1
FRB20200702D,52.67494,27.996431,0
FRB20200703A,17.655573,62.78041,0
FRB20200704A,3.2981157,13.923988,0
FRB20200705A,15.94438,62.276768,0
FRB20200705B,-8.177893,-6.413827,0
FRB20200705C,-5.4567056,15.711553,0
FRB20200705D,16.769186,64.82258,0
FRB20200706A,18.924221,61.93097,0
FRB20200707A,-1.3563267,17.882761,1
FRB20200708A,53.260426,26.463226,0
FRB20200708B,18.251223,62.134422,0
FRB20200708C,17.825045,63.56975,0
FRB20200708D,1.102772,16.63905,0
FRB20200709A,52.009148,27.793287,0
FRB20200709B,51.039955,26.522291,0
FRB20200709C,-57.615253,5.2354035,1
FRB20200710A,18.348362,62.30281,0
FRB20200710B,17.808693,62.958534,0
FRB20200710C,6.0497875,51.236458,0
FRB20200710D,-1.091182,31.087347,0
FRB20200711A,16.538391,61.246014,0
FRB20200711B,52.27313,28.139664,0
FRB20200711C,14.6036415,50.260227,0
FRB20200711D,-43.897564,32.28641,0
FRB20200711E,16.859066,64.68722,0
FRB20200711F,-2.08665,59.942875,0
FRB20200712A,51.07664,28.00427,0
FRB20200713A,49.728504,30.007078,0
FRB20200713B,46.57669,29.326483,0
FRB20200713C,50.312527,23.553505,0
FRB20200714A,50.0439,29.53675,0
FRB20200714B,51.093204,28.044632,0
FRB20200714C,53.2258,26.4354,0
FRB20200715A,50.30034,23.436396,0
FRB20200715B,0.9063376,65.82568,0
FRB20200715C,52.122284,27.287815,0
FRB20200716A,-3.3842258,32.045948,0
FRB20200717A,-49.796745,25.868778,0
FRB20200717B,-2.0068007,60.174007,0
FRB20200717C,52.24598,27.316233,1
FRB20200717D,-58.3075,8.553769,1
FRB20200717E,-11.685382,4.013704,0
FRB20200718A,-10.806387,17.057734,1
FRB20200718B,51.309765,28.439562,0
FRB20200718C,52.261776,27.144007,0
FRB20200718D,-13.413411,-6.0275874,0
FRB20200719B,0.5881155,56.97764,0
FRB20200720A,16.215652,62.03602,0
FRB20200720B,17.67492,63.063816,0
FRB20200721A,52.518154,27.32318,0
FRB20200721B,12.102756,42.143574,0
FRB20200721C,51.06133,28.274847,0
FRB20200721D,11.681533,41.086136,0
FRB20200721E,49.373302,30.480019,0
FRB20200722A,-10.599118,7.295214,0
FRB20200722B,14.539031,50.007393,0
FRB20200722C,51.26128,27.35122,0
FRB20200723A,-11.348424,12.685891,0
FRB20200723B,-0.78381395,-10.833293,0
FRB20200724A,52.25415,26.930655,1
FRB20200724B,50.966175,26.51526,0
FRB20200724C,-46.884396,5.1281714,0
FRB20200725A,14.367376,49.877285,0
FRB20200725B,-45.362118,12.636199,1
FRB20200726A,15.934948,62.07265,0
FRB20200726B,52.011227,27.598799,0
FRB20200726C,16.430977,61.471996,0
FRB20200726D,-10.361851,10.121287,1
FRB20200726E,51.818623,28.436365,0
FRB20200726F,6.12489,51.23414,0
FRB20200727A,-5.8985763,17.217169,0
FRB20200728A,17.812605,63.66011,0
FRB20200729A,51.666954,28.618755,1
FRB20200729B,14.538594,50.198914,0
FRB20200801A,16.139269,62.169033,1
FRB20200801B,52.296574,27.102007,0
FRB20200801C,-48.947212,-0.26270175,1
FRB20200801D,-3.6439412,3.2470472,0
FRB20200804A,-34.526836,22.973639,0
FRB20200805A,46.595837,35.460667,0
FRB20200806A,-1.264473,10.368224,0
FRB20200806B,14.761573,50.303436,0
FRB20200806C,-8.142902,-6.4758554,0
FRB20200807A,36.247124,32.628387,0
FRB20200807B,12.430229,48.788155,0
FRB20200807C,-15.610895,23.712341,0
FRB20200808A,-36.3165,25.704514,0
FRB20200808B,41.61871,14.6415,0
FRB20200809A,-2.1134522,6.6335564,0
FRB20200809B,44.670197,37.292755,0
FRB20200809C,-14.41344,22.712252,0
FRB20200809D,-50.0153,10.563137,0
FRB20200809E,10.110618,45.422684,1
FRB20200809F,8.095264,64.87487,0
FRB20200809G,38.694958,30.311552,1
FRB20200810A,38.459747,14.456971,0
FRB20200810B,-7.222295,16.376034,0
FRB20200811A,-46.62664,11.252028,0
FRB20200812A,9.668773,51.26248,0
FRB20200812B,-1.9333793,5.8776846,0
FRB20200813A,4.0787516,65.06433,0
FRB20200813B,37.703125,13.873688,0
FRB20200813C,43.767723,25.446777,0
FRB20200813D,17.595106,15.733524,0
FRB20200814A,-3.5822804,30.222647,0
FRB20200814B,-7.6174664,9.191808,0
FRB20200814C,-18.27435,17.876627,0
FRB20200814D,5.854253,63.799305,0
FRB20200814E,-49.87865,15.70028,0
FRB20200814F,44.792503,38.933224,0
FRB20200814G,34.814438,30.191128,1
FRB20200814H,-2.6870909,7.9082594,0
FRB20200815A,41.621197,22.60906,0
FRB20200816A,-45.120865,6.762431,0
FRB20200816B,44.905354,39.801983,0
FRB20200817A,-12.013836,19.552963,0
FRB20200819A,10.376991,54.193913,0
FRB20200820A,8.495428,69.365906,1
FRB20200821A,-45.92307,-4.051199,0
FRB20200821B,-9.065683,13.395366,1
FRB20200822A,46.886,31.997581,0
FRB20200823A,37.37843,13.357081,0
FRB20200823B,-6.156106,26.431173,0
FRB20200824A,12.338972,45.39371,0
FRB20200824B,-6.2280173,16.43034,0
FRB20200824C,-23.470745,17.212116,0
FRB20200824D,-17.10871,22.720287,0
FRB20200825A,34.761326,28.662752,0
FRB20200826A,-18.800581,17.374834,0
FRB20200826B,2.6905088,65.10588,0
FRB20200826C,43.37386,24.4598,0
FRB20200828A,39.364452,14.16816,0
FRB20200828B,39.90634,14.078988,0
FRB20200828C,13.6277075,48.7777,0
FRB20200828D,2.6089709,8.693364,0
FRB20200828E,5.451165,56.856495,0
FRB20200829A,37.009758,28.522383,1
FRB20200830A,-18.352789,24.421747,0
FRB20200830B,5.81707,57.81655,0
FRB20200831A,63.283924,2.1600733,0
FRB20200901A,-58.223476,6.8082027,0
FRB20200902A,72.519936,5.012998,0
FRB20200902B,70.60507,3.3193102,0
FRB20200902C,-43.354305,6.1875715,0
FRB20200903A,-34.73022,-14.301619,1
FRB20200903B,72.59399,4.1004333,1
FRB20200903C,-43.098442,21.586098,0
FRB20200903D,-22.37859,-3.215969,0
FRB20200904A,32.95458,-44.579205,0
FRB20200904B,73.12717,2.3204162,1
FRB20200904C,25.897833,-52.303295,0
FRB20200905A,-27.88515,18.697744,0
FRB20200905B,-56.117,-12.149052,1
FRB20200905C,-36.38868,-14.9630785,1
FRB20200908A,69.94559,0.34449592,0
FRB20200908B,32.06882,-48.4465,0
FRB20200909A,-50.491325,5.4277935,1
FRB20200909B,37.006374,-47.161556,0
FRB20200909C,-39.32118,21.158066,0
FRB20200910A,12.482948,-53.733826,0
FRB20200910B,-38.880714,-0.11592808,0
FRB20200912A,-22.782114,-4.139176,0
FRB20200913A,66.55134,3.0370803,0
FRB20200913B,-20.070663,10.28363,0
FRB20200913C,31.42138,-48.43184,1
FRB20200914A,-24.022652,10.233339,0
FRB20200914B,72.31502,4.3786592,0
FRB20200914C,31.320858,-48.623478,1
FRB20200915B,-17.751863,-10.646543,0
FRB20200915C,73.49026,5.9053245,0
FRB20200915D,-23.447151,0.8445822,0
FRB20200916A,73.472305,4.729534,0
FRB20200916B,70.85703,4.8067474,0
FRB20200916C,-39.0242,-17.211895,0
FRB20200917A,72.88947,5.3640385,0
FRB20200917B,-50.439835,12.831121,0
FRB20200917C,-23.752398,17.524687,0
FRB20200918A,-1.5988479,-24.481031,0
FRB20200918B,30.343964,-46.13777,0
FRB20200918C,30.9413,-49.3431,0
FRB20200919A,70.415794,3.0211267,0
FRB20200919B,-57.791504,6.015469,1
FRB20200919C,71.09079,5.932068,0
FRB20200920A,-31.465578,23.83867,0
FRB20200920B,-31.805061,-2.670124,0
FRB20200921A,-33.78854,34.305996,0
FRB20200921B,31.157108,-50.6168,0
FRB20200921C,31.147598,-44.732914,0
FRB20200922A,-16.060316,20.198782,0
FRB20200922B,-18.373919,-9.965949,0
FRB20200922C,-24.130133,11.708006,0
FRB20200923A,60.8788,0.534466,0
FRB20200923B,20.381945,13.969763,0
FRB20200923C,31.511892,-48.74826,0
FRB20200924A,59.930817,0.6670499,0
FRB20200925A,68.161125,1.604353,0
FRB20200925B,-26.55142,12.540805,0
FRB20200926A,21.212667,14.2856655,1
FRB20200927A,30.594284,-46.27729,0
FRB20200927B,29.348938,-49.662323,0
FRB20200927C,26.864843,-51.793755,0
FRB20200927D,73.339424,4.773923,0
FRB20200928A,-36.857574,1.8603019,0
FRB20200928B,-37.098694,3.1666884,0
FRB20200929A,67.58176,2.6571732,0
FRB20200929B,61.362198,0.41689298,0
FRB20200929C,71.92325,0.06315447,1
FRB20200929E,62.97097,0.50266,0
FRB20200930A,-40.25734,20.518564,0
FRB20201001A,61.483788,0.6796449,0
FRB20201001B,-38.27931,22.572166,0
FRB20201002A,29.121397,-50.48819,0
FRB20201002B,60.744167,0.6427594,0
FRB20201003A,-45.894455,10.954464,0
FRB20201003B,-36.507652,-0.4988297,0
FRB20201004A,67.28377,4.4741483,0
FRB20201004B,-52.32535,-8.6180105,1
FRB20201007A,25.910929,-52.035767,0
FRB20201008A,36.09716,-45.35826,0
FRB20201009A,64.79317,2.7066293,0
FRB20201010A,-18.917505,-10.310337,0
FRB20201010B,-33.98069,37.884964,0
FRB20201010C,-23.6274,-7.126512,0
FRB20201010D,66.41651,0.17327644,0
FRB20201011A,-1.6390103,-24.475615,0
FRB20201013A,25.367418,-51.546043,0
FRB20201014A,-38.9114,-17.027508,0
FRB20201014B,34.25024,-43.48612,1
FRB20201015A,-14.07515,0.13571197,0
FRB20201015B,28.236786,-53.02361,0
FRB20201016A,68.80862,1.7615287,0
FRB20201017A,30.634825,-48.04877,0
FRB20201017B,30.14992,-49.127857,0
FRB20201017C,34.729813,-50.207092,0
FRB20201017D,-7.123243,3.247078,0
FRB20201017E,5.5161123,-55.621212,0
FRB20201017F,29.91107,-49.59175,0
FRB20201017G,30.246935,-49.960396,0
FRB20201018A,-1.7530428,-24.453962,0
FRB20201018B,-16.924082,4.052261,1
FRB20201018C,63.101833,1.6335783,1
FRB20201018D,-38.87187,17.05459,0
FRB20201018E,-36.635105,2.5872855,0
FRB20201019A,-0.29914805,-25.250166,0
FRB20201019B,31.01829,-48.026382,0
FRB20201022A,25.389727,-52.63371,0
FRB20201022C,-23.250206,11.942527,0
FRB20201022D,65.73921,-0.2392342,1
FRB20201023A,-24.50916,-7.126557,0
FRB20201023B,-30.161386,-14.456173,1
FRB20201023D,-1.9708258,-24.618484,0
FRB20201024A,-40.139065,18.453226,0
FRB20201026A,21.701529,15.158582,0
FRB20201026B,74.13659,3.096697,0
FRB20201026C,-36.221214,37.404453,0
FRB20201026D,-30.858187,23.193981,0
FRB20201026E,31.03232,-44.3005,0
FRB20201026F,-19.068325,5.6826687,0
FRB20201027A,62.96295,-0.34735203,0
FRB20201028A,-41.752834,32.97067,0
FRB20201029A,-49.981945,20.27754,0
FRB20201029B,-45.29842,12.698521,0
FRB20201029C,36.463192,-46.3612,0
FRB20201030A,-34.260887,34.4987,0
FRB20201030B,-43.454384,32.372715,1
FRB20201030C,29.381643,-48.969208,0
FRB20201031A,-34.538662,11.00539,0
FRB20201031B,36.30851,-49.421673,0
FRB20201031C,-39.41999,21.129436,0
FRB20201031D,69.92233,1.3389673,0
FRB20201101A,32.16815,-47.06454,0
FRB20201101B,-39.3922,21.16205,0
FRB20201102A,67.58424,0.6104364,0
FRB20201102B,0.059547767,-26.021648,0
FRB20201102C,-35.43134,31.389364,0
FRB20201103A,-15.852654,1.6773863,1
FRB20201103B,32.666878,-50.136215,0
FRB20201103C,33.773697,-50.95439,0
FRB20201104A,66.75044,0.7113307,0
FRB20201104B,60.9515,0.68705344,0
FRB20201105A,61.506195,1.074327,0
FRB20201105B,29.32222,-48.31582,0
FRB20201105C,66.147194,-0.1679382,0
FRB20201105D,-51.321907,20.73378,0
FRB20201107A,32.552174,-47.43823,0
FRB20201107B,32.229874,-46.83649,0
FRB20201108A,71.20594,6.3948007,0
FRB20201108B,28.199472,-51.011097,0
FRB20201108C,66.32219,-0.093793295,0
FRB20201109A,-20.23135,11.880267,0
FRB20201109B,71.36211,5.829276,0
FRB20201110A,33.26579,-46.864704,0
FRB20201110B,33.491512,-46.63202,0
FRB20201111A,-21.918316,11.861878,1
FRB20201111B,31.579077,-49.46231,0
FRB20201112A,-23.199776,10.967868,0
FRB20201112B,-38.536167,-15.531399,0
FRB20201113A,-24.032352,-4.505116,0
FRB20201113B,-32.830105,24.899353,0
FRB20201114A,66.478935,1.6336614,1
FRB20201115A,-51.294,18.013168,0
FRB20201115B,-23.310575,-4.514662,0
FRB20201116A,-0.76421267,-24.940287,0
FRB20201117A,-32.04527,15.600612,0
FRB20201118A,66.47233,1.2669603,0
FRB20201118B,19.190672,13.6069975,0
FRB20201118C,66.67947,1.7105678,0
FRB20201119A,28.764158,-49.28047,0
FRB20201120A,20.136456,14.693009,0
FRB20201120B,66.687614,1.6793228,0
FRB20201120C,75.203804,5.9955654,0
FRB20201121A,72.89225,2.5665462,0
FRB20201122A,-1.2923555,-24.56276,0
FRB20201123B,28.58391,-50.878014,0
FRB20201123C,72.1087,4.006896,0
FRB20201123D,-56.13843,-12.225925,1
FRB20201123E,-22.600218,-4.161286,0
FRB20201123F,31.863049,-46.690136,0
FRB20201124A,65.5644,6.4882073,1
FRB20201124B,32.355423,-45.026337,1
FRB20201124C,34.49056,-49.285053,0
FRB20201124D,36.67488,-46.67045,0
FRB20201124E,72.76836,3.5430555,1
FRB20201125A,-27.073137,8.47633,0
FRB20201125B,-8.1616745,-6.9428244,1
FRB20201126A,-35.076,11.406727,0
FRB20201126B,31.197426,-48.816116,0
FRB20201126C,-32.908043,35.02366,0
FRB20201127A,-37.79779,-1.3230171,0
FRB20201127B,60.567444,0.53900415,0
FRB20201127C,67.87381,0.4171062,0
FRB20201128A,-20.912098,-1.5833358,0
FRB20201128B,-34.236893,34.681442,0
FRB20201128C,-42.685677,30.902733,0
FRB20201128D,71.270546,6.8935604,0
FRB20201128E,-36.227768,37.06458,0
FRB20201129A,-31.747953,18.784475,1
FRB20201129B,61.248222,-0.037436746,0
FRB20201129C,-59.60038,5.5697327,0
FRB20201129D,69.318436,2.1410398,0
FRB20201130A,25.756754,-51.99319,1
FRB20201130B,-38.301014,22.414402,0
FRB20201201A,65.42932,6.355986,1
FRB20201201B,72.263855,3.3903406,1
FRB20201202A,69.2322,5.115876,0
FRB20201202B,68.40568,0.59912425,0
FRB20201202C,71.398636,3.0352178,0
FRB20201202D,32.63605,-46.75655,0
FRB20201203A,67.8557,0.83220583,0
FRB20201203B,33.791794,-50.252266,0
FRB20201203C,-54.147686,5.4746046,1
FRB20201204A,29.518913,-44.221466,0
FRB20201204B,-0.9219903,-24.86733,0
FRB20201204C,-24.57303,11.983703,0
FRB20201204D,-35.34923,-13.700408,1
FRB20201205A,70.02083,0.36590508,0
FRB20201205B,71.71401,4.186293,0
FRB20201205C,73.589455,3.7775223,0
FRB20201205D,64.94464,-0.42709318,0
FRB20201206B,-25.222837,16.126451,0
FRB20201206C,33.08405,-47.356457,0
FRB20201206D,-16.8814,2.5588017,0
FRB20201206E,-37.965126,0.8843738,0
FRB20201207A,74.20715,5.018643,0
FRB20201207B,26.381859,-52.051945,0
FRB20201207C,67.10905,4.4344296,0
FRB20201207D,68.663445,4.3010087,0
FRB20201207E,32.428253,-46.182808,0
FRB20201207F,-21.595552,9.73464,0
FRB20201208A,-15.35,-12.80168,0
FRB20201209A,-28.428669,8.1166935,0
FRB20201210A,35.862022,-47.66303,1
FRB20201210B,29.865112,-48.09227,1
FRB20201210C,31.039516,-50.487312,0
FRB20201210D,-31.17853,23.305464,0
FRB20201212A,-48.531754,12.674981,0
FRB20201212B,32.1725,-48.153503,0
FRB20201212C,30.812735,-50.2977,0
FRB20201212D,27.364525,-50.25779,0
FRB20201212E,71.60158,4.029482,0
FRB20201212F,-15.118631,4.4588413,1
FRB20201213A,-22.29421,16.12293,0
FRB20201214A,68.19759,1.2788041,0
FRB20201214B,35.094135,-48.847675,0
FRB20201215A,-33.259174,-5.93808,0
FRB20201215B,-50.144203,14.169651,0
FRB20201215C,33.803444,-46.607002,1
FRB20201215D,33.46298,-47.82204,0
FRB20201215E,68.57322,0.916668,0
FRB20201216A,-46.32292,-3.144267,0
FRB20201216B,34.761868,-47.921032,0
FRB20201216C,-15.336238,1.0175134,1
FRB20201216D,19.999632,13.878665,0
FRB20201216E,71.47478,0.18468526,0
FRB20201217A,36.295265,-48.035526,0
FRB20201217B,-45.30355,-3.662708,0
FRB20201218A,67.354485,2.224931,0
FRB20201218B,70.83551,6.443125,0
FRB20201218C,64.15122,2.0784576,0
FRB20201218D,-18.947758,10.234712,0
FRB20201219A,30.017387,-48.056015,1
FRB20201219B,-17.628239,2.8143241,0
FRB20201220A,8.9569235,-55.887497,0
FRB20201220B,68.58334,3.8068252,0
FRB20201220C,66.24083,3.468115,0
FRB20201221A,33.219273,-46.663094,0
FRB20201221B,71.84037,3.584763,1
FRB20201222A,-45.281948,14.014167,0
FRB20201223A,32.85986,-46.57612,1
FRB20201223B,-24.188725,-10.592488,0
FRB20201223C,11.754032,-50.86046,0
FRB20201224A,27.098991,-51.99546,1
FRB20201224B,-38.28592,-1.4316614,0
FRB20201225A,71.277306,6.3816123,0
FRB20201225B,74.010574,3.7606072,1
FRB20201225C,-14.648441,-11.1543045,0
FRB20201225D,62.17617,0.9708768,1
FRB20201225E,71.52622,3.4763784,0
FRB20201225F,-32.92164,12.364476,0
FRB20201225G,73.005005,4.3229113,0
FRB20201226A,68.65116,2.3336868,0
FRB20201226B,62.768696,0.5164373,0
FRB20201226C,68.81618,-0.85445535,0
FRB20201227A,25.3439,-52.420464,1
FRB20201228A,21.237638,14.283954,1
FRB20201228B,-15.201347,-13.334836,0
FRB20201228C,33.351856,-46.639835,0
FRB20201228D,60.33303,0.6410665,0
FRB20201228E,-21.661505,14.51144,0
FRB20201229A,-56.264256,8.610506,0
FRB20201229B,26.113827,-52.466927,0
FRB20201229C,31.041046,-47.23571,1
FRB20201229D,33.119633,-48.767746,0
FRB20201230A,21.704954,15.169145,0
FRB20201230B,-33.62476,32.74906,0
FRB20201230C,20.093355,13.741113,0
FRB20201230D,-0.52970546,-25.165762,0
FRB20201230E,-15.749179,0.45509174,0
FRB20201231A,-10.137819,-9.0901785,0
FRB20201231B,-5.0783663,-8.156383,0
FRB20210101A,-33.127747,38.30531,0
FRB20210101B,-23.5468,-10.544955,0
FRB20210101C,-23.960312,11.022087,0
FRB20210101D,35.470345,-49.88171,0
FRB20210101E,34.27922,-47.106216,0
FRB20210102A,27.391575,-50.6423,0
FRB20210103A,71.544205,1.6789006,0
FRB20210103B,-27.41377,12.407934,0
FRB20210103C,-31.019629,-14.195971,0
FRB20210103D,-11.4780035,-7.6254334,0
FRB20210104B,67.7101,-0.34276676,0
FRB20210104C,-41.938618,12.048461,0
FRB20210104D,30.180582,-49.24985,0
FRB20210104E,-28.656214,9.532661,0
FRB20210104F,63.643536,1.9785379,0
FRB20210105A,71.907394,1.9273233,0
FRB20210105B,65.438995,0.31121123,0
FRB20210105C,25.769558,-52.310818,0
FRB20210105D,-32.105724,-3.0558932,0
FRB20210105E,-30.485579,9.488113,0
FRB20210105F,-34.870914,-15.703451,0
FRB20210105G,-38.502747,-15.26386,1
FRB20210106A,34.89327,-50.23697,0
FRB20210106B,28.351503,-50.67725,0
FRB20210106C,-37.688675,-1.5915701,0
FRB20210107A,-26.962557,-8.990817,0
FRB20210108A,35.709667,-49.05363,0
FRB20210109A,-24.173294,0.010857126,0
FRB20210109B,61.92529,0.8780897,0
FRB20210110A,68.08821,1.5622832,0
FRB20210110B,68.51386,2.3700867,0
FRB20210110C,-24.260983,11.647408,0
FRB20210111A,28.880346,-50.29536,0
FRB20210111B,63.88798,0.14855643,0
FRB20210111C,-49.439,-7.006771,0
FRB20210111D,19.289143,13.691789,0
FRB20210111E,-53.468544,0.67236125,1
FRB20210111F,20.816614,13.972508,0
FRB20210112A,-0.44866607,-25.94027,0
FRB20210112B,67.61389,0.6645095,0
FRB20210113A,71.800354,2.2519841,0
FRB20210113B,66.52219,3.0825367,0
FRB20210113C,35.31627,-50.130745,0
FRB20210113D,-34.000443,18.085224,1
FRB20210113E,36.423447,-47.957607,0
FRB20210114A,-8.50882,-13.337082,0
FRB20210114B,-38.61709,-14.848735,1
FRB20210114C,69.05726,5.027537,0
FRB20210114D,26.909288,-50.5296,0
FRB20210115A,64.581604,5.9815373,0
FRB20210115B,31.76393,-47.25599,0
FRB20210115C,29.017912,-47.867973,1
FRB20210115D,-21.678225,-6.152273,0
FRB20210116A,66.47065,-19.477867,0
FRB20210116B,28.582846,-43.90546,0
FRB20210117B,25.135527,-51.09074,0
FRB20210117C,-44.853867,10.20159,0
FRB20210117D,-44.655964,-12.396492,0
FRB20210117E,26.871601,-51.12372,1
FRB20210117F,-9.798814,10.887995,1
FRB20210118A,-33.204414,-6.034854,0
FRB20210118B,62.2873,0.9078013,1
FRB20210118C,-8.899857,-11.677721,0
FRB20210119A,-20.569681,25.866318,0
FRB20210119B,-42.4968,14.660852,0
FRB20210120A,-6.036141,4.620036,0
FRB20210121A,-34.530956,34.059563,0
FRB20210122A,-14.471794,-12.059309,0
FRB20210122B,-44.03674,20.251694,0
FRB20210123A,-27.542967,-8.642856,0
FRB20210123B,75.08193,5.684423,0
FRB20210123C,33.83372,-45.325184,0
FRB20210123D,72.53656,3.670613,0
FRB20210123E,-20.671606,9.039471,0
FRB20210124B,-46.797997,-5.104608,0
FRB20210124C,-19.344378,2.0505512,0
FRB20210124D,63.767334,2.0135462,0
FRB20210125A,31.87583,-44.687084,1
FRB20210125B,-15.518292,-13.167394,0
FRB20210125C,27.516376,-49.982166,0
FRB20210125D,72.67969,4.8529553,0
FRB20210125E,26.863035,-50.93322,0
FRB20210126A,33.27821,-45.178764,0
FRB20210126B,-26.235912,12.419466,0
FRB20210127B,19.475212,13.496398,0
FRB20210127C,33.972546,-45.26268,0
FRB20210127D,-27.355076,14.667395,0
FRB20210127E,-35.736195,-15.793824,1
FRB20210128A,63.293377,1.7403002,0
FRB20210128B,-48.215622,4.8888984,1
FRB20210129A,31.042904,-44.921352,0
FRB20210129B,-31.73267,18.50684,0
FRB20210129C,72.45823,2.178478,1
FRB20210129D,-0.66455936,-25.430275,0
FRB20210129E,72.51318,2.8062372,1
FRB20210130A,-24.500038,8.632375,0
FRB20210130B,-43.833275,20.730812,0
FRB20210130C,35.06696,-49.125458,0
FRB20210130D,-51.68271,16.66029,0
FRB20210130E,-54.25643,5.643616,1
FRB20210130F,-36.90076,2.8730175,0
FRB20210130G,30.782578,-43.70212,0
FRB20210130H,-1.1677718,-24.75564,1
FRB20210130I,-55.776024,-3.259968,1
FRB20210131A,-54.453022,5.7827015,1
FRB20210131B,68.9896,2.0212762,0
FRB20210201A,69.38004,0.35357946,0
FRB20210202A,27.750067,-52.806625,0
FRB20210202B,-29.293005,17.095686,0
FRB20210202C,20.409023,13.760654,0
FRB20210203A,31.428669,-45.389988,0
FRB20210203B,-16.568466,2.0061584,1
FRB20210203C,-15.3991,1.3285575,1
FRB20210203D,-1.1871405,-22.793787,0
FRB20210203E,-12.649076,-7.216192,0
FRB20210204A,-44.0445,18.877394,0
FRB20210204B,31.2158,-45.12603,0
FRB20210204C,31.418121,-45.09134,0
FRB20210204D,25.403172,-52.281082,0
FRB20210205A,29.379856,-46.280033,0
FRB20210205B,69.11782,3.4596486,0
FRB20210205C,72.04574,3.1119645,0
FRB20210205D,62.05842,0.39038426,1
FRB20210206A,-39.86985,-5.3919363,0
FRB20210206B,-25.620773,11.212116,0
FRB20210207A,32.55069,-46.38398,1
FRB20210207B,-24.963404,13.009835,0
FRB20210207C,75.16225,5.7694073,0
FRB20210207D,-20.109297,9.219112,0
FRB20210207E,-22.765,7.909452,0
FRB20210207F,68.47556,1.6009415,0
FRB20210207G,-20.625372,14.010743,0
FRB20210208A,32.031864,-46.837196,0
FRB20210208B,62.736645,1.658593,1
FRB20210208C,-1.4560487,-24.552292,0
FRB20210208D,71.7028,1.1215249,0
FRB20210209A,-28.056831,-2.2834032,0
FRB20210209B,-37.282433,-15.616197,1
FRB20210209C,33.76938,-46.523094,1
FRB20210209D,60.432114,0.5924258,0
FRB20210210A,-23.373005,16.043665,0
FRB20210211A,34.08503,-43.67485,1
FRB20210211B,72.32927,1.7334071,0
FRB20210211C,-32.493534,11.743075,0
FRB20210211D,73.63291,3.3878486,0
FRB20210211E,69.38572,0.5517012,0
FRB20210212A,34.615757,-48.898857,0
FRB20210212B,35.402485,-48.966366,0
FRB20210212C,30.118792,-45.784634,1
FRB20210212D,-33.28749,-6.0818787,0
FRB20210212E,19.335363,13.261671,0
FRB20210212F,71.048325,2.922485,0
FRB20210213A,-48.341084,-0.36947322,0
FRB20210213B,-27.19497,8.818334,0
FRB20210213C,31.66497,-44.40879,0
FRB20210213D,65.30233,6.2898035,0
FRB20210213E,71.84469,4.2191014,0
FRB20210213F,-51.697193,-9.688985,1
FRB20210213G,-17.797121,4.702378,0
FRB20210213H,70.99273,1.0604111,0
FRB20210214A,28.818491,-43.996082,0
FRB20210214B,-44.54336,26.816704,0
FRB20210214C,-31.708092,10.669202,0
FRB20210214D,-31.933596,-14.096532,1
FRB20210214E,-21.987932,5.8083467,0
FRB20210214F,-1.1912627,-24.14842,0
FRB20210215A,71.0256,5.759524,0
FRB20210215B,31.371634,-43.757786,0
FRB20210215C,-9.496448,-11.843559,1
FRB20210215E,-13.016178,2.9584823,0
FRB20210216A,-4.958521,5.5578704,0
FRB20210216B,-1.2499738,-57.28087,1
FRB20210216C,-41.987156,12.024027,0
FRB20210216D,36.095627,-45.31429,0
FRB20210216E,-27.704641,7.9626355,0
FRB20210216F,32.443577,-43.592503,0
FRB20210216G,30.931576,-43.88135,0
FRB20210217A,-41.07017,32.112278,0
FRB20210217B,-23.930716,11.518244,0
FRB20210217C,20.25347,13.779352,0
FRB20210218A,71.86202,4.9570217,0
FRB20210218B,67.90544,2.5681508,0
FRB20210218C,38.31374,-20.978197,0
FRB20210218D,-19.642767,10.13497,0
FRB20210218E,-6.6488705,-9.052379,1
FRB20210218F,71.40238,3.2195258,0
FRB20210218G,31.550833,-44.08456,0
FRB20210219A,-30.853975,15.0664215,0
FRB20210219B,33.098804,-48.961765,0
FRB20210219C,-28.068506,17.961538,1
FRB20210220A,31.41834,-44.997616,1
FRB20210220B,30.447382,-44.78474,0
FRB20210220C,72.545975,2.1324236,0
FRB20210220D,-27.427776,18.23558,0
FRB20210220E,62.21292,0.5550636,1
FRB20210221A,25.387434,-52.797836,0
FRB20210221B,-1.2121041,-57.412884,0
FRB20210221C,-33.69372,24.1303,0
FRB20210222A,11.166384,-12.880621,0
FRB20210222B,61.698208,1.3395648,0
FRB20210222C,-19.433857,8.981088,0
FRB20210223A,68.90599,3.9798317,0
FRB20210223B,-6.080885,-12.885631,0
FRB20210223C,31.393517,-45.698433,1
FRB20210223D,-42.85495,12.074378,0
FRB20210224A,72.37461,0.75977206,1
FRB20210224B,-41.18309,19.490189,0
FRB20210224C,-23.404669,-5.7693567,0
FRB20210225A,14.598237,-43.07696,0
FRB20210225B,-1.7699013,-21.753721,0
FRB20210226A,-34.04464,35.23942,0
FRB20210226B,-55.12683,-3.245218,1
FRB20210226C,65.08273,-23.607409,1
FRB20210227A,21.892637,15.220299,0
FRB20210227B,58.459644,-22.59501,0
FRB20210228A,-15.415621,-9.997977,0
FRB20210228B,44.334747,-15.141,1
FRB20210301A,-58.202915,-6.4033523,1
FRB20210301B,-26.410425,14.761034,1
FRB20210301C,-52.33738,15.3474245,0
FRB20210301D,-18.546549,3.1293747,0
FRB20210302A,61.999386,-18.034302,1
FRB20210302B,12.992379,-51.287544,0
FRB20210302C,-51.3582,-15.159583,1
FRB20210302D,-0.7470315,-27.996885,0
FRB20210302E,0.7366162,-36.915894,1
FRB20210302F,-33.20296,38.140415,0
FRB20210302G,-52.95735,1.884275,1
FRB20210302H,8.034789,-46.7655,0
FRB20210302I,-14.517475,-10.672111,0
FRB20210302J,20.830242,-19.991333,0
FRB20210303B,62.92299,-19.060907,1
FRB20210303C,-32.005024,10.505241,0
FRB20210303D,-28.812574,-9.377837,0
FRB20210303E,9.856296,-45.090206,0
FRB20210303F,-57.425816,0.3786494,1
FRB20210303G,-25.089518,-5.2836857,0
FRB20210303H,55.023285,-20.979486,0
FRB20210303I,-36.86905,1.6546257,0
FRB20210303J,37.550148,-16.121908,0
FRB20210303K,61.10571,-22.274775,0
FRB20210304A,-56.628838,7.836436,1
FRB20210304B,59.541687,-25.247011,1
FRB20210304C,10.012423,-48.044247,0
FRB20210304D,-42.18591,2.7257676,0
FRB20210304E,14.169695,-44.90045,0
FRB20210304F,8.762501,-52.595127,0
FRB20210304G,-1.4404714,-56.999485,0
FRB20210304H,-26.591412,-5.8151517,0
FRB20210305A,-33.799683,9.288182,1
FRB20210305B,63.43349,-22.65119,0
FRB20210305C,56.908134,-17.668158,0
FRB20210305D,-17.099276,-61.60698,0
FRB20210305E,-5.2117043,-11.294145,0
FRB20210306A,-33.73841,20.385727,0
FRB20210307A,48.369614,-13.668544,0
FRB20210307B,66.36636,-20.32357,0
FRB20210307C,59.74753,-23.142746,0
FRB20210307D,23.693813,4.159367,0
FRB20210308A,47.393852,-12.84872,0
FRB20210308B,63.20392,-22.583328,0
FRB20210308C,61.362896,-23.374098,1
FRB20210309A,-37.880474,37.27525,0
FRB20210309B,60.365925,-18.788422,0
FRB20210309C,-49.091095,12.028851,0
FRB20210309D,15.15427,-44.79409,0
FRB20210309E,60.38499,-27.176085,0
FRB20210309F,-29.457054,15.553471,0
FRB20210310A,-27.286648,7.4871163,0
FRB20210310B,56.322006,-24.655394,0
FRB20210311A,49.40371,-12.832099,0
FRB20210311B,8.35815,-48.407215,0
FRB20210311C,12.57459,-47.579044,0
FRB20210311D,-3.2003925,-55.311832,0
FRB20210311E,-33.50627,9.235856,0
FRB20210312A,-31.55184,4.089438,0
FRB20210312B,57.586777,-22.84354,0
FRB20210312C,39.35247,-15.901664,0
FRB20210313A,-30.315075,13.736834,0
FRB20210313B,-52.69313,-15.093479,1
FRB20210313C,-31.475079,23.129961,0
FRB20210313D,2.0108595,-57.28159,0
FRB20210313E,9.4720545,-43.215733,1
FRB20210314A,-56.700607,8.102869,1
FRB20210314B,5.7905583,-57.112556,0
FRB20210314C,-35.416077,21.697348,0
FRB20210314D,53.13671,-21.930681,0
FRB20210314E,-28.756676,-51.285057,0
FRB20210314F,49.432396,-16.179743,0
FRB20210315A,-15.084234,-48.177975,0
FRB20210315B,-28.656607,9.59373,0
FRB20210316A,-37.79636,-1.5788482,0
FRB20210316B,-0.01968233,-56.145954,0
FRB20210316C,-50.470245,0.33261362,1
FRB20210320A,-44.65531,20.44046,1
FRB20210320B,-37.730247,22.785725,0
FRB20210321A,63.085304,-18.216524,1
FRB20210321B,9.300823,-49.928364,1
FRB20210321C,-0.23214126,-55.306282,0
FRB20210322A,-19.072279,-47.10528,1
FRB20210322B,-7.22409,-11.727092,0
FRB20210322C,-43.235313,23.194408,0
FRB20210322D,10.389196,-45.235912,0
FRB20210322E,-16.61638,-8.008823,0
FRB20210322F,66.328064,-4.9150143,1
FRB20210323A,60.35755,-26.088333,1
FRB20210323B,-30.444544,23.273022,0
FRB20210323C,-34.343937,7.971428,1
FRB20210323D,60.728516,-22.96271,0
FRB20210323E,-0.28144562,-56.085205,1
FRB20210324A,12.544883,-50.86686,0
FRB20210325A,-10.361017,-4.51792,0
FRB20210325B,-46.433887,-1.0304216,0
FRB20210326A,8.284849,-42.92424,1
FRB20210326B,8.116377,-48.35318,1
FRB20210326C,55.664246,-22.715048,0
FRB20210326D,27.741543,-6.269771,0
FRB20210326E,-17.241856,-62.20387,0
FRB20210327A,-31.92668,-13.978072,1
FRB20210327C,60.890827,-24.600182,1
FRB20210327D,-25.973492,-4.836625,0
FRB20210327E,-27.305878,13.546388,0
FRB20210327F,-41.738167,-8.095198,1
FRB20210328A,66.390816,-19.63339,1
FRB20210328B,66.44188,-7.003112,0
FRB20210328C,-15.911936,-13.703596,0
FRB20210328D,-33.362133,-5.8423142,0
FRB20210328E,7.266608,-56.11329,0
FRB20210328F,7.7421446,-48.647015,0
FRB20210329A,66.269905,-4.8761616,1
FRB20210329B,-21.782776,-11.037497,0
FRB20210329C,56.968693,-18.71124,0
FRB20210330A,-0.3383534,-32.097305,0
FRB20210330B,-59.055157,4.4937425,1
FRB20210330C,22.01805,-11.9742365,0
FRB20210330D,8.262802,-49.12098,0
FRB20210330E,48.098976,-13.296522,0
FRB20210331A,8.023752,-43.93255,1
FRB20210331B,-31.92447,-14.457756,1
FRB20210331C,64.53111,-21.84044,1
FRB20210331D,-38.49622,-13.846915,1
FRB20210331E,53.068943,-25.100435,0
FRB20210331F,-54.093063,-14.175484,1
FRB20210331G,-28.786903,16.568289,0
FRB20210331H,59.97771,-20.802322,0
FRB20210402B,57.233322,-27.350552,1
FRB20210402C,60.391766,-23.199884,0
FRB20210402D,-37.10681,0.9347958,0
FRB20210402E,-16.445465,-49.80653,0
FRB20210402F,-0.5436273,-28.6525,0
FRB20210402G,-0.7568686,-38.03215,0
FRB20210403C,-33.954094,24.277016,0
FRB20210403D,48.56224,-13.412465,0
FRB20210403E,57.29278,-23.32356,0
FRB20210403F,0.9452565,-37.861767,0
FRB20210404A,64.74176,-21.69866,1
FRB20210404D,-38.87575,27.680681,0
FRB20210404E,-36.030094,-14.742868,1
FRB20210405A,4.940797,-44.581715,1
FRB20210405B,12.7590275,-41.44033,1
FRB20210406A,-52.53632,1.2566766,1
FRB20210406B,-23.110008,10.79039,0
FRB20210406C,20.469795,12.047093,0
FRB20210406D,9.14651,-46.663666,0
FRB20210406E,-16.528072,-56.580387,0
FRB20210406F,-27.126698,2.7258844,0
FRB20210407D,58.67627,-19.279009,0
FRB20210408A,-38.822174,13.048381,0
FRB20210408B,44.40295,-14.932159,0
FRB20210408C,-31.714748,14.730404,0
FRB20210408D,13.296931,-42.4653,0
FRB20210408E,-16.069012,-50.65761,0
FRB20210408F,-6.7522545,-9.160125,0
FRB20210408G,4.743466,-42.83301,0
FRB20210409A,12.766997,-51.085938,0
FRB20210409B,-16.877209,-0.30405167,1
FRB20210409C,-44.87625,26.692493,0
FRB20210409D,-44.712826,5.5140014,0
FRB20210410A,36.562557,-15.2882185,0
FRB20210410B,-31.345942,13.204171,0
FRB20210410C,44.010143,-14.785601,1
FRB20210410E,7.438957,-58.1384,0
FRB20210411A,66.260704,-19.733349,1
FRB20210411B,-47.43938,-4.104454,1
FRB20210411C,-26.137873,-0.7914556,0
FRB20210411D,-51.463516,19.436047,0
FRB20210411E,-52.01567,-10.61758,0
FRB20210412A,64.575035,-21.802101,1
FRB20210412B,-27.060364,-12.605712,0
FRB20210412C,7.131696,-48.738228,0
FRB20210412D,7.8041925,-44.64154,0
FRB20210412E,48.212856,-14.08053,0
FRB20210413A,11.526247,-44.429665,0
FRB20210413B,-3.9022222,-14.789176,0
FRB20210413C,-35.068558,12.022234,0
FRB20210413D,66.76748,-6.5780797,0
FRB20210413E,-33.971905,36.840477,0
FRB20210413F,-28.043058,15.769358,0
FRB20210414A,10.487476,-47.45722,0
FRB20210414B,66.28191,-4.8827934,0
FRB20210414C,-38.018715,-5.3593946,0
FRB20210414D,-27.054842,7.959674,0
FRB20210414E,46.949432,-13.91016,0
FRB20210415A,46.15918,-13.354117,0
FRB20210415B,50.261383,-23.209444,0
FRB20210415C,-14.297397,7.909936,1
FRB20210415D,-6.816743,-12.028352,0
FRB20210415E,-30.926088,7.2572455,0
FRB20210415F,-25.22976,10.350104,0
FRB20210416A,-5.9703646,4.029922,0
FRB20210416B,-0.7981358,-28.005766,0
FRB20210416C,10.07898,-47.338078,0
FRB20210416D,-24.718472,5.9276567,0
FRB20210416E,-24.099226,0.15169738,0
FRB20210417A,11.242812,-47.591557,0
FRB20210418A,9.927168,-42.615128,0
FRB20210418B,53.66562,-26.20996,0
FRB20210418C,7.200056,-44.901855,0
FRB20210418D,8.3591795,-49.355125,0
FRB20210419A,52.878662,-24.860405,0
FRB20210419B,-24.037035,-8.716415,0
FRB20210419C,-4.0264897,-16.601265,0
FRB20210421A,62.317154,-23.443823,0
FRB20210421B,20.321638,13.29467,0
FRB20210421C,-24.860765,-6.728371,0
FRB20210421D,-16.259241,13.116961,0
FRB20210421E,-31.771046,16.60021,1
FRB20210421F,-20.085028,-7.7987924,0
FRB20210422A,23.347647,-19.146454,0
FRB20210422B,-47.828674,24.902317,0
FRB20210423A,47.52736,-13.340235,0
FRB20210423B,0.7254041,-37.966877,0
FRB20210423C,-32.192165,-2.696554,0
FRB20210423D,9.071467,-52.484154,0
FRB20210423E,55.47533,-16.081297,0
FRB20210423F,-0.5408455,-28.006756,0
FRB20210423G,53.460632,-22.347467,1
FRB20210423H,4.8391185,-58.56824,0
FRB20210424A,-14.955587,-47.074387,0
FRB20210424B,-22.375992,5.273049,0
FRB20210424C,-49.63975,-11.232439,1
FRB20210425A,-24.097122,7.57599,0
FRB20210426A,-34.69416,26.5118,0
FRB20210426B,-59.487568,-3.911076,1
FRB20210427A,31.469854,-12.080607,0
FRB20210427B,-23.932688,-9.669451,0
FRB20210427C,-14.369688,-6.875702,0
FRB20210428A,-34.4073,-2.4242969,0
FRB20210428B,27.761118,-6.1316013,0
FRB20210428C,-41.56572,12.080303,0
FRB20210429A,23.379078,-19.035467,0
FRB20210429B,3.7763069,-58.472557,0
FRB20210429C,36.138058,-13.72953,0
FRB20210430A,56.094482,-18.041977,0
FRB20210430B,9.165388,-55.607944,0
FRB20210430C,66.46636,-7.078526,0
FRB20210430D,-49.428207,18.19283,0
FRB20210430E,-1.6969852,-21.95403,0
FRB20210430F,-28.501787,-5.3967476,0
FRB20210430G,61.36277,-21.311485,1
FRB20210430H,-6.6658854,-9.244887,0
FRB20210430I,-32.180443,14.517141,0
FRB20210430J,58.437206,-20.417442,0
FRB20210501A,28.705627,-12.87432,0
FRB20210501B,-39.794838,-14.10848,0
FRB20210501C,64.04342,-19.774456,0
FRB20210501D,-1.1755052,-55.46532,0
FRB20210502A,-26.55252,8.170485,0
FRB20210502B,58.489944,-19.016829,0
FRB20210503A,-26.029251,15.814151,0
FRB20210504A,60.677586,-22.759514,1
FRB20210504B,20.590563,11.351558,0
FRB20210504C,-56.189777,2.6984553,0
FRB20210504D,-35.56924,37.659176,1
FRB20210504E,13.48943,-43.388107,0
FRB20210504F,-1.7942377,-55.064087,0
FRB20210505A,55.99944,-23.972385,0
FRB20210505B,-34.83829,38.355556,0
FRB20210505C,57.370888,-27.299536,0
FRB20210505D,-16.623684,-51.405197,0
FRB20210505E,0.6541659,-37.026943,0
FRB20210505F,24.906698,-8.695496,0
FRB20210505G,-35.424767,-13.378402,1
FRB20210506A,-32.27531,20.567348,0
FRB20210506B,56.787266,-17.917242,0
FRB20210506C,-21.993904,4.053008,0
FRB20210506D,66.52835,-7.0991287,0
FRB20210506E,-25.514448,5.184674,0
FRB20210507A,-44.537704,10.053419,0
FRB20210507B,-43.125828,19.812904,0
FRB20210507C,-0.998342,-27.650663,0
FRB20210508A,-28.148508,-5.2757635,0
FRB20210508B,5.1725593,-47.920357,0
FRB20210508C,-4.7581825,-11.023943,0
FRB20210509A,9.536626,-48.531033,0
FRB20210510A,7.9544086,-44.194183,1
FRB20210511A,-39.504112,33.706944,1
FRB20210512A,49.68137,-13.617378,0
FRB20210512B,25.791174,-12.270183,0
FRB20210512C,7.4307775,-45.98016,0
FRB20210513A,-30.991491,17.501223,0
FRB20210513B,-37.01963,11.087461,0
FRB20210513C,-25.567122,-3.6808383,0
FRB20210514A,-30.876423,-8.21475,0
FRB20210514B,4.751176,-42.870384,0
FRB20210514C,-50.57849,-10.166044,1
FRB20210518A,65.00923,-22.597116,1
FRB20210518B,-36.68137,-14.408909,1
FRB20210518D,24.799227,-7.4763002,0
FRB20210520A,-17.860157,-63.204773,1
FRB20210521A,-28.841837,-10.356043,1
FRB20210521B,7.1211395,-56.222183,0
FRB20210521C,-32.0476,8.821999,1
FRB20210521D,-47.7476,-9.910489,0
FRB20210521E,62.85777,-22.132614,0
FRB20210521F,-26.016882,13.184399,0
FRB20210521G,-0.837651,-55.252125,0
FRB20210522A,27.25455,-7.9934735,0
FRB20210522B,5.1475244,-47.854454,1
FRB20210522C,8.219816,-55.948925,0
FRB20210523A,23.70473,4.1693144,1
FRB20210523B,-13.249138,-59.158558,0
FRB20210523C,-58.17814,-6.396087,0
FRB20210523D,-36.10843,22.310377,0
FRB20210523E,7.933848,-46.138065,1
FRB20210523F,1.0359432,-55.4398,0
FRB20210523G,53.321922,-18.120934,0
FRB20210524A,-23.058273,7.0971813,0
FRB20210524B,-48.21071,21.007595,0
FRB20210524C,-4.497461,-13.066068,0
FRB20210524D,57.70963,-16.819336,0
FRB20210525A,-46.778584,-0.99669564,1
FRB20210525B,2.462472,-56.742188,0
FRB20210525C,65.35286,-23.974419,1
FRB20210526A,53.67648,-21.43526,0
FRB20210526B,8.319733,-44.191254,1
FRB20210526C,-48.71974,-12.432089,0
FRB20210526D,4.3618584,-44.601665,1
FRB20210526E,58.384224,-20.304451,1
FRB20210527A,-27.715883,-8.390715,0
FRB20210527B,8.525684,-56.95541,0
FRB20210527C,-17.920961,-61.85919,0
FRB20210527D,-21.77072,-6.457356,1
FRB20210527E,-38.17048,13.598488,0
FRB20210528A,-33.15873,11.955981,0
FRB20210528B,-17.152287,-62.015522,0
FRB20210529A,-50.067066,17.732113,0
FRB20210529B,-1.2763635,-27.816475,0
FRB20210530B,12.697735,-44.14987,0
FRB20210530C,0.318986,-36.32787,0
FRB20210530D,1.8213792,-38.86487,0
FRB20210530E,-44.28044,17.821114,0
FRB20210531A,10.957121,-45.66407,0
FRB20210531B,53.158707,-26.33715,0
FRB20210531C,4.292289,-58.499535,0
FRB20210531E,-36.92484,0.96328443,0
FRB20210601A,62.854042,-24.13112,1
FRB20210601C,42.091473,-17.151955,1
FRB20210601D,62.762077,-24.438969,1
FRB20210601E,8.07471,-45.811382,1
FRB20210601F,7.8676577,-43.42306,1
FRB20210601G,60.47208,-25.968838,1
FRB20210601H,-30.713747,-11.581529,1
FRB20210601I,-30.724773,-11.596837,1
FRB20210601J,-46.83857,1.6881688,1
FRB20210603A,-33.35643,37.356594,0
FRB20210603B,-47.413036,-0.6463748,0
FRB20210603C,-37.756996,-2.0871239,0
FRB20210603D,56.18091,-27.373545,0
FRB20210603E,-16.623997,0.17834052,1
FRB20210604A,-0.8584614,-32.6483,0
FRB20210604B,8.345228,-44.506733,0
FRB20210605B,-35.41715,16.399921,0
FRB20210605C,-14.117385,-48.466705,0
FRB20210606A,-38.905693,18.746422,0
FRB20210606B,60.032547,-17.047342,0
FRB20210606C,20.28904,11.563836,0
FRB20210606D,-57.76863,-4.087385,1
FRB20210606E,8.378743,-57.273304,0
FRB20210607A,55.910732,-25.066292,0
FRB20210607B,-38.3074,28.72458,0
FRB20210607C,59.04248,-22.654081,0
FRB20210607D,-24.391272,9.925424,0
FRB20210608A,-25.203514,16.075796,0
FRB20210608B,7.555291,-43.707012,1
FRB20210609A,-36.941025,17.332396,0
FRB20210609B,55.84136,-18.063765,0
FRB20210609C,63.157867,-19.324022,0
FRB20210609D,56.597435,-23.498772,0
FRB20210609E,-23.370157,11.328846,0
FRB20210610A,4.1647344,-58.204514,1
FRB20210610B,-33.227547,0.5395878,0
FRB20210610C,-23.120607,-15.332124,0
FRB20210610D,-33.81109,3.2444026,0
FRB20210612A,-32.244183,14.140463,0
FRB20210612B,63.214806,-20.98627,1
FRB20210612C,-7.025707,3.4470167,0
FRB20210613A,1.355191,-38.3095,0
FRB20210614A,-0.80973977,-27.734457,0
FRB20210614B,-38.237625,-0.040963955,0
FRB20210614C,12.013087,-42.637535,0
FRB20210614D,0.34675008,-57.540146,1
FRB20210615A,-29.406908,11.299336,0
FRB20210616A,52.012127,-18.57607,0
FRB20210616B,9.363743,-55.464935,0
FRB20210616C,56.569267,-16.119854,0
FRB20210616D,9.136328,-46.140556,0
FRB20210617A,0.8366586,-38.143936,1
FRB20210618A,-59.472103,7.0125628,0
FRB20210618B,58.187756,-19.551825,0
FRB20210619A,12.793591,-46.92031,0
FRB20210619B,9.279202,-50.706573,0
FRB20210619C,14.131098,-43.76138,0
FRB20210619D,56.99694,-23.3369,0
FRB20210620A,20.794449,10.27606,0
FRB20210620B,-1.4511489,-27.598358,0
FRB20210620C,42.27336,-13.900663,0
FRB20210621A,61.55939,-25.782148,0
FRB20210621B,-18.078693,-62.53704,0
FRB20210622A,-33.018135,28.230885,0
FRB20210622B,11.252687,-54.904003,0
FRB20210623A,-23.507324,6.9814386,0
FRB20210624A,-55.56046,-7.8344507,1
FRB20210624B,-37.82758,-13.781922,1
FRB20210625A,-58.25159,7.56072,1
FRB20210626A,60.724636,-18.66208,1
FRB20210627A,-34.7556,36.121727,0
FRB20210627B,-36.017036,39.096684,0
FRB20210706A,53.883507,-19.824596,0
FRB20210706B,8.888209,-57.67921,0
FRB20210706C,-57.239147,9.339436,0
FRB20210706D,9.087845,-49.839066,0
FRB20210708A,53.630856,-19.739195,0
FRB20210708B,40.65633,-13.326776,0
FRB20210708C,-40.539337,34.13924,0
FRB20210709A,-44.818577,25.26011,0
FRB20210709B,-45.99997,4.2869196,0
FRB20210709C,56.20398,-19.09582,0
FRB20210709D,-36.134712,24.150782,0
FRB20210710A,-24.242855,-52.606724,0
FRB20210710B,-11.56954,-7.9917717,0
FRB20210711A,7.5568743,-46.11503,1
FRB20210711B,61.273853,-23.276728,1
FRB20210712A,11.173357,-43.957882,1
FRB20210712B,-13.175825,-7.0694575,1
FRB20210712C,-34.184128,-4.223896,0
FRB20210712D,60.19691,-21.454887,0
FRB20210713A,48.90194,-13.871008,0
FRB20210713B,-0.7524511,-32.63747,0
FRB20210713C,-14.902061,-5.511694,1
FRB20210714A,-30.61543,25.113682,0
FRB20210717A,28.454012,-8.645612,0
FRB20210717B,-16.664019,-48.298107,0
FRB20210718A,-4.146383,-9.774811,0
FRB20210719A,-1.6648874,-54.889435,0
FRB20210719B,-22.698467,-0.39419094,0
FRB20210720A,-28.002655,-53.092747,0
FRB20210720B,46.08556,-13.600876,0
FRB20210720C,58.156925,-22.922382,0
FRB20210720D,38.611115,-17.904078,0
FRB20210720E,8.017339,-56.55657,0
FRB20210720H,-49.666073,-7.2978463,0
FRB20210721A,-27.757292,-53.503086,0
FRB20210721B,61.63976,-26.702549,0
FRB20210722A,-12.704727,-6.8692503,1
FRB20210722B,-32.08019,-2.6586425,0
FRB20210722C,-11.216056,-7.659047,0
FRB20210722D,-35.198418,31.511984,0
FRB20210723A,-3.7088761,-11.649067,0
FRB20210724A,32.811954,-21.257559,0
FRB20210725A,57.300785,-23.550882,0
FRB20210726A,20.537077,11.4728365,0
FRB20210729A,7.855449,-45.417194,0
FRB20210729B,-0.27827737,-29.245861,0
FRB20210729C,46.794086,-13.81409,1
FRB20210803A,14.523331,-43.980457,0
FRB20210803B,-12.806969,-58.843185,0
FRB20210803C,-34.420322,23.757664,0
FRB20210805A,-3.8463902,-55.241703,1
FRB20210805B,-12.334852,1.0587941,0
FRB20210806A,60.14431,-25.101046,0
FRB20210807A,47.035995,-13.047914,0
FRB20210807B,-16.196772,-49.56605,0
FRB20210807C,7.5067744,-55.25423,0
FRB20210808A,8.16661,-55.677254,0
FRB20210808B,2.522906,-56.863,0
FRB20210808E,49.70682,-23.389051,0
FRB20210809A,-35.59721,37.532135,0
FRB20210809B,-5.7485695,-11.871063,0
FRB20210810A,57.838387,-23.903206,0
FRB20210810B,-17.122345,2.227638,0
FRB20210810C,10.617073,-56.263214,0
FRB20210810D,53.224827,-16.961615,1
FRB20210810E,55.196037,-25.727247,0
FRB20210811A,41.85012,-17.1025,0
FRB20210811B,8.835868,-55.13869,0
FRB20210811C,-40.02008,18.679533,0
FRB20210813A,-40.387997,33.729557,0
FRB20210813B,-22.203863,5.548142,0
FRB20210814A,-21.921679,9.835535,0
FRB20210814B,-44.163544,18.847317,1
FRB20210814C,8.0157995,-46.715847,1
FRB20210815A,48.015984,-14.230165,0
FRB20210815B,-24.028547,-6.219968,0
FRB20210816A,57.295456,-23.82123,0
FRB20210816B,7.7091284,-45.488335,1
FRB20210816C,35.833,-17.105593,0
FRB20210816D,48.427406,-13.415543,0
FRB20210817A,-43.658127,26.669615,0
FRB20210817B,9.655835,-47.324486,0
FRB20210818A,-0.6174195,-54.921585,0
FRB20210819A,52.181824,-27.079271,0
FRB20210820A,-0.8642606,-55.118988,0
FRB20210821A,-23.637754,0.94908386,0
FRB20210821B,59.36516,-15.827903,0
FRB20210822A,-46.75463,0.8894197,1
FRB20210822B,12.703136,-41.430317,0
FRB20210822C,14.993478,-44.666847,0
FRB20210822D,-22.07459,3.7381945,0
FRB20210822E,10.249155,-44.01993,1
FRB20210823A,-51.197857,-15.760789,0
FRB20210823B,52.58956,-25.084005,0
FRB20210823C,-21.427809,5.322398,1
FRB20210823D,-17.594551,-61.217968,0
FRB20210824A,-33.0129,23.684357,0
FRB20210825A,-25.353851,-5.5569777,0
FRB20210825B,7.0002337,-48.510525,0
FRB20210826A,-38.973442,18.700514,0
FRB20210826B,8.619208,-45.092903,0
FRB20210827A,13.387838,-44.29338,0
FRB20210827B,-17.536331,2.5690975,0
FRB20210827C,-23.493761,-5.0875597,0
FRB20210827D,-25.211325,6.898207,0
FRB20210827E,-16.724697,-44.848026,0
FRB20210828A,-37.901054,36.996857,0
FRB20210828B,37.94367,-14.905308,0
FRB20210829A,65.66021,-24.196558,0
FRB20210829B,-30.735611,18.385315,0
FRB20210829C,61.04177,-21.502197,0
FRB20210829D,-22.944033,-4.438057,0
FRB20210829E,7.5008416,-45.949726,1
FRB20210830A,12.694968,-43.706078,1
FRB20210830B,-49.507114,-3.2057936,0
FRB20210830C,7.704214,-55.178062,0
FRB20210830D,56.31375,-24.273453,0
FRB20210830E,-14.488595,-48.981915,0
FRB20210830F,9.368606,-48.963417,0
FRB20210830G,55.372837,-25.690506,0
FRB20210830H,-35.580902,-4.4368005,1
FRB20210831A,8.217336,-55.83976,0
FRB20210901A,12.421456,-42.83215,0
FRB20210901B,45.82696,-13.174713,0
FRB20210901C,61.475975,-19.729025,0
FRB20210901D,-0.6180604,-55.581512,0
FRB20210902A,-43.165333,23.92466,0
FRB20210903A,-28.46094,6.3042593,0
FRB20210903B,58.92272,-23.612404,0
FRB20210903C,45.527843,-13.803968,0
FRB20210903D,-4.5247335,-11.33344,1
FRB20210905A,36.84072,-14.02278,0
FRB20210905B,-4.0778966,-15.704505,0
FRB20210906A,-0.3389035,-29.37627,0
FRB20210906B,-0.20649149,-29.432976,0
FRB20210906C,-19.111513,-12.484702,0
FRB20210907A,-22.077085,-14.698648,0
FRB20210907B,-16.827763,-50.969692,0
FRB20210908A,-41.899765,32.086983,0
FRB20210908B,-38.636154,32.779312,0
FRB20210908C,-32.7612,-1.8759239,0
FRB20210909A,-32.22361,13.378956,0
FRB20210909B,-33.819992,35.69912,0
FRB20210910A,60.408,-25.364302,0
FRB20210910B,54.681644,-23.853235,0
FRB20210910C,21.085783,9.0821705,0
FRB20210911A,-33.463223,17.447683,0
FRB20210911B,-50.819572,-1.8972014,0
FRB20210911C,-31.67615,23.3791,0
FRB20210911D,-20.730433,-56.674934,0
FRB20210912B,-38.110752,-6.551851,0
FRB20210913A,61.717815,-24.050478,0
FRB20210913B,-24.860416,2.873853,0
FRB20210914A,20.661312,11.570338,0
FRB20210914B,55.080357,-18.480268,0
FRB20210914C,-24.767223,11.936423,0
FRB20210915A,23.55078,4.2397904,0
FRB20210916A,8.724596,-49.275814,0
FRB20210916B,-38.312267,22.496,0
FRB20210917A,-25.113533,7.787719,0
FRB20210917B,-24.327103,4.4162645,0
FRB20210919A,7.238272,-58.180714,0
FRB20210919B,65.15016,-23.66873,1
FRB20210920A,-0.62200665,-28.115162,0
FRB20210920B,4.096453,-57.982975,0
FRB20210920C,8.130095,-56.936283,1
FRB20210920D,58.865364,-20.195805,0
FRB20210920E,-4.2390933,-13.992894,0
FRB20210921A,60.896355,-25.03841,1
FRB20210921B,43.1506,-14.94532,0
FRB20210921C,-27.79131,16.73765,0
FRB20210922A,62.757835,-21.936602,0
FRB20210922B,8.4995365,-45.49412,0
FRB20210922C,49.433086,-23.498396,0
FRB20210922D,32.676304,-21.225237,0
FRB20210922E,50.920605,-25.807045,0
FRB20210923A,14.239437,-42.314407,0
FRB20210923B,-41.165066,31.724403,0
FRB20210923C,-24.927893,-4.6300383,0
FRB20210924A,53.077564,-25.336988,0
FRB20210924B,59.27825,-24.561615,1
FRB20210924C,-45.552814,-10.772834,1
FRB20210925A,-44.834347,28.618555,0
FRB20210925B,10.463455,-51.57286,0
FRB20210925C,1.428616,-38.298958,1
FRB20210925E,61.440605,-21.154089,0
FRB20210925F,6.6927614,-46.08534,0
FRB20210926A,54.53148,-23.265045,0
FRB20210926B,32.32673,-21.48618,0
FRB20210927A,-44.810795,19.991224,0
FRB20210927B,-10.2968855,-46.431416,0
FRB20210927C,8.05767,-46.60722,0
FRB20210928A,-1.439918,-28.09825,0
FRB20210928B,-20.558693,22.678017,0
FRB20210929A,-51.16849,-5.6986217,0
FRB20210929B,7.2983136,-52.945026,0
FRB20210929C,12.05031,-50.2867,1
FRB20210929D,58.708916,-18.930574,0
FRB20210930A,58.327538,-16.61513,1
FRB20210930B,-17.148064,-61.683395,0
FRB20210930C,-31.937517,4.1354055,0
FRB20210930D,57.699665,-16.952545,1
FRB20210930E,58.762505,-16.718319,1
FRB20210930F,51.73027,-25.992281,0
FRB20211001B,53.19394,-26.557241,0
FRB20211001C,-45.357018,4.33883,0
FRB20211001D,-28.74397,1.0664667,0
FRB20211001E,58.656437,-21.03975,0
FRB20211001F,61.81027,-21.855795,0
FRB20211002A,36.844032,-15.404306,0
FRB20211002B,-20.695887,8.261531,0
FRB20211003A,-30.849897,24.907976,0
FRB20211003B,25.331318,-13.978366,0
FRB20211003C,-57.96342,7.6435475,0
FRB20211003D,-33.277126,28.107906,0
FRB20211003E,55.679726,-21.82861,0
FRB20211003F,8.335189,-47.37952,0
FRB20211003G,-33.667366,23.895296,0
FRB20211004A,47.943623,-13.415241,0
FRB20211004B,-21.694004,9.472222,0
FRB20211004C,36.080833,-16.865843,0
FRB20211004D,63.26571,-19.473219,1
FRB20211004E,-37.64217,35.593502,0
FRB20211005A,52.11029,-27.424538,0
FRB20211005B,-0.057204526,-33.707817,0
FRB20211005C,4.491373,-58.645386,0
FRB20211006A,-34.548615,38.286156,0
FRB20211006B,-14.335365,-51.02698,0
FRB20211006C,-19.672867,-6.386523,0
FRB20211006D,-10.278071,-9.353079,0
FRB20211006E,-22.160217,-53.15871,0
FRB20211006F,60.306355,-22.965492,0
FRB20211006G,-44.70469,5.821935,0
FRB20211007A,-17.052597,-51.152466,0
FRB20211008A,-41.26466,12.048355,0
FRB20211008B,-19.026024,-8.541439,0
FRB20211008C,-32.679356,2.640497,0
FRB20211008D,-39.571426,24.570763,0
FRB20211008E,56.942158,-25.103771,0
FRB20211008F,-15.792239,-59.83636,0
FRB20211009A,10.919072,-48.36876,0
FRB20211009B,-54.244503,7.534523,1
FRB20211010A,53.279663,-22.676441,0
FRB20211010B,8.469672,-55.588005,0
FRB20211010C,62.862686,-20.420712,1
FRB20211011A,65.45148,-24.223982,0
FRB20211011B,-22.329535,2.9628315,0
FRB20211011C,-25.19219,9.736393,0
FRB20211011D,-20.915737,8.376469,0
FRB20211012A,-51.54049,-13.7323,0
FRB20211012B,12.705818,-47.66341,0
FRB20211012C,25.228956,-9.291841,0
FRB20211012D,59.513657,-25.843132,0
FRB20211013A,10.728908,-44.823807,0
FRB20211013B,62.110653,-23.560944,0
FRB20211013C,-1.571964,-28.756937,0
FRB20211013D,-21.567234,5.199372,0
FRB20211014A,0.3004037,-36.26933,0
FRB20211014B,6.4186673,-45.11903,1
FRB20211014C,43.69321,-14.964537,0
FRB20211015A,-41.421112,7.780731,0
FRB20211015B,-18.70391,-63.83197,0
FRB20211015C,-31.082905,2.4485023,0
FRB20211015D,-54.986862,-14.693844,1
FRB20211020A,-27.613607,-53.292683,0
FRB20211021A,51.999535,-17.844307,0
FRB20211021B,-1.1668636,-55.10015,0
FRB20211021C,24.913961,-7.7712016,1
FRB20211022A,27.938223,-6.5581775,0
FRB20211022B,-21.254961,-11.197134,0
FRB20211022C,-31.650196,24.136372,0
FRB20211023A,-45.917175,-3.02094,0
FRB20211024A,-29.668991,4.0415587,0
FRB20211025A,-45.30337,22.307314,0
FRB20211025B,-41.68888,5.0755258,0
FRB20211026A,-17.144726,-61.700684,0
FRB20211027A,22.58564,-18.18316,0
FRB20211028A,-35.03479,30.206934,0
FRB20211029A,37.691185,-17.57592,1
FRB20211030A,-25.328648,-49.551994,1
FRB20211030B,57.804596,-16.875587,0
FRB20211031A,-8.112957,-7.678401,0
FRB20211031B,-51.747295,-6.013816,0
FRB20211101A,-0.18118899,-38.044754,0
FRB20211101B,-53.038998,-15.476822,1
FRB20211101C,11.469601,-44.04786,1
FRB20211101D,9.990669,-43.61491,1
FRB20211102A,11.175886,-47.916565,0
FRB20211102B,-45.79466,22.436121,0
FRB20211102C,-44.883396,27.973465,0
FRB20211102D,-2.6713161,-28.987986,0
FRB20211102E,-49.13545,12.692128,0
FRB20211103A,-23.255625,-15.344382,0
FRB20211103B,-58.71516,7.671493,1
FRB20211103C,38.38285,-16.254503,0
FRB20211103D,7.9184837,-45.4518,0
FRB20211103E,39.610115,-16.409958,0
FRB20211104A,10.763812,-45.92387,0
FRB20211104B,56.46338,-16.038343,1
FRB20211104C,-22.272707,3.2537282,0
FRB20211104D,-36.092278,38.84182,0
FRB20211104E,59.190193,-18.02303,0
FRB20211104F,-4.541079,-10.736796,0
FRB20211105A,-2.1594536,-27.784632,0
FRB20211105B,7.5733933,-55.43764,0
FRB20211105C,36.50392,-14.493032,0
FRB20211105D,57.11824,-20.070171,0
FRB20211105E,-13.774907,-11.137068,0
FRB20211105F,-48.267094,-3.1365218,1
FRB20211106A,-36.64961,-2.7067695,0
FRB20211106B,-43.12157,23.396511,0
FRB20211107A,-47.324413,24.98534,0
FRB20211107B,-32.37007,3.7031014,0
FRB20211107C,19.411385,11.7171545,0
FRB20211107D,-56.72333,-3.4969907,1
FRB20211108A,4.0567236,-53.379917,0
FRB20211108B,-22.63851,1.0234703,0
FRB20211109A,21.03764,11.748155,0
FRB20211110A,50.566853,-13.992342,0
FRB20211111A,-37.84969,-12.77561,1
FRB20211111B,-37.691765,35.71121,0
FRB20211111C,-29.047052,17.438656,0
FRB20211112A,-31.134842,17.602688,0
FRB20211112B,-22.347038,-55.583015,0
FRB20211112C,-40.442608,24.67162,0
FRB20211112D,-34.439537,-2.3382833,0
FRB20211112E,-13.458449,-48.897106,0
FRB20211113A,19.744026,12.05123,0
FRB20211113B,32.349567,-12.386273,0
FRB20211114A,52.43634,-16.493427,1
FRB20211115A,37.032604,-20.53536,0
FRB20211115B,-45.513435,-0.35748172,1
FRB20211115C,-44.755466,-4.019677,0
FRB20211115D,-3.680255,-14.109072,1
FRB20211116A,7.26671,-54.712193,0
FRB20211116B,-16.866743,-57.823757,0
FRB20211116C,18.969482,-21.853254,0
FRB20211117A,-45.543957,-3.5990844,0
FRB20211117B,-26.54149,-7.98198,0
FRB20211117C,-39.83929,-5.215736,0
FRB20211117D,46.5143,-13.592674,0
FRB20211117E,19.304201,-21.293184,1
FRB20211117F,56.44864,-21.735178,0
FRB20211118A,-34.99429,31.784222,0
FRB20211118B,5.3000555,-49.552986,1
FRB20211118C,-4.549646,-11.095354,0
FRB20211119A,12.300621,-40.77173,0
FRB20211119B,40.006287,-19.216385,0
FRB20211119C,-51.652,-7.9434667,0
FRB20211119D,-48.933876,-2.8592765,1
FRB20211119E,-55.051144,6.4927173,0
FRB20211120A,-35.862465,19.505724,0
FRB20211120B,-38.582844,12.621554,0
FRB20211120C,-23.89177,-48.701958,1
FRB20211120D,-32.60874,28.836887,0
FRB20211121A,-34.57701,-2.3923492,0
FRB20211121B,-22.608643,-11.599445,0
FRB20211121C,5.54745,-46.183567,0
FRB20211122A,52.522938,-26.199944,0
FRB20211122B,15.05756,-45.167175,0
FRB20211122C,59.49666,-19.647308,0
FRB20211122D,-27.100098,12.342247,0
FRB20211122E,-25.965277,22.802279,0
FRB20211123A,-32.94127,14.324513,0
FRB20211123B,0.03298808,-29.764688,0
FRB20211124A,24.29829,-8.156508,0
FRB20211124B,-0.45192286,-56.46419,0
FRB20211125A,10.203831,-41.14799,1
FRB20211125B,60.92812,-17.508324,1
FRB20211125C,49.09776,-13.64118,0
FRB20211125D,24.057817,-18.235315,0
FRB20211126A,0.23265621,-37.697216,0
FRB20211126B,-28.007116,-7.5452332,0
FRB20211126C,-16.554296,-61.432194,0
FRB20211127A,33.62777,-15.66796,0
FRB20211127B,5.824264,-52.673866,0
FRB20211127C,21.732811,-9.465915,0
FRB20211127D,34.399338,-16.968616,0
FRB20211127E,-34.93458,-12.163107,0
FRB20211127F,29.512604,-8.9981785,0
FRB20211127G,-0.41142944,-56.515957,0
FRB20211127H,-23.918648,-49.441063,0
FRB20211128A,-46.77453,25.186419,0
FRB20211128B,-59.932613,6.7185664,1
FRB20211128C,-26.670052,7.779283,0
FRB20211128D,-16.813257,-60.88143,0
FRB20211128E,56.229004,-18.870201,0
FRB20211128F,60.689816,-23.512323,0
FRB20211128G,-24.643816,-6.367835,0
FRB20211129A,-50.401676,0.28388605,0
FRB20211129B,5.7057104,-49.61653,1
FRB20211129C,-4.0140424,-13.679684,0
FRB20211129D,45.87721,-13.324809,1
FRB20211130A,-41.689945,5.0811276,0
FRB20211201A,0.40443966,-38.04776,0
FRB20211201B,-23.219587,9.064674,0
FRB20211202A,-8.157668,-7.58281,0
FRB20211202B,21.50105,7.87296,0
FRB20211202C,7.6828537,-48.72358,0
FRB20211203A,-15.9353695,1.6215622,0
FRB20211203B,-48.198544,21.863012,0
FRB20211204A,-34.747158,31.465353,0
FRB20211204B,-11.627965,-7.3109956,0
FRB20211204C,46.342514,-15.309687,0
FRB20211204D,-1.0948831,-55.159,1
FRB20211204E,21.049532,9.5496855,0
FRB20211205A,57.994244,-25.12944,1
FRB20211205B,11.565611,-44.90964,0
FRB20211205C,-42.2716,23.570553,0
FRB20211205D,3.7644873,-41.740578,0
FRB20211205E,-19.026451,3.2881327,0
FRB20211205F,60.185143,-21.752928,1
FRB20211206A,9.755818,-55.02167,1
FRB20211206B,-4.553522,-12.740257,0
FRB20211206C,-34.962933,1.8233116,0
FRB20211207A,-36.32265,2.602368,0
FRB20211208A,-38.137905,8.810233,0
FRB20211209A,36.43168,-15.138613,0
FRB20211209B,5.807363,-54.991642,0
FRB20211210A,39.848824,-15.521878,0
FRB20211210B,25.005636,-8.956784,0
FRB20211210C,7.5305,-47.184795,0
FRB20211210D,8.001546,-46.984623,0
FRB20211211A,61.08695,-17.601427,0
FRB20211211B,-33.800385,15.790578,0
FRB20211211C,3.1703146,-55.638275,0
FRB20211211D,-49.908722,18.339273,0
FRB20211211E,-22.619768,-55.415012,0
FRB20211212B,4.6658964,-49.416553,0
FRB20211213A,38.894222,-16.262852,0
FRB20211213B,-38.539005,17.431906,0
FRB20211213C,2.447406,-56.947697,1
FRB20211214A,29.33323,-19.1389,0
FRB20211214B,-36.974022,17.819548,0
FRB20211214C,60.767776,-1.2697277,0
FRB20211215A,9.148748,-54.112057,0
FRB20211215B,-38.082836,25.981024,0
FRB20211215C,59.725292,-19.985212,0
FRB20211216A,2.3684146,-54.609802,0
FRB20211216B,57.187115,-21.331842,0
FRB20211217A,52.47934,-26.534924,0
FRB20211217B,9.329557,-50.41389,0
FRB20211217C,-22.135082,-55.724377,0
FRB20211217D,43.92397,-14.674346,0
FRB20211218A,59.139633,-26.087852,0
FRB20211218B,1.9110739,-38.948242,0
FRB20211218C,22.665367,-15.888322,0
FRB20211218D,57.59942,-16.39132,0
FRB20211219A,-33.640007,11.936458,0
FRB20211219B,36.081978,-15.029072,0
FRB20211219C,-0.23205438,-29.498,0
FRB20211219D,51.752308,-25.432728,0
FRB20211219E,-46.188156,-3.251838,1
FRB20211220A,55.04268,-20.862967,0
FRB20211220B,20.535927,11.55565,0
FRB20211221A,-49.90525,1.6822313,1
FRB20211222A,-27.773119,7.1724353,0
FRB20211222B,-51.12322,21.807848,1
FRB20211222C,-36.47572,27.975773,0
FRB20211222D,8.951032,-55.96515,0
FRB20211222E,57.160946,-19.914797,0
FRB20211223A,29.486065,-12.695462,0
FRB20211223B,6.690288,-49.474194,1
FRB20211225A,-25.387163,-53.734783,0
FRB20211225B,-33.21156,17.592735,0
FRB20211226A,-25.030764,-56.789616,0
FRB20211227A,4.518398,-51.4912,1
FRB20211228A,21.555124,11.904387,1
FRB20211228B,-27.208275,-8.999724,0
FRB20211229A,57.87223,-25.02626,1
FRB20211229B,-29.616358,17.529585,0
FRB20211229C,-14.26558,-54.51708,0
FRB20211229D,11.152037,-51.313446,0
FRB20211229E,-17.208862,-52.888416,0
FRB20211230A,10.088578,-47.10398,0
FRB20211230B,7.133205,-46.906654,0
FRB20211230C,4.5161033,-51.28051,0
FRB20211231A,-26.11103,-6.220824,0
FRB20211231B,-32.495865,28.544071,0
FRB20220101A,-32.735172,11.654143,1
FRB20220102A,39.820423,-17.84403,0
FRB20220103A,-3.6427147,32.638268,0
FRB20220103C,-50.43505,-13.2631855,1
FRB20220104A,4.4881735,-50.78583,0
FRB20220104B,1.6360158,-38.5944,0
FRB20220104C,20.821695,11.664445,0
FRB20220104D,-22.702255,6.6805415,0
FRB20220104E,0.22735816,-37.748302,0
FRB20220105B,-38.696968,-6.429147,0
FRB20220105C,52.92862,-19.0987,0
FRB20220105D,-38.477936,16.918987,0
FRB20220105E,-28.532856,1.0618439,0
FRB20220106A,8.822866,-55.19751,0
FRB20220106B,19.396896,12.1062155,0
FRB20220107A,-50.419952,-6.763877,1
FRB20220107B,-22.161728,-53.06176,1
FRB20220107C,6.930703,-58.709057,0
FRB20220108A,3.2778714,-57.529804,0
FRB20220108B,-18.546762,-9.445402,0
FRB20220108C,-23.289717,16.10517,0
FRB20220108D,-4.7721205,-15.415121,0
FRB20220109A,1.243794,-53.890293,0
FRB20220109B,-28.52024,6.257304,0
FRB20220109C,56.98527,-19.74599,0
FRB20220113A,37.369232,-15.223173,0
FRB20220114A,7.3785343,-49.229927,0
FRB20220115A,-1.9807565,-29.46046,0
FRB20220115B,45.8024,-14.991097,0
FRB20220118A,53.224735,-23.632832,0
FRB20220118B,-55.1199,-14.775603,1
FRB20220119A,-35.611942,-2.7873793,0
FRB20220121A,-18.14086,5.281994,0
FRB20220122A,-10.873741,-6.9037757,0
FRB20220122B,-41.671192,27.227125,0
FRB20220122C,-23.14645,6.7661653,0
FRB20220123A,10.810274,-51.443127,1
FRB20220124A,-49.896503,20.047846,0
FRB20220124B,5.6672144,-54.80574,0
FRB20220124C,56.54677,-20.122465,0
FRB20220126A,25.768925,-15.333169,0
FRB20220126B,-22.990177,-7.184074,0
FRB20220126C,-24.730509,5.751266,0
FRB20220127A,50.70305,-19.57668,0
FRB20220128A,-24.641777,-7.1094656,0
FRB20220128B,10.833107,-56.28212,0
FRB20220128C,-42.45257,26.277792,0
FRB20220128D,40.87303,-13.372437,0
FRB20220129A,-42.041424,32.242577,0
FRB20220130A,52.611866,-17.78804,0
FRB20220130B,-25.77693,-14.686448,0
FRB20220130C,-27.250355,11.037591,0
FRB20220131A,49.768566,-13.732163,0
FRB20220131B,-25.717434,2.53966,0
FRB20220201A,-21.35199,-55.96686,0
FRB20220201B,38.18982,-16.321344,0
FRB20220201C,-30.3351,11.673666,0
FRB20220202A,10.609562,-41.01757,1
FRB20220202B,-30.085684,-6.25989,0
FRB20220203A,0.44850633,-36.566154,1
FRB20220203B,47.820957,-13.358442,0
FRB20220203C,60.701958,-25.564865,0
FRB20220205A,-32.35727,20.771204,0
FRB20220205B,-39.26853,0.06858864,0
FRB20220206A,-26.392118,-54.617188,0
FRB20220206B,-42.2771,5.68638,0
FRB20220207A,29.447063,-14.527621,1
FRB20220207B,42.293476,-16.974812,1
FRB20220209A,-59.09217,7.929915,1
FRB20220209B,23.635782,-5.292031,0
FRB20220209C,50.810898,-19.395716,0
FRB20220210A,42.33755,-13.971634,0
FRB20220211A,24.349552,-19.328915,0
FRB20220211B,47.043762,-14.686423,0
FRB20220211C,-22.26087,-10.140502,0
FRB20220211D,20.645643,10.859213,0
FRB20220212A,46.78912,-14.784316,0
FRB20220212B,-51.780663,18.520784,0
FRB20220213A,-36.111645,-14.551787,1
FRB20220213B,20.775866,10.878048,0
FRB20220213C,-19.787699,3.157601,0
FRB20220214A,54.564663,-22.277836,0
FRB20220214B,-1.3154241,-29.758268,0
FRB20220214C,6.6969447,-51.787384,0
FRB20220214D,66.44266,-5.5180726,1
FRB20220214E,4.094696,-53.283043,0
FRB20220215A,-46.009167,22.22064,0
FRB20220216A,-28.930368,13.934776,0
FRB20220218A,-41.69377,33.400063,0
FRB20220218B,59.76204,-27.097752,0
FRB20220218C,-30.769556,15.609379,0
FRB20220219A,-23.221346,-15.407403,0
FRB20220219B,5.931589,-51.321014,0
FRB20220220A,-0.45302987,-29.667425,0
FRB20220220B,20.772055,7.4511867,0
FRB20220220C,-37.030163,-4.5497656,0
FRB20220221A,25.392233,-14.040971,0
FRB20220221B,22.35915,9.800585,0
FRB20220221C,-17.690937,-49.357018,0
FRB20220222A,-38.748207,-6.46412,0
FRB20220222B,18.737123,35.606636,0
FRB20220224A,-48.601128,12.806427,0
FRB20220225A,64.26778,-21.180525,1
FRB20220225B,28.450464,-6.81115,0
FRB20220225C,-43.739887,5.873228,0
FRB20220225D,10.106184,-42.51609,0
FRB20220225E,-18.439219,-51.382057,1
FRB20220225F,24.428268,-8.549217,0
FRB20220225G,-25.446875,-4.000898,0
FRB20220225H,-29.845705,3.297771,0
FRB20220226A,55.444565,-24.545496,0
FRB20220226B,-36.70093,11.268399,0
FRB20220227A,5.7465587,-50.7861,0
FRB20220227B,21.130556,11.724781,0
FRB20220228A,-32.59342,-1.8331634,0
FRB20220228B,66.554695,-6.9779916,1
FRB20220228C,-19.35666,-61.941364,0
FRB20220228D,39.995068,-19.223005,0
FRB20220228E,55.553417,-20.313679,0
FRB20220228F,-25.430105,2.3638232,0
FRB20220301A,1.2817944,-38.266884,0
FRB20220301B,-38.824276,13.182476,0
FRB20220301C,-43.68445,26.34356,0
FRB20220301D,-39.557453,22.094275,0
FRB20220301E,-44.585823,27.538006,0
FRB20220301F,-0.660336,-28.725704,0
FRB20220302A,63.224934,-19.45068,1
FRB20220302C,-19.569242,-49.93793,0
FRB20220303A,-33.266727,28.113222,0
FRB20220303B,56.611465,-20.301792,0
FRB20220303C,-26.31233,13.596854,0
FRB20220304A,-31.522076,23.308735,0
FRB20220305A,-24.695496,-2.9459763,0
FRB20220305B,-19.245893,-60.0392,1
FRB20220306A,-22.64003,-53.14497,0
FRB20220306B,-49.359783,23.206676,0
FRB20220307A,66.16516,-7.5854344,0
FRB20220308A,-60.313496,6.8676453,0
FRB20220308B,-37.117115,19.15564,0
FRB20220308C,12.427373,-53.621006,0
FRB20220308D,10.376457,-41.119995,0
FRB20220308E,5.5885215,-54.637188,0
FRB20220309A,-48.774353,21.330357,0
FRB20220309B,-21.571688,5.1298103,0
FRB20220309C,4.6935787,-50.99296,0
FRB20220310A,-20.580256,-47.890587,0
FRB20220310B,6.875072,-47.22974,0
FRB20220310C,6.936173,-54.233143,0
FRB20220310D,38.992416,-16.77467,0
FRB20220310E,-29.101671,15.697629,0
FRB20220311A,24.427479,-19.885891,0
FRB20220311B,-17.588173,-45.166954,0
FRB20220311C,-53.886444,-7.7858977,1
FRB20220311D,-13.96305,-51.364353,0
FRB20220312A,-1.6429795,-30.05132,1
FRB20220312B,21.364573,8.871628,0
FRB20220312C,27.008366,-7.564233,0
FRB20220313A,-20.267754,-10.561792,0
FRB20220313B,-37.97449,-15.573975,1
FRB20220313C,-43.903484,10.404568,0
FRB20220313D,6.0877967,-54.78279,0
FRB20220313E,-36.348576,-15.20695,0
FRB20220314A,20.070122,-21.565283,0
FRB20220315A,-23.075668,-8.151211,0
FRB20220315B,-35.153008,8.526802,0
FRB20220315C,-22.754765,-55.47547,0
FRB20220315D,39.00129,-13.532445,0
FRB20220315E,52.115967,-18.630514,0
FRB20220316A,-56.670856,7.945071,1
FRB20220316B,12.2745905,-45.77078,0
FRB20220316C,5.4152293,-53.052975,0
FRB20220316D,-22.080341,-53.06465,0
FRB20220316E,-13.034505,-8.4228,0
FRB20220316F,54.210503,-18.309229,0
FRB20220317A,22.563805,-14.840164,1
FRB20220317B,7.737607,-44.948196,0
FRB20220317C,59.978024,-26.78976,0
FRB20220317D,-35.51862,31.800442,0
FRB20220317E,-27.753977,11.587938,0
FRB20220318A,-14.041082,-54.51811,0
FRB20220318B,-33.650494,17.448662,0
FRB20220318C,50.98584,-23.464258,0
FRB20220319A,-24.783808,-51.154682,0
FRB20220319B,-8.274841,-6.514624,0
FRB20220319C,9.896225,-42.9362,1
FRB20220320A,-34.640636,-2.467824,0
FRB20220320B,58.00791,-21.278221,0
FRB20220320C,55.426662,-17.802187,0
FRB20220321A,-34.998386,-0.17953523,0
FRB20220321B,4.3515444,-50.610725,0
FRB20220321C,6.1058817,-44.89185,1
FRB20220321D,-51.552853,18.337194,0
FRB20220321E,6.3654757,-51.48598,0
FRB20220321F,-44.392475,26.435831,0
FRB20220322A,56.152195,-18.334162,0
FRB20220322B,-35.769886,14.008572,0
FRB20220322C,15.214927,-19.78839,1
FRB20220322D,29.665154,-43.655956,0
FRB20220323A,-28.663452,2.6604922,0
FRB20220323B,52.735092,-24.7495,0
FRB20220324A,-39.15664,19.03288,0
FRB20220324B,5.3302064,-54.0572,0
FRB20220324C,-18.220678,-59.646217,0
FRB20220325A,-50.688072,0.67405975,1
FRB20220325B,66.217125,-7.515593,0
FRB20220325C,-37.7513,22.938562,0
FRB20220325D,-18.565401,-7.3227363,0
FRB20220326A,-26.165956,-0.5749637,0
FRB20220328A,-35.425175,-11.459229,1
FRB20220328B,-19.03778,-52.378433,0
FRB20220328C,37.574276,-16.854637,0
FRB20220329A,54.017075,-22.412836,0
FRB20220329B,-46.28019,-8.342362,1
FRB20220329C,21.4531,7.1952076,0
FRB20220330A,7.008876,-56.65445,0
FRB20220330B,-24.274107,-56.92824,0
FRB20220330C,-41.45524,18.353138,0
FRB20220331A,38.8061,-15.666779,0
FRB20220331B,-56.980667,8.207027,0
FRB20220401A,54.01036,-24.718035,0
FRB20220405A,-39.74855,19.854305,0
FRB20220405B,-2.1879067,-55.2328,0
FRB20220405C,35.01195,-16.966198,0
FRB20220406A,-39.89964,9.43885,0
FRB20220407A,-25.404839,-2.6098993,0
FRB20220407B,-13.0105295,-7.5640173,0
FRB20220408A,-17.769531,-62.964993,1
FRB20220408B,57.23697,-16.905176,0
FRB20220408C,24.307339,-15.206196,0
FRB20220409A,-23.428715,7.0664363,0
FRB20220409B,51.26331,-23.080631,0
FRB20220410A,36.988483,-13.763852,0
FRB20220410B,59.012188,-18.301962,0
FRB20220411A,-17.378088,-52.793045,0
FRB20220411B,-25.182459,-10.343282,0
FRB20220411C,-47.387302,-2.9570088,1
FRB20220412A,-4.384618,-10.523619,0
FRB20220412B,23.553635,-17.964973,0
FRB20220413A,-50.41696,13.023547,0
FRB20220413B,-34.08076,33.360806,0
FRB20220413C,-21.23336,-10.622558,0
FRB20220414B,61.803192,-22.81059,1
FRB20220414C,-28.092245,18.373495,0
FRB20220415A,-35.14014,32.24304,0
FRB20220415B,-24.88296,7.417821,0
FRB20220415C,-13.340878,-59.3257,0
FRB20220415D,61.856762,-22.286158,0
FRB20220416A,14.568025,-45.538654,0
FRB20220416B,11.9675665,-50.32941,1
FRB20220417A,-30.982035,1.5790467,0
FRB20220419A,57.799686,-15.9389305,0
FRB20220420A,-26.563437,-54.83883,0
FRB20220420B,60.036346,-26.381798,0
FRB20220420C,-33.00419,11.852283,0
FRB20220420D,10.204971,-43.452362,0
FRB20220420E,-41.536404,-7.7962193,0
FRB20220421A,-37.07583,26.43053,0
FRB20220421B,22.911829,-13.967276,1
FRB20220421C,28.03593,-6.7299385,0
FRB20220421D,-52.63798,-12.398934,0
FRB20220421E,38.17629,-16.70803,0
FRB20220423A,-22.702627,-2.9302607,0
FRB20220423B,8.7722435,-57.849316,1
FRB20220423C,-31.974586,3.9172156,0
FRB20220424A,22.072275,-20.03959,0
FRB20220424B,-19.445747,24.769775,0
FRB20220424C,66.43904,-7.2018485,0
FRB20220424D,35.456127,-47.0856,0
FRB20220425A,-23.781094,18.489859,0
FRB20220426A,52.374813,-26.729086,0
FRB20220426B,-44.26569,18.437218,0
FRB20220426C,9.222576,-54.281105,0
FRB20220426D,5.532219,-50.403954,0
FRB20220428A,23.427662,-15.6945095,1
FRB20220428B,50.464283,-25.82001,1
FRB20220428C,14.699464,-43.914284,1
FRB20220428D,-14.50459,-6.4105163,0
FRB20220429A,7.914948,-50.274086,0
FRB20220430A,11.230825,-49.324562,0
FRB20220430B,-28.598066,11.967529,0
FRB20220430C,-4.211719,-15.5284,0
FRB20220430D,1.458122,-57.46429,0
FRB20220501A,23.589584,4.0849257,0
FRB20220501B,39.23793,-13.994716,0
FRB20220502A,-27.652828,12.066104,0
FRB20220502B,-18.242723,-56.67142,0
FRB20220502C,-23.571918,-55.83643,0
FRB20220503A,7.755659,-53.816032,0
FRB20220503B,-42.93567,26.50632,0
FRB20220503C,-39.981236,19.90783,0
FRB20220503D,9.198093,-56.197285,0
FRB20220503E,-21.717987,-12.028359,0
FRB20220505A,-16.869703,-0.47455177,1
FRB20220505B,7.7822876,-50.155865,0
FRB20220505C,57.577976,-26.923538,0
FRB20220506A,-13.471926,-59.310753,0
FRB20220506B,57.79089,-18.083231,0
FRB20220506C,-36.236668,-10.727252,0
FRB20220507A,64.23226,-23.443857,1
FRB20220508A,61.556145,-25.888107,0
FRB20220508B,-29.373114,12.825147,0
FRB20220509A,14.242132,-44.60238,0
FRB20220509B,4.299889,-51.56689,0
FRB20220509C,38.03028,-18.68007,0
FRB20220509D,-24.12938,-55.66732,0
FRB20220509E,-38.383835,19.059223,0
FRB20220509F,37.14156,-14.632428,0
FRB20220510A,-34.347015,15.495861,0
FRB20220511A,13.330714,-42.0177,0
FRB20220511B,-28.209757,6.551299,0
FRB20220511C,-13.365955,-43.264595,0
FRB20220512A,38.46244,-15.491153,0
FRB20220513A,8.678874,-55.088505,0
FRB20220514A,56.52287,-20.834799,0
FRB20220514B,19.705547,12.100978,0
FRB20220514C,52.926937,-16.932585,1
FRB20220516A,62.394768,-21.679287,0
FRB20220517B,-19.296051,-62.041035,0
FRB20220517C,-33.160984,4.0135093,0
FRB20220517E,-43.13799,31.126457,0
FRB20220517F,-1.0189329,-55.79466,1
FRB20220518B,-52.25815,-3.8434162,1
FRB20220518C,29.123789,-6.6777606,0
FRB20220518D,54.603256,-19.246052,0
FRB20220518E,47.065742,-13.823366,0
FRB20220518F,-19.94028,7.6384497,0
FRB20220520A,-36.352356,-2.4932575,0
FRB20220521A,24.597937,-11.976425,0
FRB20220521B,-25.808687,-11.936301,0
FRB20220521C,9.147211,-45.96859,1
FRB20220525A,-49.80613,-2.9598248,1
FRB20220525B,-2.1170192,-29.492739,1
FRB20220526A,-26.975777,-7.4363527,0
FRB20220527A,53.43319,-18.665342,0
FRB20220527B,-21.209927,14.0804,0
FRB20220527C,24.936567,-15.078906,0
FRB20220527D,6.131299,-49.207302,0
FRB20220528A,-1.1132996,-27.762505,0
FRB20220528B,51.777966,-18.419985,0
FRB20220528C,-38.213062,-15.53245,1
FRB20220528D,-31.35899,3.5092432,0
FRB20220529A,29.76243,-8.925033,1
FRB20220529B,24.896038,-8.702267,0
FRB20220529C,-30.791565,13.442469,0
FRB20220529D,-22.66358,-11.308949,0
FRB20220530A,3.6167827,-52.60913,0
FRB20220530B,-38.803463,-14.65021,1
FRB20220601A,-28.617796,1.7754009,0
FRB20220602A,51.94462,-27.397232,0
FRB20220602B,11.843053,-45.46591,0
FRB20220602C,50.74734,-25.662785,0
FRB20220602D,-12.185175,-5.3159404,1
FRB20220602E,-35.54894,16.33996,0
FRB20220607A,60.92174,-21.793629,0
FRB20220607B,10.573789,-42.290253,0
FRB20220607C,36.947556,-17.307095,0
FRB20220608A,-59.566525,2.7036533,1
FRB20220608B,-44.61683,0.44526854,0
FRB20220609A,59.652462,-18.497797,0
FRB20220609B,33.285713,-16.958757,0
FRB20220611A,-30.743343,2.9752746,0
FRB20220612A,4.4259,-51.98594,0
FRB20220612B,5.754118,-46.432907,0
FRB20220612C,-41.796074,-8.387344,0
FRB20220613A,-18.560564,-57.659657,0
FRB20220613B,-59.311905,0.45090228,1
FRB20220614A,-49.418427,23.150654,0
FRB20220614B,-27.821037,17.870335,0
FRB20220615A,-24.195728,-54.54399,1
FRB20220615B,49.995796,-13.753065,1
FRB20220615C,-2.39209,-28.419315,0
FRB20220615D,26.036503,-9.677797,0
FRB20220615E,-19.509344,-50.48082,0
FRB20220615F,-34.666626,-2.493668,0
FRB20220616A,-14.489588,-10.903851,0
FRB20220618A,47.586037,-15.097531,0
FRB20220618B,-20.419548,1.4268161,1
FRB20220618C,-51.57041,16.37641,1
FRB20220619A,12.484951,-53.739132,1
FRB20220619B,-17.818466,-51.288284,1
FRB20220619C,53.300316,-22.496452,0
FRB20220621A,-29.647882,-8.967534,0
FRB20220621B,-30.145138,16.727104,0
FRB20220621C,49.53295,-26.067457,0
FRB20220621D,-22.459734,-63.128113,0
FRB20220622A,-26.248344,8.700825,0
FRB20220622B,-3.172028,-27.911682,0
FRB20220622C,-0.9515174,-35.106476,0
FRB20220623B,-19.678085,-7.940724,0
FRB20220623C,59.03115,-22.641947,0
FRB20220623D,55.510975,-16.860523,0
FRB20220624A,33.480103,-17.058332,0
FRB20220624B,37.403984,-18.845825,0
FRB20220625B,8.861351,-57.315975,0
FRB20220625C,-39.957645,33.609425,0
FRB20220626A,44.54722,-14.21876,0
FRB20220626B,-36.060852,-14.310183,0
FRB20220627D,-45.261646,-10.807757,0
FRB20220627E,-9.374856,-53.95648,0
FRB20220627F,55.702946,-27.40638,0
FRB20220627G,-44.206093,21.037167,0
FRB20220627H,37.123466,-13.184897,0
FRB20220627I,-2.5537803,-28.533333,1
FRB20220627J,4.200158,-58.227524,0
FRB20220628A,61.100086,-22.360445,0
FRB20220628B,-0.14637646,-55.502346,0
FRB20220629A,20.915062,11.090325,0
FRB20220630A,-47.486366,-12.487849,0
FRB20220630B,-28.75445,19.352003,0
FRB20220702A,-24.80488,-0.25827235,0
FRB20220703A,-25.235615,-10.336174,0
FRB20220703B,21.545341,9.247108,0
FRB20220703C,-0.21313891,-54.36754,0
FRB20220703D,-25.822262,-56.911522,0
FRB20220704A,-18.724283,-51.160763,0
FRB20220704B,-36.44758,25.914371,0
FRB20220705A,-54.870983,9.312218,1
FRB20220705B,-60.181934,6.7024913,1
FRB20220706B,-25.53995,-6.55263,0
FRB20220706C,47.843655,-15.653447,0
FRB20220706D,-30.012873,3.0424387,0
FRB20220707A,-35.06269,-43.652245,0
FRB20220707B,26.557447,-7.652199,0
FRB20220707C,-40.011738,20.35987,0
FRB20220707D,-19.01668,-61.74771,0
FRB20220707E,4.3637395,-42.414307,0
FRB20220708A,-36.41654,-15.248302,1
FRB20220708B,26.006983,-8.067272,0
FRB20220709A,-34.35742,35.38606,0
FRB20220710A,39.540203,-15.207667,0
FRB20220710B,-24.74159,-49.004566,0
FRB20220711A,-16.748209,-61.60947,0
FRB20220711B,61.662064,-19.285822,1
FRB20220712A,-28.491661,14.98809,0
FRB20220712B,6.0730805,-47.825253,0
FRB20220714A,-27.0761,7.666838,0
FRB20220714B,4.3633265,-57.976986,0
FRB20220714C,0.38701668,-37.538334,1
FRB20220714D,56.829876,-23.440248,0
FRB20220715A,-44.68826,2.6121602,0
FRB20220715B,-41.774754,32.61753,0
FRB20220715C,0.2866948,-36.635063,0
FRB20220716A,7.156356,-43.804806,1
FRB20220716B,-26.320333,5.0624323,0
FRB20220716C,-0.618662,-29.392683,0
FRB20220716D,-40.551468,24.127882,0
FRB20220716E,-38.089447,23.588074,0
FRB20220717B,-41.707573,4.205921,0
FRB20220717C,-43.22423,31.06256,0
FRB20220717D,-2.4448242,-27.847765,0
FRB20220717E,38.723694,-17.13084,0
FRB20220717F,-23.700935,-4.583786,0
FRB20220718A,23.354507,-20.860525,1
FRB20220718B,48.285732,-23.095013,0
FRB20220719A,25.602943,-12.224587,0
FRB20220719B,54.62352,-17.169205,1
FRB20220719C,54.739548,-18.781933,0
FRB20220719D,12.246941,-41.072037,0
FRB20220719E,-35.545753,37.513016,0
FRB20220719F,20.952766,11.66738,0
FRB20220720A,24.135517,-9.123472,0
FRB20220720B,22.2717,0.04387833,0
FRB20220720C,-26.032703,-14.13769,0
FRB20220720D,-18.782137,-48.850945,0
FRB20220722A,25.112957,-7.122193,1
FRB20220722B,-34.892452,-0.35691226,0
FRB20220722C,-44.56272,26.159979,0
FRB20220722D,71.54567,7.246038,0
FRB20220723A,-20.593325,-64.21221,0
FRB20220723B,-21.873663,-48.569534,0
FRB20220724A,-21.226854,-46.464565,0
FRB20220724B,-38.44225,-11.926808,0
FRB20220724C,23.221144,-8.2202835,0
FRB20220724D,-45.311123,22.195427,0
FRB20220724E,-7.9952173,-8.394426,0
FRB20220725B,-35.989708,-11.060633,1
FRB20220726B,-30.740137,-8.518638,0
FRB20220726C,-14.908797,-56.650738,0
FRB20220802A,22.926369,-11.694939,0
FRB20220803A,-29.190847,3.0282772,0
FRB20220803B,-24.244257,-56.359592,0
FRB20220805A,24.283588,-18.892303,0
FRB20220806A,-1.8663299,-29.824131,0
FRB20220807A,33.368107,-17.565062,0
FRB20220807B,22.581766,-12.926223,1
FRB20220807C,-42.478912,23.755945,0
FRB20220808A,-53.533173,-1.424578,1
FRB20220809A,-37.932114,21.013262,0
FRB20220809B,-21.682539,-11.532355,0
FRB20220809C,22.463453,-16.965126,0
FRB20220809D,-16.347782,-48.74258,1
FRB20220810A,-49.086422,-1.1485138,1
FRB20220811A,-26.99491,-4.473399,0
FRB20220811B,-24.116714,-3.5276883,0
FRB20220813A,-3.8522081,-12.662109,0
FRB20220813B,-10.24679,-46.402355,0
FRB20220814A,18.837109,-10.205599,0
FRB20220815A,-16.193666,-49.420525,0
FRB20220816A,-21.029478,-10.689512,0
FRB20220817A,-29.842396,13.184667,0
FRB20220818A,20.65867,-10.85117,1
FRB20220818B,-26.941254,1.6827629,0
FRB20220819A,-1.2163697,-34.2717,0
FRB20220819B,-47.37814,4.8208137,0
FRB20220820A,-17.287062,-50.03788,0
FRB20220820B,-42.270676,22.936216,0
FRB20220821A,18.388319,-8.016595,0
FRB20220822A,-14.041181,-11.441894,0
FRB20220822B,-18.805277,-49.092342,1
FRB20220822C,-15.455103,-48.78771,0
FRB20220831B,36.696186,-13.747162,0
FRB20220901A,-20.349463,1.0493867,1
FRB20220901B,26.854067,-10.7595825,0
FRB20220901C,-35.425045,8.609108,0
FRB20220902A,-45.52097,-0.06648636,0
FRB20220902B,-1.9623734,-29.991657,0
FRB20220902C,-22.062618,-53.94576,0
FRB20220902D,-20.54035,-52.78838,0
FRB20220903A,38.475334,-15.587518,0
FRB20220903B,-24.17801,-50.028774,0
FRB20220904A,-51.578953,-1.0594898,1
FRB20220904C,28.658487,-14.498485,1
FRB20220904F,-15.323351,-54.889378,1
FRB20220905B,-26.728733,-12.13017,0
FRB20220905C,-25.386312,4.2481294,0
FRB20220906A,-35.074448,30.289421,0
FRB20220906B,-49.58531,-13.928695,0
FRB20220906C,-44.937374,20.973593,0
FRB20220906D,-36.217606,26.711758,0
FRB20220906E,36.391647,-17.75255,0
FRB20220907A,-15.391659,-47.723328,0
FRB20220907B,-34.114265,24.43556,0
FRB20220907C,-26.280191,-50.700756,0
FRB20220907D,-25.79207,1.4722098,0
FRB20220908C,-18.396996,-56.469475,0
FRB20220908D,-19.822191,-53.02572,0
FRB20220908G,-18.350216,-53.980286,1
FRB20220909D,-15.260038,-48.656742,1
FRB20220910A,-14.010687,-54.485783,0
FRB20220910B,-30.82181,-6.9288445,0
FRB20220911A,-30.548845,17.512695,0
FRB20220911B,25.20066,-6.7467318,1
FRB20220911C,-19.084229,-52.48982,0
FRB20220911D,-27.788708,2.759409,0
FRB20220912A,12.17279,-11.133985,1
FRB20220912C,-21.605404,-54.215656,0
FRB20220913A,-20.631725,1.8599536,0
FRB20220913B,38.125217,-15.764985,0
FRB20220913C,-34.878902,36.185535,0
FRB20220914B,-26.32183,3.150848,0
FRB20220915A,-20.407913,1.7796296,1
FRB20220915B,25.186043,-6.179567,1
FRB20220915C,-30.161657,15.458237,0
FRB20220915D,-29.261013,-51.793484,0
FRB20220916A,-19.73018,-50.617977,0
FRB20221012B,-18.835394,-48.127556,1
FRB20221012C,22.028852,1.4282321,1
FRB20221012D,-53.86228,3.2257416,1
FRB20221012E,24.055862,-9.299223,0
FRB20221013A,19.181004,-6.676175,1
FRB20221013B,-16.719156,-0.08271003,1
FRB20221013C,18.988157,-4.0693994,1
FRB20221013D,-31.992075,9.6401615,0
FRB20221013E,-25.877007,-14.096138,0
FRB20221013F,-28.77512,-0.03334909,0
FRB20221013G,-34.6056,24.19842,0
FRB20221013H,34.000607,-14.763418,1
FRB20221013I,24.614561,-9.513627,0
FRB20221014A,-19.990852,-51.202442,0
FRB20221014B,31.387941,-12.1009,0
FRB20221014C,-47.959846,2.5408225,1
FRB20221014D,-52.25532,-2.2424657,1
FRB20221014E,-18.931118,-48.419308,0
FRB20221014F,-35.389603,-4.2225294,0
FRB20221015A,-35.709885,14.023171,0
FRB20221015B,20.463522,-10.756392,1
FRB20221015C,-23.60713,-53.55133,0
FRB20221015D,-2.5699775,-28.975922,0
FRB20221017A,-33.685272,-0.87919617,0
FRB20221018B,-25.980844,-55.92823,1
FRB20221018C,25.177803,-6.7298384,1
FRB20221018D,-36.992775,26.073915,0
FRB20221019A,-25.685287,-6.570318,0
FRB20221019B,-30.859049,7.072908,0
FRB20221020A,-57.841766,7.6006417,1
FRB20221020B,-25.140001,-2.662008,0
FRB20221020C,-20.195864,-58.088696,0
FRB20221020D,36.423786,-17.67253,0
FRB20221021A,-1.8731674,-38.240253,1
FRB20221021B,-52.846085,2.2708304,1
FRB20221021C,-38.56074,28.196955,0
FRB20221021D,-27.779264,4.2964272,0
FRB20221021E,-36.150932,19.525156,0
FRB20221021F,-30.060694,1.9372581,0
FRB20221022A,-36.3372,34.9794,0
FRB20221022B,28.021622,-16.26394,0
FRB20221022C,-54.11408,-10.854254,1
FRB20221022D,-21.38484,-59.24105,1
FRB20221022E,-27.51449,4.6414604,0
FRB20221022F,-26.009607,-14.209779,0
FRB20221022G,-29.246428,12.553304,0
FRB20221022H,20.02211,-20.207308,0
FRB20221022I,23.780811,-1.3633595,0
FRB20221023A,-47.62885,19.730991,0
FRB20221023B,24.862839,-17.269655,1
FRB20221023C,-24.352295,-60.533306,1
FRB20221023D,-23.666096,-58.971973,1
FRB20221023E,-24.284546,-60.06125,1
FRB20221023G,21.005833,-18.341112,1
FRB20221024A,-24.261513,-55.2711,0
FRB20221024C,20.578571,-15.835872,0
FRB20221025B,-22.35239,-58.161278,1
FRB20221025C,20.403152,-18.929937,1
FRB20221025D,-33.905052,16.567015,1
FRB20221025E,19.702103,-20.602007,1
FRB20221025F,23.42256,-16.493425,1
FRB20221025G,-23.473581,-58.73939,0
FRB20221025H,28.151424,-15.995747,0
FRB20221025I,-36.531097,36.065495,0
FRB20221025K,-53.115955,3.7383475,1
FRB20221027B,33.525185,-15.773071,0
FRB20221027C,-48.89149,19.187689,0
FRB20221029B,20.982586,-16.51394,0
FRB20221029C,-34.314537,-0.9955496,0
FRB20221030A,19.348396,-20.610466,1
FRB20221030B,-54.63089,-3.7512782,1
FRB20221030C,25.061893,-17.773277,1
FRB20221031A,-48.99108,21.978218,0
FRB20221031B,-54.22844,-9.282021,1
FRB20221031C,24.11802,-1.6625217,1
FRB20221101C,-23.74136,-60.018982,1
FRB20221101D,24.005325,-1.5529149,1
FRB20221101E,-55.128784,-14.782143,1
FRB20221101F,-25.46949,3.981831,0
FRB20221101G,18.748203,-20.811422,1
FRB20221102A,-22.730497,-61.82536,1
FRB20221102B,-22.362116,-62.85411,1
FRB20221102C,-53.93304,-13.888996,1
FRB20221102D,-10.3082905,-46.441715,1
FRB20221102E,-38.787045,18.803755,0
FRB20221103A,-14.896739,-10.945624,0
FRB20221103B,-24.095842,-58.86402,1
FRB20221103C,-15.35513,-9.915297,1
FRB20221103D,20.34379,-18.761414,1
FRB20221103E,21.666492,-17.120426,0
FRB20221104A,-50.25775,-12.929567,1
FRB20221104B,-33.026592,-12.31439,1
FRB20221104C,-49.655663,-8.929847,1
FRB20221104D,22.439754,-18.904154,1
FRB20221104E,-27.263464,-6.0830197,0
FRB20221104F,-50.362095,12.333044,0
FRB20221105A,37.085014,-18.886665,0
FRB20221106B,22.164127,-4.9012427,1
FRB20221106C,-21.048607,-46.354553,1
FRB20221106D,-19.06962,-46.46763,1
FRB20221106E,-54.203808,-6.180166,1
FRB20221106F,-33.165062,-10.763766,1
FRB20221106G,23.047268,-5.618648,1
FRB20221106H,-59.67913,1.3490558,1
FRB20221106I,-21.630478,-48.383953,0
FRB20221106J,-13.524354,-51.485363,0
FRB20221107A,-21.148413,-46.384647,0
FRB20221107B,-20.219028,-47.692196,0
FRB20221107C,-45.50721,3.958996,0
FRB20221107D,-31.160141,-6.373501,0
FRB20221107E,18.203047,-7.9950504,1
FRB20221107F,19.752777,-1.5408814,1
FRB20221107G,-51.90856,-4.7529383,1
FRB20221107H,-51.007248,-10.644375,1
FRB20221107I,-50.749863,-14.433432,1
FRB20221107J,21.011227,9.094947,0
FRB20221107K,23.64081,-12.53219,0
FRB20221108A,-14.960116,-49.941757,0
FRB20221108B,-50.683754,-8.226734,1
FRB20221108C,-38.483635,20.129068,1
FRB20221108D,-45.891033,22.337816,0
FRB20221109A,21.784292,8.899031,0
FRB20221109B,17.573458,-19.916851,1
FRB20221109C,20.236647,-17.75487,1
FRB20221109D,-19.616703,-8.4713125,0
FRB20221109E,7.540492,16.398516,0
FRB20221110A,-22.566648,-57.608047,0
FRB20221110B,-37.986366,24.918694,0
FRB20221110C,36.78756,-17.192493,0
FRB20221111A,20.943127,-17.41955,1
FRB20221111B,21.45896,-15.868385,1
FRB20221111C,21.995586,-17.33786,0
FRB20221111D,-4.977273,-13.993385,0
FRB20221112A,-22.881987,-59.588844,1
FRB20221112B,-51.32641,-13.746309,1
FRB20221112C,-51.028347,-11.769125,1
FRB20221112D,20.703657,-15.871371,1
FRB20221112E,-23.078552,-60.54582,1
FRB20221112F,-54.023674,4.150433,1
FRB20221112G,26.861172,-17.20911,0
FRB20221112H,-25.882391,-53.954365,0
FRB20221113B,17.061716,-20.056826,1
FRB20221113C,-33.619186,-11.595797,1
FRB20221113D,18.672424,-16.003027,1
FRB20221113E,-14.656976,-56.57124,0
FRB20221113F,21.893362,-19.968843,0
FRB20221113G,27.983675,-16.226538,0
FRB20221113H,-35.38396,14.424839,0
FRB20221113I,-26.108765,-2.2014964,0
FRB20221114A,19.14121,-20.562681,1
FRB20221114B,-16.102911,-13.816205,1
FRB20221114C,21.329826,-15.934047,1
FRB20221114D,-60.218464,2.161771,0
FRB20221114E,-22.469349,-57.60365,0
FRB20221115B,22.557983,9.008118,1
FRB20221115C,-22.923523,-58.633026,1
FRB20221115D,35.38497,-17.663465,1
FRB20221115F,-53.95701,3.0411472,1
FRB20221116B,-25.67997,-55.216415,0
FRB20221116C,-15.535735,-1.0030336,1
FRB20221116D,20.201208,-16.522259,1
FRB20221116E,21.283388,-22.075264,1
FRB20221116F,-2.5506277,-13.887123,1
FRB20221116G,-22.78233,-58.01668,0
FRB20221116H,-47.92549,19.924044,0
FRB20221116J,17.274157,-17.967318,1
FRB20221117A,-1.8074315,-28.915579,0
FRB20221117B,-12.894949,-7.4640007,0
FRB20221117C,-14.714314,-56.62552,0
FRB20221117E,-32.69216,-10.871158,1
FRB20221117F,-56.533237,-0.03352372,1
FRB20221117G,20.74004,-16.23246,1
FRB20221117H,-49.006977,-9.970224,1
FRB20221117I,-51.49982,21.659649,1
FRB20221117J,-24.041653,-59.006897,1
FRB20221118A,-21.25112,-61.74936,1
FRB20221118B,24.80139,-17.092827,1
FRB20221118C,25.11828,-14.745958,0
FRB20221118D,-39.18419,33.93817,0
FRB20221119A,-18.223942,-56.549843,0
FRB20221119B,-34.64096,-13.66124,1
FRB20221129A,15.893141,-18.664915,1
FRB20221129B,-22.008663,-59.59362,1
FRB20221129C,18.57302,-18.292242,1
FRB20221129D,-24.400467,-61.285294,1
FRB20221129E,21.930725,-20.14104,0
FRB20221130A,-22.70658,-58.99829,1
FRB20221130B,-52.575626,-2.3538647,1
FRB20221130C,24.215286,-16.370497,0
FRB20221130D,21.169996,-17.851532,1
FRB20221201A,28.330719,-15.439737,0
FRB20221201B,-53.862293,-5.7188954,1
FRB20221201C,19.755505,-18.104458,1
FRB20221201D,-22.219746,-60.498363,1
FRB20221201E,-36.32664,19.836742,0
FRB20221201F,38.33953,-17.381138,0
FRB20221201G,-40.30313,13.511734,0
FRB20221202A,20.112833,-16.401115,1
FRB20221202B,-59.643833,2.600252,1
FRB20221202C,-53.84856,4.312086,1
FRB20221202D,22.067741,-16.03487,0
FRB20221202E,-26.90337,-4.370402,0
FRB20221202F,-41.41455,8.545282,0
FRB20221203B,23.995462,-13.464885,0
FRB20221203C,19.633223,-16.035002,1
FRB20221203D,-10.4593315,-46.4706,1
FRB20221203E,-23.137613,-60.50416,1
FRB20221203F,-23.02794,-61.172104,1
FRB20221203G,-52.58774,-8.287537,1
FRB20221203H,18.39243,-20.422699,1
FRB20221203I,-54.43436,-0.68735164,1
FRB20221203J,-58.673756,4.4107947,1
FRB20221203K,-49.16947,-4.514805,1
FRB20221203L,-55.38272,-1.5923314,1
FRB20221203M,-23.020327,-61.770187,1
FRB20221203N,-25.072277,-55.91255,0
FRB20221203O,37.42753,-16.746082,0
FRB20221204A,-23.680496,-59.775818,1
FRB20221204B,21.484493,-17.091715,1
FRB20221204C,-20.910994,-59.80437,1
FRB20221204D,-14.913589,-7.720721,1
FRB20221204E,-51.642212,-9.999544,1
FRB20221204F,-50.951405,-14.69908,1
FRB20221204G,37.2486,-17.754536,0
FRB20221205B,-21.500418,-62.23811,1
FRB20221205C,-15.343605,0.017717775,1
FRB20221205D,-51.847363,-3.3185327,1
FRB20221205E,20.496904,-18.804056,1
FRB20221205F,25.44373,-3.0525823,1
FRB20221205G,-22.58869,-60.570774,1
FRB20221205H,-51.6137,-2.974349,1
FRB20221205I,22.714268,-17.188002,1
FRB20221205J,34.21426,-16.865417,0
FRB20221205K,22.500332,-18.938131,1
FRB20221206A,-41.83922,8.488068,1
FRB20221206B,-53.8629,2.0799577,1
FRB20221206C,-35.646446,-11.421634,1
FRB20221206D,17.442013,-17.74531,1
FRB20221206E,-52.278595,-6.335419,1
FRB20221206F,-56.306137,2.7937098,1
FRB20221206G,-28.840454,0.41634133,0
FRB20221206H,-46.57141,25.259327,0
FRB20221206I,-14.40991,-56.612103,0
FRB20221207A,-20.570986,-59.754578,0
FRB20221207B,-21.25176,-61.92094,1
FRB20221207C,-17.31715,-0.37362957,1
FRB20221207D,-52.84774,1.1812519,1
FRB20221207E,-61.375587,1.7520655,1
FRB20221208A,17.573671,-18.477268,1
FRB20221208B,-24.317705,-60.859142,1
FRB20221208C,-21.772741,-60.757915,1
FRB20221208D,-31.416546,9.694581,0
FRB20221208E,-38.094044,26.25397,0
FRB20221209A,27.43926,-15.119053,0
FRB20221209B,-35.45318,18.802109,0
FRB20221209C,-25.222351,5.734559,0
FRB20221209D,-20.78486,-63.91647,0
FRB20221210A,-19.669682,-7.8848047,0
FRB20221210B,20.182999,-19.331087,1
FRB20221210C,-54.279617,-13.673634,1
FRB20221210D,36.41951,-16.509808,0
FRB20221210E,15.955559,-18.888424,1
FRB20221210F,-24.235909,-54.756824,0
FRB20221210G,24.01231,-16.566504,1
FRB20221210H,21.724796,-15.274945,0
FRB20221210I,-24.366888,-56.68872,0
FRB20221210J,-21.581608,-58.365536,0
FRB20221211A,17.035921,-19.417398,1
FRB20221211B,-53.289326,-4.5058866,1
FRB20221211C,17.172403,-20.437872,1
FRB20221211D,-37.316975,7.0773945,0
FRB20221211E,29.410633,-13.6276455,0
FRB20221212A,-58.225513,-3.295903,1
FRB20221212C,-38.38653,-12.371393,1
FRB20221213A,-20.08162,-58.644577,0
FRB20221213B,17.791864,-21.223124,1
FRB20221213C,-24.132282,-61.649292,1
FRB20221213D,-49.732742,-10.291402,1
FRB20221213E,-22.897488,-63.41807,1
FRB20221213F,-19.60525,-63.48755,1
FRB20221213G,-43.05212,31.65193,0
FRB20221213H,-37.267597,25.050941,1
FRB20221213I,-34.33876,-1.1820996,0
FRB20221214A,18.80113,-20.890736,1
FRB20221214B,16.808878,-16.874397,1
FRB20221214C,25.507294,-3.0972884,0
FRB20221215A,-58.369705,4.2751718,1
FRB20221215B,-20.727043,-59.946583,1
FRB20221215C,-44.937893,-0.14294937,1
FRB20221215D,-54.465836,-3.876876,1
FRB20221215E,-57.927715,-3.1563494,1
FRB20221215F,-21.233212,-57.802883,0
FRB20221215G,-59.92607,6.620065,1
FRB20221215H,-16.568947,-56.45054,0
FRB20221215I,-24.425247,4.827635,0
FRB20221215J,-26.755608,-56.57179,0
FRB20221216A,-23.34873,-61.469173,1
FRB20221216B,-23.743685,-63.424316,1
FRB20221216C,-32.45001,4.5799446,0
FRB20221216D,23.847422,-14.142395,1
FRB20221216E,-29.43469,14.521031,0
FRB20221216F,-24.70517,-61.787838,0
FRB20221217A,-21.988573,-60.11492,1
FRB20221217B,-21.50348,-61.346775,1
FRB20221217C,-26.658037,-60.449543,1
FRB20221217D,-37.298027,17.410519,0
FRB20221218A,-24.196236,-62.04695,1
FRB20221218B,-20.263607,-57.664856,1
FRB20221218C,-20.795374,-57.980366,0
FRB20221219B,-24.055573,-61.341267,1
FRB20221219C,20.127502,-18.832485,1
FRB20221219D,-49.749622,-0.19502515,1
FRB20221219E,-58.890327,-3.1927388,1
FRB20221219F,-22.531017,-57.75418,0
FRB20221220A,-25.18798,-60.748863,1
FRB20221220B,19.10219,-17.055489,1
FRB20221220C,-58.147137,0.7521924,1
FRB20221220D,-24.902025,-62.750805,1
FRB20221220E,-29.147915,12.71974,0
FRB20221220F,-23.44496,-58.740326,0
FRB20221221A,15.788259,-19.04599,1
FRB20221221B,-58.19021,-5.588106,1
FRB20221221C,-54.851204,-0.4435503,1
FRB20221221D,-25.03782,-55.71276,0
FRB20221222A,26.477663,-17.313625,1
FRB20221222B,-52.406208,-8.506261,1
FRB20221222C,-24.856747,-63.482933,1
FRB20221222D,-25.111774,-62.627235,1
FRB20221222E,17.22958,-19.567585,1
FRB20221222F,-25.370487,3.6044426,0
FRB20221222G,-20.720238,-61.78409,0
FRB20221222H,27.698618,-16.377182,0
FRB20221223A,-36.499405,6.917219,0
FRB20221223B,-58.761074,1.8329093,1
FRB20221223C,17.153841,-20.247831,1
FRB20221223D,-56.819378,-0.35543773,1
FRB20221223E,-59.420452,1.7716079,1
FRB20221223F,-21.61652,-11.376073,0
FRB20221223G,22.58991,-17.464783,0
FRB20221223H,-26.23388,-1.954713,0
FRB20221223I,-49.056473,-10.298807,1
FRB20221224A,-55.244698,-7.980383,1
FRB20221224B,-25.617662,-60.181446,1
FRB20221224C,-58.267693,-4.9233985,1
FRB20221224D,-51.31832,-2.3182395,1
FRB20221226A,19.332405,-17.745628,1
FRB20221226B,17.035608,-20.570704,1
FRB20221226C,-18.315287,-59.66177,1
FRB20221226G,21.75735,8.452462,0
FRB20221227A,-47.170147,1.5746078,1
FRB20221227B,-43.405743,32.471535,1
FRB20221227C,-19.459047,-57.38542,0
FRB20221228A,-48.136932,19.739565,0
FRB20221230A,-57.673576,-3.3317978,1
FRB20221230B,-53.938694,3.0607066,0
FRB20221230C,21.324799,8.1781435,0
FRB20221231A,-47.56989,1.5794501,1
FRB20221231B,17.670845,-21.411423,1
FRB20221231C,-55.348877,-10.694494,1
FRB20221231D,-25.800327,-58.515778,1
FRB20221231E,-24.771587,-57.6401,0
FRB20221231F,19.339437,8.2816305,0
FRB20221231G,-25.430403,-58.774204,0
FRB20230101A,-55.29111,-0.12336228,1
FRB20230101B,37.53783,-14.910253,0
FRB20230101C,-38.525055,17.86799,0
FRB20230102A,19.019083,-17.376066,1
FRB20230102B,18.13824,-17.107035,1
FRB20230102C,15.099033,-19.246874,1
FRB20230102D,-25.043869,-54.90311,0
FRB20230103A,21.45356,-18.861258,0
FRB20230103B,-26.111647,-3.9753196,0
FRB20230104A,17.730595,-17.011887,1
FRB20230104B,-25.349281,-59.80165,1
FRB20230105A,-25.460815,-60.196457,1
FRB20230105B,16.97191,-17.836733,1
FRB20230106A,17.168472,-17.538914,1
FRB20230106B,-35.406845,21.347631,0
FRB20230106C,-25.822458,-61.777206,1
FRB20230106D,-58.486237,-3.4268978,1
FRB20230107A,22.15997,0.21864918,1
FRB20230107B,-24.940193,-63.271183,1
FRB20230107D,-51.487103,-13.548956,0
FRB20230110A,-51.414307,18.304064,0
FRB20230112A,-25.25469,-57.269497,0
FRB20230114A,-35.773094,8.451251,0
FRB20230116A,-19.899689,-50.79938,0
FRB20230116B,-49.234108,21.895596,0
FRB20230117A,-49.65897,20.199854,0
FRB20230118A,23.02192,-13.012957,0
FRB20230119A,20.46569,-12.039491,0
FRB20230119B,-43.042866,19.925528,0
FRB20230120A,-17.85097,-56.668495,0
FRB20230120B,-26.90009,5.496608,0
FRB20230122A,-25.794977,-61.09124,0
FRB20230122B,-23.03881,-54.28605,0
FRB20230122C,-21.658754,-55.49929,0
FRB20230123A,-24.230223,1.5937462,0
FRB20230123B,-9.257707,-12.400469,0
FRB20230124B,-48.918846,-15.166235,1
FRB20230125A,-26.281836,-53.147934,1
FRB20230125B,22.068947,2.318379,0
FRB20230125C,38.634155,-17.429062,0
FRB20230126A,-15.78343,-54.343933,0
FRB20230126B,-22.968658,-49.664272,0
FRB20230127A,-50.67243,18.238007,0
FRB20230131A,-36.68662,20.214386,0
FRB20230201A,21.597538,0.42456064,1
FRB20230202A,-54.127567,7.02534,0
FRB20230202B,-17.696783,-49.638466,1
FRB20230203A,-16.816141,-54.655758,0
FRB20230203B,-54.095295,-6.9442935,1
FRB20230204A,-20.579878,-50.894825,0
FRB20230204B,-25.164814,-52.883125,0
FRB20230204C,20.07971,-11.857606,0
FRB20230204D,11.323916,-12.203342,0
FRB20230205A,-15.000288,-54.54022,0
FRB20230206A,7.5550675,16.410671,0
FRB20230207A,-24.92292,5.838344,0
FRB20230208A,-4.0152426,-16.58682,0
FRB20230209A,-33.89927,5.090542,0
FRB20230209B,-19.824205,-52.806816,0
FRB20230209C,-16.482431,-53.306686,0
FRB20230210A,-48.158886,20.17997,0
FRB20230210B,-23.842224,-53.67609,0
FRB20230210C,10.89277,-11.277135,0
FRB20230210D,10.973742,-11.107121,0
FRB20230210E,-39.328938,18.349613,0
FRB20230210F,-45.311584,4.69775,1
FRB20230214A,-48.94321,-3.1062586,1
FRB20230214B,-50.39857,-9.057192,1
FRB20230215A,-17.544498,-52.407024,0
FRB20230215B,-32.63719,3.6550846,0
FRB20230216B,-24.000353,-44.860153,0
FRB20230216C,-43.50406,-1.0942949,0
FRB20230216D,-35.248882,8.47624,0
FRB20230216E,17.524961,-6.7856994,1
FRB20230218A,-53.425,2.609451,1
FRB20230218B,-38.330467,18.500029,0
FRB20230218C,-26.312805,-6.8331513,0
FRB20230218D,10.842051,-11.248967,0
FRB20230222A,30.365686,-20.628868,0
FRB20230222B,-38.278397,29.076984,0
FRB20230222D,-21.118425,-11.759647,0
FRB20230223A,-30.962135,-7.7173634,0
FRB20230223B,-35.971024,-9.411378,0
FRB20230223C,-37.343956,21.85643,0
FRB20230223D,11.046956,-11.122462,0
FRB20230223E,-23.048319,-44.938194,0
FRB20230223F,19.429207,-13.149387,0
FRB20230224A,-35.81669,13.414964,0
FRB20230224B,-37.40487,37.263268,0
FRB20230224C,-16.802444,-49.609703,0
FRB20230225A,-43.890026,21.307575,0
FRB20230225B,-33.0985,3.0172415,0
FRB20230226A,21.91497,8.78507,0
FRB20230226C,-26.926973,-3.570675,0
FRB20230227A,-2.094702,-29.978622,0
FRB20230227B,-26.038239,2.7800453,0
FRB20230228A,-26.795727,1.4804987,0
FRB20230228B,-19.464533,-8.570789,0
FRB20230301A,-24.331182,2.8562918,0
FRB20230301B,-2.4070082,-30.717344,0
FRB20230303A,-20.96596,-50.678963,0
FRB20230303B,-32.600155,4.7689304,0
FRB20230304A,-18.499008,-48.739635,0
FRB20230305A,-48.05829,-11.460056,0
FRB20230305B,-15.617507,-48.9249,0
FRB20230305C,-26.694971,0.33368647,0
FRB20230305D,-23.332376,-53.170815,0
FRB20230306A,19.656225,-10.736797,0
FRB20230306B,34.828354,-16.230742,0
FRB20230306C,-31.956814,5.995443,0
FRB20230306D,-1.5730178,-33.415676,1
FRB20230306E,-35.604053,8.346658,0
FRB20230307B,-1.6132501,-35.189312,0
FRB20230307C,-34.08381,-3.9725647,0
FRB20230307D,12.261505,-11.076074,0
FRB20230307E,35.025894,-18.577314,0
FRB20230307F,-39.730453,-40.174175,0
FRB20230308A,-8.248037,-14.084431,0
FRB20230308B,-25.161547,-53.07518,0
FRB20230308C,34.66193,-14.569707,0
FRB20230308D,-56.06766,-2.5782523,1
FRB20230308E,39.442394,-16.9252,0
FRB20230309A,-50.609936,15.324891,0
FRB20230309B,39.650166,-19.814968,0
FRB20230309C,-28.52765,17.030901,0
FRB20230309D,-27.217548,3.6883345,0
FRB20230309E,37.015106,-16.35312,0
FRB20230310A,29.79854,-20.289433,0
FRB20230310B,15.881505,-6.734563,1
FRB20230310C,19.000395,-20.348835,1
FRB20230311A,-34.64468,36.133724,0
FRB20230311B,-42.43581,31.44165,1
FRB20230312A,-42.194885,-44.07311,1
FRB20230312B,-58.05988,-2.462576,1
FRB20230313A,21.879091,8.49413,0
FRB20230313B,-2.1093764,-38.218315,0
FRB20230313C,-40.313046,-43.09344,0
FRB20230313E,21.234175,9.111641,0
FRB20230314A,31.968775,-12.1891365,0
FRB20230314B,-24.199148,-44.775112,0
FRB20230314C,30.916851,-19.374605,0
FRB20230314D,-56.674423,-10.884947,1
FRB20230314E,-10.538617,-12.388867,0
FRB20230315A,18.095314,-8.847745,0
FRB20230315B,-41.189873,-44.195957,1
FRB20230316A,-22.888779,-54.27057,0
FRB20230316B,-32.49475,-10.843065,0
FRB20230316C,-32.49032,-9.51474,1
FRB20230316D,-47.94863,-3.2265782,1
FRB20230316E,-55.93314,-9.514515,1
FRB20230316F,-53.948772,1.448592,1
FRB20230316G,-51.42312,-12.936,1
FRB20230316H,-19.05385,-50.6644,0
FRB20230317A,29.114384,-19.50792,0
FRB20230317B,-31.45948,-7.7949314,0
FRB20230317C,-25.069132,-51.433853,0
FRB20230317D,19.147076,-7.301422,1
FRB20230317E,19.648018,-10.890681,0
FRB20230318A,-35.641808,7.3274603,1
FRB20230318B,-32.850002,3.6851099,0
FRB20230318C,-52.801594,-3.6968582,1
FRB20230319A,-24.159943,-50.339703,0
FRB20230320A,-17.017086,-49.09521,0
FRB20230320B,22.040945,8.905278,0
FRB20230321A,-50.34092,13.493601,0
FRB20230322A,-14.99623,-48.835022,0
FRB20230322B,13.924775,-12.062905,0
FRB20230322C,-17.357561,-52.737736,0
FRB20230322D,-23.5217,-2.038359,0
FRB20230323A,32.571724,-21.092157,0
FRB20230323B,39.880726,-16.11923,0
FRB20230323C,-34.527576,13.641344,0
FRB20230324A,-19.052456,-48.410336,0
FRB20230324B,-19.302334,-63.492912,0
FRB20230324C,-27.729483,2.83984,0
FRB20230325A,-34.712738,37.63534,0
FRB20230325B,19.91303,-12.146999,1
FRB20230327A,9.971412,-11.665474,0
FRB20230327B,-45.683083,-0.0005685065,1
FRB20230327D,-10.269853,-46.439667,0
FRB20230328A,-27.656105,-55.029842,0
FRB20230328B,-50.519703,-6.750381,1
FRB20230328C,-34.03065,-1.2902354,0
FRB20230328D,23.939014,-11.975489,0
FRB20230328E,-43.39931,4.149946,0
FRB20230329A,-37.796696,14.181542,0
FRB20230329B,-43.790493,2.2082148,0
FRB20230329C,-50.803265,-0.83519185,1
FRB20230329D,-54.854813,2.0002375,1
FRB20230329E,-52.080467,-4.128812,1
FRB20230329F,26.663921,-10.519954,0
FRB20230330A,22.123842,-10.960438,1
FRB20230330B,-25.122538,-45.928406,0
FRB20230331A,-27.859451,-49.21006,0
FRB20230331B,-21.07664,-51.256252,0
FRB20230401A,24.12929,-9.345321,0
FRB20230401B,-39.55357,-40.113213,0
FRB20230402A,-40.699516,32.570675,0
FRB20230402B,-1.203068,-35.262375,0
FRB20230402C,-34.302643,15.25927,0
FRB20230402D,-41.834763,25.290197,0
FRB20230402E,-28.024559,-49.14634,0
FRB20230402F,36.77327,-20.90999,0
FRB20230403A,-53.540108,-15.3520775,1
FRB20230404A,12.086737,-10.776425,0
FRB20230404B,-33.200584,-12.088202,0
FRB20230404C,18.539404,-8.137839,1
FRB20230404D,-18.202534,-49.600864,1
FRB20230405A,22.813654,-10.983777,0
FRB20230405B,-30.071964,5.623502,0
FRB20230405C,-22.82662,-44.93213,0
FRB20230405D,21.897783,8.751769,0
FRB20230405E,-25.081394,3.1132874,0
FRB20230406A,-26.536072,-49.86866,0
FRB20230406B,-25.557632,-52.596848,0
FRB20230406C,-28.335796,3.7652364,0
FRB20230406D,22.023207,1.790831,0
FRB20230406E,-20.450495,-49.208614,1
FRB20230407A,-28.005276,-49.882908,0
FRB20230407B,-1.1731389,-32.711704,0
FRB20230407C,-54.08585,-6.2230616,1
FRB20230407D,19.694769,-18.868181,1
FRB20230407E,-50.442947,13.728854,0
FRB20230409A,-14.599939,-53.10126,0
FRB20230409B,-16.799149,-53.20843,0
FRB20230409C,-35.18944,-4.6771083,0
FRB20230410A,28.902561,-13.372309,0
FRB20230410B,-24.42908,-50.3754,0
FRB20230410C,12.246599,-11.161074,0
FRB20230410D,36.960194,-20.688477,0
FRB20230410E,-11.981718,-11.641395,0
FRB20230410F,-7.940269,-9.950614,0
FRB20230410G,-30.890385,15.863587,0
FRB20230411A,-19.869614,-53.402977,0
FRB20230411B,-19.993917,-10.119131,0
FRB20230411C,-38.483208,15.64241,0
FRB20230411D,-27.55938,16.549011,0
FRB20230411E,-25.223143,-53.237953,0
FRB20230411F,-34.55116,-7.9947114,0
FRB20230413A,35.975758,-15.458091,0
FRB20230413B,-23.747105,-44.764957,0
FRB20230414A,34.9494,-13.386465,0
FRB20230414B,26.876244,-12.142446,0
FRB20230414C,17.09082,-9.057216,1
FRB20230414D,-40.32673,-45.55723,0
FRB20230415A,-40.274414,22.031971,0
FRB20230415B,35.258636,-14.334068,0
FRB20230417A,-21.040545,-11.160506,0
FRB20230417B,21.111671,-12.987547,1
FRB20230417C,-37.814476,24.906666,0
FRB20230418A,-34.996227,27.122171,0
FRB20230418B,-41.879288,-44.26238,0
FRB20230418C,25.949705,-16.922318,1
FRB20230418D,16.70502,-5.194498,1
FRB20230418E,29.114223,-19.448303,0
FRB20230419A,20.649178,-12.424957,0
FRB20230419B,-44.90677,21.222076,0
FRB20230419C,-42.44382,14.669575,0
FRB20230419D,-35.574856,34.76326,0
FRB20230419E,17.036701,-7.572033,1
FRB20230419F,-23.352379,3.2816613,0
FRB20230419G,19.46969,-11.024508,0
FRB20230420A,-40.88823,-45.814034,0
FRB20230420B,-2.454104,-29.404896,0
FRB20230421A,-29.04336,1.3325319,0
FRB20230422A,-41.03072,-42.20074,1
FRB20230422B,-38.22736,7.6496687,0
FRB20230423A,16.607708,-9.430356,0
FRB20230423B,-39.715782,-45.652573,1
FRB20230423C,28.026478,-13.716033,0
FRB20230423D,-25.876188,1.2328429,0
FRB20230423E,-25.581312,3.075478,0
FRB20230423F,-40.9823,-45.162895,1
FRB20230423G,-36.28139,19.708,0
FRB20230424A,-42.410625,17.013206,0
FRB20230424B,-42.500263,-44.21467,0
FRB20230424C,-24.816633,4.811847,0
FRB20230425A,-24.952194,-49.06823,0
FRB20230425B,-19.526562,-44.486317,0
FRB20230425C,-32.060066,9.836128,0
FRB20230425D,-38.31711,17.526646,0
FRB20230425E,-30.125486,17.446123,0
FRB20230425F,-20.265656,-42.24804,0
FRB20230425G,12.543858,-11.160305,0
FRB20230425H,-40.9194,13.94961,0
FRB20230426A,-39.681995,17.962248,0
FRB20230426B,-29.753435,11.609148,0
FRB20230426C,-42.85723,-44.35618,0
FRB20230426D,33.436386,-19.601707,1
FRB20230426E,-27.145805,2.7455873,0
FRB20230426F,-50.670956,14.69201,0
FRB20230427A,28.597746,-12.964737,0
FRB20230427B,-53.637592,-4.3479757,1
FRB20230428A,-25.961004,-14.275824,0
FRB20230428B,-38.0631,-44.052444,0
FRB20230428C,16.96233,-8.025756,0
FRB20230429A,24.46726,-11.731777,0
FRB20230429B,-61.424065,1.8557357,1
FRB20230429C,-40.347633,-45.618176,0
FRB20230429D,-38.40147,6.8437114,0
FRB20230429E,-42.232414,-44.356216,1
FRB20230429F,-54.25766,-3.916437,1
FRB20230430A,-26.77162,-4.261054,0
FRB20230430B,-21.402954,-43.931408,1
FRB20230501B,18.010406,-11.320945,0
FRB20230501C,21.670692,9.056529,0
FRB20230501D,-4.6846952,-13.548613,0
FRB20230502A,-34.597237,4.9010997,0
FRB20230502B,-50.15249,5.347305,1
FRB20230502C,-15.644479,-44.924335,1
FRB20230502D,-50.38969,-13.661752,1
FRB20230502E,-18.529816,-43.784946,0
FRB20230503A,21.101429,-6.652177,0
FRB20230503B,-1.2225276,-33.86661,1
FRB20230503C,-17.337307,-43.704376,1
FRB20230503D,21.048018,-8.220511,0
FRB20230504A,19.504719,-9.835353,0
FRB20230504B,-13.2225275,-53.541355,0
FRB20230504C,-40.056793,-42.717995,1
FRB20230504D,-14.583321,-7.4806604,1
FRB20230504E,17.06672,-11.080818,1
FRB20230504F,17.394085,-10.922146,1
FRB20230504G,-38.50914,-44.444138,0
FRB20230504H,36.84485,-18.613089,0
FRB20230504I,17.471857,-7.9368815,0
FRB20230504J,-40.55816,-43.38598,0
FRB20230504K,-41.394142,-43.65652,0
FRB20230505A,-31.453655,16.54663,0
FRB20230505B,-41.982758,-45.357574,0
FRB20230505C,-52.464344,1.1147891,1
FRB20230505D,-20.195736,-42.21352,1
FRB20230505E,-0.9112549,-21.54993,1
FRB20230505F,11.691316,-10.863661,1
FRB20230505G,22.560373,8.029456,0
FRB20230506A,-22.873785,-48.552937,0
FRB20230506B,18.632217,-9.555921,0
FRB20230507A,-50.47975,21.733376,1
FRB20230507B,11.031069,-9.822869,0
FRB20230507C,31.744173,-12.077396,0
FRB20230508A,-32.75528,2.308001,0
FRB20230508B,34.347717,-18.973951,0
FRB20230508C,-1.0539569,-35.283054,0
FRB20230508D,-3.2716522,-12.070844,0
FRB20230509A,-24.166603,-47.95081,0
FRB20230509B,-24.884344,-47.706646,0
FRB20230510A,-51.369858,5.7384577,0
FRB20230510B,-26.038279,-48.62502,1
FRB20230510C,39.501366,-17.631332,1
FRB20230510D,22.935719,-10.666795,0
FRB20230510E,-54.366467,7.4665437,1
FRB20230510F,-48.378548,-9.10437,1
FRB20230510G,27.63095,-14.696698,1
FRB20230510H,27.297049,-14.394528,1
FRB20230511A,-5.843768,-10.621655,0
FRB20230511B,-37.765663,-43.896004,0
FRB20230511C,-1.5981927,-33.579334,1
FRB20230511D,-39.140327,24.84357,0
FRB20230511E,-11.896508,-55.757755,1
FRB20230512A,-49.85638,-14.673618,0
FRB20230512B,-31.78375,3.6064003,0
FRB20230512C,21.301462,-5.65924,0
FRB20230512D,-44.339027,-0.5395341,1
FRB20230512E,-42.13757,-44.61574,1
FRB20230512F,-35.87228,-2.4256804,0
FRB20230513A,22.008299,8.192022,0
FRB20230513B,-56.683926,7.9900804,0
FRB20230513C,-40.76247,-43.406055,0
FRB20230513D,38.3619,-14.930634,0
FRB20230514A,25.748299,-10.945751,0
FRB20230514B,22.605728,10.138549,1
FRB20230524A,-28.30097,-2.2718694,0
FRB20230524B,20.781693,-9.451832,0
FRB20230525A,-16.458044,-45.263813,0
FRB20230525B,-1.3260479,-30.108442,0
FRB20230525C,-4.703901,-13.051631,0
FRB20230525D,-37.257988,25.595842,0
FRB20230527A,20.804888,-5.7527833,1
FRB20230527B,-18.450623,-45.669888,0
FRB20230528A,21.220865,-7.2146716,0
FRB20230528B,-26.814787,1.4896444,0
FRB20230528C,-16.68486,-44.2287,1
FRB20230528D,20.845478,-5.765742,1
FRB20230528E,-26.877043,-12.293974,0
FRB20230528F,-25.023584,-1.669052,0
FRB20230529A,-17.434935,-59.81866,0
FRB20230530A,23.819414,-6.0209126,0
FRB20230530B,-51.97798,-6.060147,1
FRB20230530C,-23.607529,-49.10298,0
FRB20230601A,-5.424496,-14.067536,0
FRB20230601B,23.313082,-5.7541184,0
FRB20230601D,-51.139812,-11.924061,1
FRB20230601E,21.092642,0.27494776,1
FRB20230601F,-16.320948,-46.135452,0
FRB20230601G,22.99768,-6.1186013,0
FRB20230602A,23.77945,-10.848278,0
FRB20230602B,12.263295,-10.3650675,0
FRB20230602C,-51.859352,-5.685175,1
FRB20230602D,-26.718588,-11.8110075,0
FRB20230602E,-21.225164,-54.452873,0
FRB20230603A,-53.236103,3.299369,1
FRB20230603B,20.20707,-8.074317,1
FRB20230603C,-35.306313,-12.542347,1
FRB20230604A,-35.0431,-8.256905,0
FRB20230604B,23.839487,-10.748184,1
FRB20230604C,9.254911,-8.858194,1
FRB20230604D,-27.572296,-49.29707,1
FRB20230605A,-19.270035,-42.760235,0
FRB20230605B,34.084255,-19.081463,0
FRB20230605C,19.286234,-5.396649,1
FRB20230605D,-18.382696,-44.457428,1
FRB20230605E,21.75207,-6.743294,0
FRB20230606A,-15.141735,-11.015426,1
FRB20230606B,21.901802,-21.096111,1
FRB20230607A,-23.145267,-47.58991,0
FRB20230607B,-29.389706,13.56768,0
FRB20230608A,20.602217,-5.656456,1
FRB20230614A,-14.438222,-52.99688,0
FRB20230614B,-37.03448,35.145115,0
FRB20230614C,22.570969,-6.6851897,0
FRB20230615A,-35.412994,-4.442849,0
FRB20230615B,-29.062054,13.233482,0
FRB20230615C,-0.8850371,-35.34532,0
FRB20230616A,22.00759,7.9223137,0
FRB20230617A,-19.121405,-45.640987,0
FRB20230618A,21.86018,-8.0333185,0
FRB20230618B,-13.771567,-51.419903,0
FRB20230619A,23.196228,-10.613992,0
FRB20230619B,21.654474,-7.3742924,1
FRB20230620A,-21.961895,-49.112064,0
FRB20230620B,13.812738,-12.029639,0
FRB20230621A,26.635897,-7.0297775,0
FRB20230623A,21.265705,-4.3503556,1
FRB20230623B,19.564291,-4.419523,1
FRB20230624A,-25.418283,-48.538506,0
FRB20230624B,21.441135,-5.9067426,1
FRB20230624C,-16.200272,-44.30317,1
FRB20230624D,-21.568626,-47.86639,0
FRB20230625A,-38.392956,7.401554,0
FRB20230625B,-35.609665,-11.482254,1
FRB20230625C,-46.578873,-3.364567,0
FRB20230625D,-28.234524,1.0420998,0
FRB20230626B,-18.493124,-45.61278,0
FRB20230626C,-16.885866,-44.39983,1
FRB20230626D,20.229654,-6.023389,1
FRB20230626E,-18.56173,-43.79394,1
FRB20230626F,-17.356907,-45.0682,1
FRB20230627A,-51.77349,-13.341679,1
FRB20230627B,-53.62612,-4.370457,1
FRB20230627C,-49.44441,-10.036848,1
FRB20230627D,-52.28314,-6.9731174,1
FRB20230627E,-29.164976,0.3087792,1
FRB20230627F,-28.393814,-48.496204,0
FRB20230627G,-51.668816,-6.460985,1
FRB20230628B,33.811848,-19.1667,0
FRB20230628C,-30.655436,3.0047565,0
FRB20230628D,-51.354362,-13.102893,1
FRB20230628E,-18.258547,-44.82992,1
FRB20230628F,-20.090586,-45.988647,1
FRB20230628G,-16.415237,-45.151962,1
FRB20230629A,11.757344,-10.57618,0
FRB20230629B,20.931736,-6.426666,1
FRB20230629C,-57.96818,-2.4769726,1
FRB20230629D,-25.087034,16.15809,1
FRB20230629E,19.709045,-1.6811739,1
FRB20230629F,-22.60225,-48.607765,0
FRB20230629G,20.27264,-4.0758686,0
FRB20230629H,-1.1363214,-34.040752,0
FRB20230629I,-48.683186,-3.6829057,0
FRB20230629J,-19.021053,-45.55291,0
FRB20230630A,-42.636723,8.420642,0
FRB20230630B,22.055294,2.134143,0
FRB20230630C,-55.46493,3.5292792,1
FRB20230630D,-39.537045,-40.09974,1
FRB20230630E,22.207165,-6.5507855,1
FRB20230701A,-50.62533,4.336237,1
FRB20230702A,-32.629692,28.51456,0
FRB20230702B,-32.47781,1.4992584,0
FRB20230702C,-40.993988,-43.07584,0
FRB20230702D,-18.241917,-44.44194,1
FRB20230702E,19.090181,-5.677742,1
FRB20230702F,21.049915,-8.204065,0
FRB20230703A,-20.65084,-45.48339,0
FRB20230703B,-20.627068,-44.414814,0
FRB20230703C,22.697008,-10.111174,0
FRB20230703D,-50.831482,-13.470223,1
FRB20230703E,-41.279934,-42.25375,0
FRB20230703F,-38.749203,-43.426228,0
FRB20230704A,-39.26221,-43.647522,0
FRB20230704B,20.99468,-5.5021787,1
FRB20230704C,-31.071606,-6.8924427,0
FRB20230704D,-38.573193,-43.446095,0
FRB20230705A,25.981783,-10.123857,0
FRB20230705B,-20.181723,-42.171448,1
FRB20230705C,-20.232414,-42.090633,1
FRB20230705D,21.89168,-8.02145,0
FRB20230705E,-31.825542,0.8782783,0
FRB20230706A,-46.865234,0.9225573,1
FRB20230706B,11.368036,-10.40361,1
FRB20230706C,-31.571556,4.1832204,0
FRB20230706D,23.702652,-7.7515054,0
FRB20230706E,-13.763538,-44.33259,0
FRB20230708B,-17.00341,-44.869045,1
FRB20230708C,17.438503,-4.0025263,1
FRB20230709A,-50.894165,-0.67687744,1
FRB20230709B,16.488121,-9.681227,0
FRB20230710A,-40.625484,-45.603107,0
FRB20230710B,17.126959,-11.555369,1
FRB20230712B,-36.94674,16.222872,0
FRB20230712C,-38.71768,-11.733769,1
FRB20230712D,19.28021,-4.1812224,1
FRB20230712E,-55.43367,-1.1431574,1
FRB20230712F,18.809563,-5.3545628,1
FRB20230712G,-28.912495,-50.296238,1
FRB20230712J,-17.015524,-44.13179,1
FRB20230713A,-39.644203,-45.09003,1
FRB20230713B,-41.912964,33.249184,1
FRB20230713C,-39.465904,-11.272963,1
FRB20230713D,17.174646,-6.15736,1
FRB20230713E,17.029203,-11.150317,1
FRB20230713F,-53.915905,1.6077245,1
FRB20230714A,-35.614315,-4.6221933,0
FRB20230714B,-32.9235,-10.862539,1
FRB20230715A,21.953627,1.6411725,1
FRB20230715B,15.34875,-9.347649,0
FRB20230716A,-31.305586,0.32609385,0
FRB20230717A,-34.36074,36.951935,0
FRB20230717B,-23.765121,-48.693615,0
FRB20230717C,-35.060795,-5.3918443,0
FRB20230718B,-41.24851,-42.135677,0
FRB20230718C,19.285646,-19.758728,0
FRB20230719A,-54.177208,-5.0089836,1
FRB20230719B,9.279214,-8.878818,0
FRB20230720A,-12.01528,-55.605488,0
FRB20230720C,25.712059,-10.763965,0
FRB20230720D,32.495113,-19.494673,0
FRB20230721A,-35.373344,27.079334,0
FRB20230721B,-16.379206,-44.716305,1
FRB20230721C,-21.358122,-11.477803,0
FRB20230722A,22.23619,-0.011294734,0
FRB20230722B,-23.877441,-48.60385,0
FRB20230724A,20.864857,-9.571725,0
FRB20230724B,-27.652271,-49.53551,0
FRB20230725A,-40.847385,14.04514,0
FRB20230725B,22.208405,8.558015,0
FRB20230725C,-35.573376,-11.220781,1
FRB20230725D,-15.767183,-45.312374,1
FRB20230725E,-3.0669103,-11.8918495,0
FRB20230725F,-41.791832,-42.895737,0
FRB20230725G,-38.618294,24.355228,0
FRB20230726A,-40.133465,9.251381,1
FRB20230726B,-41.586643,-43.14309,0
FRB20230727A,17.848682,-11.079343,0
FRB20230727B,-41.501495,-43.195507,0
FRB20230727C,-30.447813,16.663424,0
FRB20230728A,-39.57615,-45.114143,0
FRB20230728B,-48.525723,-11.607524,0
FRB20230728C,19.420456,-9.596155,0
FRB20230728D,19.202885,-6.940199,1
FRB20230729A,22.34826,7.3558125,0
FRB20230729B,-25.63046,0.85230905,0
FRB20230729C,-20.577068,-10.868287,0
FRB20230730A,-21.57913,-46.72596,0
FRB20230730B,-41.457336,5.1183476,0
FRB20230730C,-27.877584,-49.141975,0
FRB20230801A,-37.275673,21.12946,0
FRB20230801B,-36.846684,12.96029,0
FRB20230802A,29.108854,-14.944584,0
FRB20230802B,-13.120051,-11.000581,0
FRB20230802C,-55.115356,-10.704006,1
FRB20230802D,19.562128,-10.226093,0
FRB20230803A,-50.957684,-2.1801107,1
FRB20230803B,-49.48432,-12.762197,1
FRB20230803C,-37.501842,-5.0581512,0
FRB20230803D,-35.32837,35.615253,0
FRB20230804A,-56.426407,-10.754762,1
FRB20230805A,-35.080784,-0.0072453227,0
FRB20230805B,-16.65371,-59.48028,1
FRB20230805C,-32.822342,4.143276,0
FRB20230806A,10.978956,-9.7778225,1
FRB20230806B,14.990326,-8.658765,1
FRB20230806C,-38.940838,-45.071682,1
FRB20230807A,-46.533802,25.30632,0
FRB20230807B,21.150314,-5.1087418,1
FRB20230807C,20.06667,-5.3568697,1
FRB20230807D,-16.987812,-44.560646,1
FRB20230808A,-49.091885,-10.094985,0
FRB20230808B,-16.454659,-45.885296,1
FRB20230808C,-38.406773,-11.860604,1
FRB20230808D,-16.79424,-44.218452,1
FRB20230808E,19.668423,-6.316465,1
FRB20230810A,-37.55406,-46.237076,0
FRB20230811A,29.857254,-12.430147,0
FRB20230812A,-30.82212,-8.1789255,0
FRB20230813A,-40.21544,-44.222187,0
FRB20230814C,-41.356422,-44.378735,0
FRB20230814D,-41.20738,-44.24227,0
FRB20230814E,-41.22652,-45.569008,1
FRB20230814G,-15.982967,-0.11472053,0
FRB20230814H,-2.5453227,-30.736729,0
FRB20230815A,-47.79667,2.780072,1
FRB20230815B,-38.48338,-11.600859,1
FRB20230815C,17.033178,-11.801569,1
FRB20230815D,-2.840014,-11.804124,0
FRB20230817A,23.231956,-8.127898,0
FRB20230817B,-13.436833,-53.504,0
FRB20230818A,-57.108467,0.18404539,1
FRB20230825A,15.343682,-9.273601,0
FRB20230825B,15.188559,-9.204743,0
FRB20230825C,-38.651432,28.44581,0
FRB20230825D,-18.316483,-7.0940156,0
FRB20230825E,-3.2290769,-15.243534,0
FRB20230825F,-43.038956,-41.963142,0
FRB20230825G,-41.6688,-40.965923,0
FRB20230825H,-42.477024,-41.276863,0
FRB20230825I,-42.091583,-40.57655,0
FRB20230825J,12.135095,-9.512453,0
FRB20230826A,-35.821583,-8.76499,1
FRB20230826B,21.781353,0.9957318,1
FRB20230826C,-53.167385,-13.695092,1
FRB20230826D,18.41632,-6.735772,1
FRB20230826E,-40.853317,-40.717083,0
FRB20230827A,-33.831673,4.771498,0
FRB20230827B,-60.032986,-1.1942672,1
FRB20230827C,-50.01514,5.0281076,1
FRB20230827D,-29.61094,1.1753607,0
FRB20230828A,-41.16614,-40.31283,0
FRB20230828C,15.5444975,-8.740852,0
FRB20230828D,16.029213,-5.5460033,1
FRB20230829A,11.071657,-9.8057,1
FRB20230829B,-34.978104,24.779327,0
FRB20230830A,-39.911007,17.546715,0
FRB20230831A,28.257807,-16.956367,0
FRB20230831B,-52.80065,-8.161644,1
FRB20230831C,-41.855087,-40.73852,0
FRB20230831D,-40.60287,32.924484,0
FRB20230831E,-37.89374,-45.999683,0
FRB20230901A,-59.244072,1.6564537,1
FRB20230901B,-37.86417,19.142195,0
FRB20230902B,-42.109467,-40.82371,1
FRB20230902C,-40.870125,12.174761,0
FRB20230903A,-60.10292,1.9189492,1
FRB20230904A,-42.516003,-41.823948,0
FRB20230904B,-41.789173,-40.833267,1
FRB20230904C,-42.793503,3.4508824,0
FRB20230905A,27.701315,-11.9300785,0
FRB20230905B,-53.153328,-3.0787694,1
FRB20230905C,15.252835,-9.842402,0
FRB20230905D,18.8686,35.601906,0
FRB20230906A,-41.460304,-40.688416,0
FRB20230906B,-41.852154,-40.411125,0
FRB20230907A,-42.075405,-41.065075,1
FRB20230907B,-42.03642,-40.901154,1
FRB20230908A,15.786671,-6.5764465,1
FRB20230908B,-53.1072,-0.8023772,1
FRB20230908C,-59.30013,8.370567,0
FRB20230909A,-38.23938,-43.30284,0
FRB20230909B,-41.364174,-42.0032,1
FRB20230909C,-54.148273,-6.089022,1
FRB20230909D,24.149666,-12.10828,0
FRB20230909E,17.533672,-10.195304,0
FRB20230909F,-35.71793,23.686674,0
FRB20230910A,16.581644,-5.295761,1
FRB20230910B,-51.16039,-12.226673,1
FRB20230910C,16.709291,-5.2438574,0
FRB20230910D,-41.496227,8.575698,0
FRB20230911A,-35.67876,36.45134,0
FRB20230911B,-43.722637,-42.01567,0
FRB20230912A,-26.941252,-7.2031107,0
FRB20230912B,-41.213135,-44.431583,0
FRB20230912C,-34.604134,36.214233,0
FRB20230912D,-32.447086,-9.49988,1
FRB20230912E,-50.693886,-1.6319242,1
FRB20230912F,-8.670352,-6.7620163,0
FRB20230913A,32.065395,-12.26176,0
FRB20230913B,-49.540886,-1.3999071,1
FRB20230913C,-41.111244,-45.76953,1
FRB20230913D,-7.698418,-9.110829,0
FRB20230913E,-36.130203,-9.779443,1
FRB20230914A,-32.375046,0.90431184,1
FRB20230914B,-21.181522,-44.25133,1
FRB20230914C,32.521873,-19.426678,0
FRB20230915A,-38.44767,6.942935,0
FRB20230915B,-38.712856,-44.368645,0
FRB20230915C,-38.57913,-44.20718,0
FRB20230915D,-32.276737,1.8043337,0
FRB20230915E,-35.376194,14.160301,0
FRB20230915F,-26.551558,3.8883913,0
FRB20230915G,-39.65689,-44.184444,0
FRB20230915H,35.27596,-14.793627,0
